[Licensing::Module] Trying to connect to existing licensing client channel...
Built from '6000.3/staging' branch; Version is '6000.3.15f1 (c1aa84e375f6) revision 12692100'; Using compiler version '194234433'; Build Type 'Release'
[Licensing::IpcConnector] Successfully connected to: "LicenseClient-ghazi" at "2026-09-16T08:03:00.2346149Z"
OS: 'Windows 11  (10.0.26200) Professional' Language: 'en' Physical Memory: 16313 MB
BatchMode: 1, IsHumanControllingUs: 0, StartBugReporterOnCrash: 0, Is64bit: 1
System  architecture: x64
Process architecture: x64
Date: 2026-09-16T08:03:00Z
[Licensing::Client] Code 10 while verifying Licensing Client signature (process Id: 15716, path: "D:/Programs/Unity Hub/UnityLicensingClient_V1/Unity.Licensing.Client.exe")
[Licensing::Module] LicensingClient has failed validation; ignoring
[Licensing::Client] Handshaking with LicensingClient:
  Version:                 1.18.3+d7ffd15
  Session Id:              36ae4012bee54580ab9eaaed355e3556
  Correlation Id:          11089478f3a0773ddc218a98ee65a7f7
  External correlation Id: 2602558557128102139
  Machine Id:              VjnH+lg3zm+viUTGhcmUCkNV2IY=
[Licensing::Module] Successfully connected to LicensingClient on channel: "LicenseClient-ghazi" (connect: 0.00s, validation: 0.00s, handshake: 0.08s)
[Licensing::IpcConnector] Successfully connected to: "LicenseClient-ghazi-notifications" at "2026-09-16T08:03:00.317798Z"
[Licensing::Module] Licensing Background thread has ended after 0.08s

COMMAND LINE ARGUMENTS:
D:\Programs\Untiy Software\6000.3.15f1\Editor\Unity.exe
-adb2
-batchMode
-noUpm
-name
AssetImportWorker2
-projectPath
D:/Dev/Unity Projects/Protecting-the-Orbital-Corridor
-logFile
Logs/AssetImportWorker2.log
-srvPort
57948
-licensingIpc
LicenseClient-ghazi
-job-worker-count
5
-background-job-worker-count
8
-gc-helper-count
1
-name
AssetImport
Successfully changed project path to: D:/Dev/Unity Projects/Protecting-the-Orbital-Corridor
D:/Dev/Unity Projects/Protecting-the-Orbital-Corridor
[UnityMemory] Configuration Parameters - Can be set up in boot.config
    "memorysetup-temp-allocator-size-nav-mesh-worker=65536"
    "memorysetup-temp-allocator-size-audio-worker=65536"
    "memorysetup-temp-allocator-size-gfx=262144"
    "memorysetup-allocator-temp-initial-block-size-main=262144"
    "memorysetup-allocator-temp-initial-block-size-worker=262144"
    "memorysetup-temp-allocator-size-background-worker=32768"
    "memorysetup-temp-allocator-size-job-worker=262144"
    "memorysetup-temp-allocator-size-preload-manager=33554432"
    "memorysetup-temp-allocator-size-gi-baking-worker=262144"
    "memorysetup-temp-allocator-size-gi-baking-worker=262144"
    "memorysetup-temp-allocator-size-gi-baking-worker=262144"
    "memorysetup-temp-allocator-size-gi-baking-worker=262144"
    "memorysetup-temp-allocator-size-gi-baking-worker=262144"
    "memorysetup-bucket-allocator-granularity=16"
    "memorysetup-bucket-allocator-bucket-count=8"
    "memorysetup-bucket-allocator-block-size=33554432"
    "memorysetup-bucket-allocator-block-count=8"
    "memorysetup-main-allocator-block-size=16777216"
    "memorysetup-thread-allocator-block-size=16777216"
    "memorysetup-gfx-main-allocator-block-size=16777216"
    "memorysetup-gfx-thread-allocator-block-size=16777216"
    "memorysetup-cache-allocator-block-size=4194304"
    "memorysetup-typetree-allocator-block-size=2097152"
    "memorysetup-profiler-bucket-allocator-granularity=16"
    "memorysetup-profiler-bucket-allocator-bucket-count=8"
    "memorysetup-profiler-bucket-allocator-block-size=33554432"
    "memorysetup-profiler-bucket-allocator-block-count=8"
    "memorysetup-profiler-allocator-block-size=16777216"
    "memorysetup-profiler-editor-allocator-block-size=1048576"
    "memorysetup-temp-allocator-size-main=16777216"
    "memorysetup-job-temp-allocator-block-size=2097152"
    "memorysetup-job-temp-allocator-block-size-background=1048576"
    "memorysetup-job-temp-allocator-reduction-small-platforms=262144"
    "memorysetup-temp-allocator-size-cloud-worker=32768"
Player connection [21908]  Target information:

Player connection [21908]  * "[IP] 192.168.100.43 [Port] 0 [Flags] 2 [Guid] 3005935834 [EditorId] 3005935834 [Version] 1048832 [Id] WindowsEditor(7,SecHex-Y7I79F7) [Debug] 1 [PackageName] WindowsEditor [ProjectName] Editor" 

Player connection [21908] Host joined multi-casting on [225.0.0.222:54997]...
Player connection [21908] Host joined alternative multi-casting on [225.0.0.222:34997]...
JobSystem: Creating JobQueue using job-worker-count value 5
Input System module state changed to: Initialized.
[Physics::Module] Initialized fallback backend.
[Physics::Module] Id: 0xdecafbad
Library Redirect Path: Library/
[Physics::Module] Selected backend.
[Physics::Module] Name: PhysX
[Physics::Module] Id: 0xf2b8ea05
[Physics::Module] SDK Version: 4.1.2
[Physics::Module] Integration Version: 1.0.0
[Physics::Module] Threading Mode: Multi-Threaded
Refreshing native plugins compatible for Editor in 720.48 ms, found 5 plugins.
Preloading 0 native plugins for Editor in 0.00 ms.
Initialize engine version: 6000.3.15f1 (c1aa84e375f6)
[Subsystems] Discovering subsystems at path D:/Programs/Untiy Software/6000.3.15f1/Editor/Data/Resources/UnitySubsystems
[Subsystems] Discovering subsystems at path D:/Dev/Unity Projects/Protecting-the-Orbital-Corridor/Assets
GfxDevice: creating device client; kGfxThreadingModeNonThreaded
Direct3D:
    Version:  Direct3D 11.0 [level 11.1]
    Renderer: NVIDIA GeForce GTX 1660 SUPER (ID=0x21c4)
    Vendor:   NVIDIA
    VRAM:     5966 MB
    Driver:   32.0.16.1664
Initialize mono
Mono path[0] = 'D:/Programs/Untiy Software/6000.3.15f1/Editor/Data/Managed'
Mono path[1] = 'D:/Programs/Untiy Software/6000.3.15f1/Editor/Data/MonoBleedingEdge/lib/mono/unityjit-win32'
Mono config path = 'D:/Programs/Untiy Software/6000.3.15f1/Editor/Data/MonoBleedingEdge/etc'
Using monoOptions --debugger-agent=transport=dt_socket,embedding=1,server=y,suspend=n,address=127.0.0.1:56036
Begin MonoManager ReloadAssembly
Registering precompiled unity dll's ...
Register platform support module: D:/Programs/Untiy Software/6000.3.15f1/Editor/Data/PlaybackEngines/WindowsStandaloneSupport/UnityEditor.WindowsStandalone.Extensions.dll
Registered in 0.001530 seconds.
- Loaded All Assemblies, in  1.595 seconds
Native extension for WindowsStandalone target not found
Package Manager log level set to [2]
[Package Manager] Failed to launch server process. Reason: Unity was launched with the -noUpm command-line argument
[Package Manager] Unable to send message (not connected to server process).
[Package Manager] Cannot connect to Unity Package Manager local server
ScheduleIndexationOnStartup MainProcess:False IndexOnStartup:True
Mono: successfully reloaded assembly
- Finished resetting the current domain, in  1.005 seconds
Domain Reload Profiling: 2600ms
	BeginReloadAssembly (198ms)
		ExecutionOrderSort (0ms)
		DisableScriptedObjects (0ms)
		BackupInstance (0ms)
		ReleaseScriptingObjects (0ms)
		CreateAndSetChildDomain (1ms)
	RebuildCommonClasses (192ms)
	RebuildNativeTypeToScriptingClass (15ms)
	initialDomainReloadingComplete (46ms)
	LoadAllAssembliesAndSetupDomain (1143ms)
		LoadAssemblies (197ms)
		RebuildTransferFunctionScriptingTraits (0ms)
		AnalyzeDomain (1140ms)
			TypeCache.Refresh (1137ms)
				TypeCache.ScanAssembly (937ms)
			BuildScriptInfoCaches (0ms)
			ResolveRequiredComponents (1ms)
	FinalizeReload (1006ms)
		ReleaseScriptCaches (0ms)
		RebuildScriptCaches (0ms)
		SetupLoadedEditorAssemblies (933ms)
			LogAssemblyErrors (0ms)
			InitializePlatformSupportModulesInManaged (71ms)
			SetLoadedEditorAssemblies (7ms)
			BeforeProcessingInitializeOnLoad (154ms)
			ProcessInitializeOnLoadAttributes (207ms)
			ProcessInitializeOnLoadMethodAttributes (494ms)
			AfterProcessingInitializeOnLoad (0ms)
			EditorAssembliesLoaded (0ms)
		ExecutionOrderSort2 (0ms)
		AwakeInstancesAfterBackupRestoration (0ms)
========================================================================
Worker process is ready to serve import requests
Import Worker Mode flag is 0x00
Begin MonoManager ReloadAssembly
[Licensing::Client] Successfully resolved entitlement details
[Licensing::Module] License group:
  Id: 18968265539601-UnityPersXXXX
  Product: Unity Personal
  Type: Assigned
  Expiration: Unlimited
- Loaded All Assemblies, in  0.993 seconds
Refreshing native plugins compatible for Editor in 2.39 ms, found 5 plugins.
Native extension for WindowsStandalone target not found
[Package Manager] Failed to launch server process. Reason: Unity was launched with the -noUpm command-line argument
[Package Manager] Unable to send message (not connected to server process).
[Package Manager] Cannot connect to Unity Package Manager local server
Refreshing native plugins compatible for Editor in 2.92 ms, found 5 plugins.
[Package Manager] Failed to launch server process. Reason: Unity was launched with the -noUpm command-line argument
[Package Manager] Unable to send message (not connected to server process).
[Package Manager] Cannot connect to Unity Package Manager local server
ScheduleIndexationOnStartup MainProcess:False IndexOnStartup:True
Mono: successfully reloaded assembly
- Finished resetting the current domain, in  1.339 seconds
Domain Reload Profiling: 2332ms
	BeginReloadAssembly (212ms)
		ExecutionOrderSort (0ms)
		DisableScriptedObjects (6ms)
		BackupInstance (0ms)
		ReleaseScriptingObjects (0ms)
		CreateAndSetChildDomain (28ms)
	RebuildCommonClasses (43ms)
	RebuildNativeTypeToScriptingClass (15ms)
	initialDomainReloadingComplete (42ms)
	LoadAllAssembliesAndSetupDomain (680ms)
		LoadAssemblies (477ms)
		RebuildTransferFunctionScriptingTraits (0ms)
		AnalyzeDomain (335ms)
			TypeCache.Refresh (224ms)
				TypeCache.ScanAssembly (207ms)
			BuildScriptInfoCaches (93ms)
			ResolveRequiredComponents (12ms)
	FinalizeReload (1340ms)
		ReleaseScriptCaches (0ms)
		RebuildScriptCaches (0ms)
		SetupLoadedEditorAssemblies (1022ms)
			LogAssemblyErrors (0ms)
			InitializePlatformSupportModulesInManaged (2ms)
			SetLoadedEditorAssemblies (5ms)
			BeforeProcessingInitializeOnLoad (162ms)
			ProcessInitializeOnLoadAttributes (395ms)
			ProcessInitializeOnLoadMethodAttributes (456ms)
			AfterProcessingInitializeOnLoad (2ms)
			EditorAssembliesLoaded (0ms)
		ExecutionOrderSort2 (0ms)
		AwakeInstancesAfterBackupRestoration (6ms)
Launched and connected shader compiler UnityShaderCompiler.exe after 0.13 seconds
Refreshing native plugins compatible for Editor in 2.55 ms, found 5 plugins.
Preloading 0 native plugins for Editor in 0.00 ms.
Unloading 16 Unused Serialized files (Serialized files now loaded: 0)
Unloading 7191 unused Assets / (4.9 MB). Loaded Objects now: 8016.
Memory consumption went from 156.7 MB to 151.8 MB.
Total: 12.033400 ms (FindLiveObjects: 1.016300 ms CreateObjectMapping: 0.410100 ms MarkObjects: 6.705300 ms  DeleteObjects: 3.899300 ms)

========================================================================
Received Prepare
Begin MonoManager ReloadAssembly
- Loaded All Assemblies, in  1.014 seconds
Refreshing native plugins compatible for Editor in 2.54 ms, found 5 plugins.
Native extension for WindowsStandalone target not found
[Package Manager] Failed to launch server process. Reason: Unity was launched with the -noUpm command-line argument
[Package Manager] Unable to send message (not connected to server process).
[Package Manager] Cannot connect to Unity Package Manager local server
[Package Manager] Failed to launch server process. Reason: Unity was launched with the -noUpm command-line argument
[Package Manager] Unable to send message (not connected to server process).
[Package Manager] Cannot connect to Unity Package Manager local server
ScheduleIndexationOnStartup MainProcess:False IndexOnStartup:True
Mono: successfully reloaded assembly
- Finished resetting the current domain, in  0.960 seconds
Domain Reload Profiling: 1977ms
	BeginReloadAssembly (343ms)
		ExecutionOrderSort (0ms)
		DisableScriptedObjects (23ms)
		BackupInstance (0ms)
		ReleaseScriptingObjects (0ms)
		CreateAndSetChildDomain (64ms)
	RebuildCommonClasses (49ms)
	RebuildNativeTypeToScriptingClass (19ms)
	initialDomainReloadingComplete (37ms)
	LoadAllAssembliesAndSetupDomain (568ms)
		LoadAssemblies (497ms)
		RebuildTransferFunctionScriptingTraits (0ms)
		AnalyzeDomain (263ms)
			TypeCache.Refresh (12ms)
				TypeCache.ScanAssembly (0ms)
			BuildScriptInfoCaches (231ms)
			ResolveRequiredComponents (14ms)
	FinalizeReload (961ms)
		ReleaseScriptCaches (0ms)
		RebuildScriptCaches (0ms)
		SetupLoadedEditorAssemblies (751ms)
			LogAssemblyErrors (0ms)
			InitializePlatformSupportModulesInManaged (3ms)
			SetLoadedEditorAssemblies (6ms)
			BeforeProcessingInitializeOnLoad (183ms)
			ProcessInitializeOnLoadAttributes (439ms)
			ProcessInitializeOnLoadMethodAttributes (117ms)
			AfterProcessingInitializeOnLoad (3ms)
			EditorAssembliesLoaded (1ms)
		ExecutionOrderSort2 (0ms)
		AwakeInstancesAfterBackupRestoration (25ms)
Refreshing native plugins compatible for Editor in 3.69 ms, found 5 plugins.
Preloading 0 native plugins for Editor in 0.00 ms.
Unloading 16 Unused Serialized files (Serialized files now loaded: 0)
Unloading 7189 unused Assets / (4.2 MB). Loaded Objects now: 8020.
Memory consumption went from 157.4 MB to 153.2 MB.
Total: 15.806200 ms (FindLiveObjects: 1.589900 ms CreateObjectMapping: 1.797700 ms MarkObjects: 8.840600 ms  DeleteObjects: 3.575900 ms)

Prepare: number of updated asset objects reloaded= 0
========================================================================
Received Import Request.
  Time since last request: 11016.777029 seconds.
  path: Assets/Scripts/UI/RoleControlUI.cs
  artifactKey: Guid(42b3537e768e883489c548edeea61857) Importer(815301076,1909f56bfc062723c751e8b465ee728b)
Start importing Assets/Scripts/UI/RoleControlUI.cs using Guid(42b3537e768e883489c548edeea61857) Importer(815301076,1909f56bfc062723c751e8b465ee728b) (PreviewImporter) -> (artifact id: 'c23de5b6d00f3718cdf3f2c6dd4afe56') in 0.0375245 seconds
Number of updated asset objects reloaded before import = 0Number of asset objects unloaded after import = 0

========================================================================
Received Import Request.
  Time since last request: 1372.804700 seconds.
  path: Assets/Settings/TextMesh Pro/Resources/Fonts & Materials/LiberationSans SDF - Fallback.asset
  artifactKey: Guid(2e498d1c8094910479dc3e1b768306a4) Importer(815301076,1909f56bfc062723c751e8b465ee728b)
Start importing Assets/Settings/TextMesh Pro/Resources/Fonts & Materials/LiberationSans SDF - Fallback.asset using Guid(2e498d1c8094910479dc3e1b768306a4) Importer(815301076,1909f56bfc062723c751e8b465ee728b) (PreviewImporter) -> (artifact id: '4940a128d63ba5de9fb80326ef71187f') in 0.7169904 seconds
Number of updated asset objects reloaded before import = 0Number of asset objects unloaded after import = 6

========================================================================
Received Prepare
Refreshing native plugins compatible for Editor in 2.47 ms, found 5 plugins.
Preloading 0 native plugins for Editor in 0.00 ms.
Unloading 16 Unused Serialized files (Serialized files now loaded: 0)
Unloading 7174 unused Assets / (4.4 MB). Loaded Objects now: 8160.
Memory consumption went from 160.9 MB to 156.5 MB.
Total: 17.739800 ms (FindLiveObjects: 1.658300 ms CreateObjectMapping: 0.667600 ms MarkObjects: 11.681900 ms  DeleteObjects: 3.730000 ms)

Prepare: number of updated asset objects reloaded= 0
========================================================================
Received Prepare
Begin MonoManager ReloadAssembly
[Licensing::Client] Successfully resolved entitlement details
- Loaded All Assemblies, in  1.422 seconds
Refreshing native plugins compatible for Editor in 3.44 ms, found 5 plugins.
Native extension for WindowsStandalone target not found
[Package Manager] Failed to launch server process. Reason: Unity was launched with the -noUpm command-line argument
[Package Manager] Unable to send message (not connected to server process).
[Package Manager] Cannot connect to Unity Package Manager local server
[Package Manager] Failed to launch server process. Reason: Unity was launched with the -noUpm command-line argument
[Package Manager] Unable to send message (not connected to server process).
[Package Manager] Cannot connect to Unity Package Manager local server
ScheduleIndexationOnStartup MainProcess:False IndexOnStartup:True
Mono: successfully reloaded assembly
- Finished resetting the current domain, in  1.069 seconds
Domain Reload Profiling: 2496ms
	BeginReloadAssembly (416ms)
		ExecutionOrderSort (0ms)
		DisableScriptedObjects (50ms)
		BackupInstance (0ms)
		ReleaseScriptingObjects (0ms)
		CreateAndSetChildDomain (94ms)
	RebuildCommonClasses (59ms)
	RebuildNativeTypeToScriptingClass (24ms)
	initialDomainReloadingComplete (39ms)
	LoadAllAssembliesAndSetupDomain (889ms)
		LoadAssemblies (669ms)
		RebuildTransferFunctionScriptingTraits (0ms)
		AnalyzeDomain (406ms)
			TypeCache.Refresh (15ms)
				TypeCache.ScanAssembly (1ms)
			BuildScriptInfoCaches (364ms)
			ResolveRequiredComponents (19ms)
	FinalizeReload (1070ms)
		ReleaseScriptCaches (0ms)
		RebuildScriptCaches (0ms)
		SetupLoadedEditorAssemblies (831ms)
			LogAssemblyErrors (0ms)
			InitializePlatformSupportModulesInManaged (3ms)
			SetLoadedEditorAssemblies (9ms)
			BeforeProcessingInitializeOnLoad (218ms)
			ProcessInitializeOnLoadAttributes (488ms)
			ProcessInitializeOnLoadMethodAttributes (111ms)
			AfterProcessingInitializeOnLoad (2ms)
			EditorAssembliesLoaded (0ms)
		ExecutionOrderSort2 (0ms)
		AwakeInstancesAfterBackupRestoration (20ms)
Refreshing native plugins compatible for Editor in 3.69 ms, found 5 plugins.
Preloading 0 native plugins for Editor in 0.00 ms.
Unloading 16 Unused Serialized files (Serialized files now loaded: 0)
Unloading 7189 unused Assets / (4.3 MB). Loaded Objects now: 8090.
Memory consumption went from 160.0 MB to 155.6 MB.
Total: 12.682000 ms (FindLiveObjects: 1.298400 ms CreateObjectMapping: 0.630400 ms MarkObjects: 7.534300 ms  DeleteObjects: 3.217000 ms)

Prepare: number of updated asset objects reloaded= 0
========================================================================
Received Prepare
Refreshing native plugins compatible for Editor in 2.55 ms, found 5 plugins.
Preloading 0 native plugins for Editor in 0.00 ms.
Unloading 16 Unused Serialized files (Serialized files now loaded: 0)
Unloading 7174 unused Assets / (4.6 MB). Loaded Objects now: 8090.
Memory consumption went from 159.9 MB to 155.4 MB.
Total: 13.714000 ms (FindLiveObjects: 1.315400 ms CreateObjectMapping: 0.564600 ms MarkObjects: 8.127400 ms  DeleteObjects: 3.704900 ms)

Prepare: number of updated asset objects reloaded= 0
========================================================================
Received Prepare
Begin MonoManager ReloadAssembly
- Loaded All Assemblies, in  1.067 seconds
Refreshing native plugins compatible for Editor in 2.47 ms, found 5 plugins.
Native extension for WindowsStandalone target not found
[Package Manager] Failed to launch server process. Reason: Unity was launched with the -noUpm command-line argument
[Package Manager] Unable to send message (not connected to server process).
[Package Manager] Cannot connect to Unity Package Manager local server
[Package Manager] Failed to launch server process. Reason: Unity was launched with the -noUpm command-line argument
[Package Manager] Unable to send message (not connected to server process).
[Package Manager] Cannot connect to Unity Package Manager local server
ScheduleIndexationOnStartup MainProcess:False IndexOnStartup:True
Mono: successfully reloaded assembly
- Finished resetting the current domain, in  0.987 seconds
Domain Reload Profiling: 2056ms
	BeginReloadAssembly (315ms)
		ExecutionOrderSort (0ms)
		DisableScriptedObjects (24ms)
		BackupInstance (0ms)
		ReleaseScriptingObjects (0ms)
		CreateAndSetChildDomain (63ms)
	RebuildCommonClasses (51ms)
	RebuildNativeTypeToScriptingClass (24ms)
	initialDomainReloadingComplete (38ms)
	LoadAllAssembliesAndSetupDomain (640ms)
		LoadAssemblies (489ms)
		RebuildTransferFunctionScriptingTraits (0ms)
		AnalyzeDomain (312ms)
			TypeCache.Refresh (12ms)
				TypeCache.ScanAssembly (0ms)
			BuildScriptInfoCaches (280ms)
			ResolveRequiredComponents (12ms)
	FinalizeReload (987ms)
		ReleaseScriptCaches (0ms)
		RebuildScriptCaches (0ms)
		SetupLoadedEditorAssemblies (751ms)
			LogAssemblyErrors (0ms)
			InitializePlatformSupportModulesInManaged (3ms)
			SetLoadedEditorAssemblies (7ms)
			BeforeProcessingInitializeOnLoad (175ms)
			ProcessInitializeOnLoadAttributes (464ms)
			ProcessInitializeOnLoadMethodAttributes (98ms)
			AfterProcessingInitializeOnLoad (3ms)
			EditorAssembliesLoaded (0ms)
		ExecutionOrderSort2 (0ms)
		AwakeInstancesAfterBackupRestoration (23ms)
Refreshing native plugins compatible for Editor in 3.54 ms, found 5 plugins.
Preloading 0 native plugins for Editor in 0.00 ms.
Unloading 16 Unused Serialized files (Serialized files now loaded: 0)
Unloading 7189 unused Assets / (4.5 MB). Loaded Objects now: 8093.
Memory consumption went from 159.9 MB to 155.3 MB.
Total: 11.628100 ms (FindLiveObjects: 1.329000 ms CreateObjectMapping: 0.617500 ms MarkObjects: 6.136200 ms  DeleteObjects: 3.543900 ms)

Prepare: number of updated asset objects reloaded= 0
========================================================================
Received Import Request.
  Time since last request: 1996.016587 seconds.
  path: Assets/Scripts/UI/RoleControlUI.cs
  artifactKey: Guid(42b3537e768e883489c548edeea61857) Importer(2089858483,b0f066a214c2f5e87bad3c948f4d605d)
Start importing Assets/Scripts/UI/RoleControlUI.cs using Guid(42b3537e768e883489c548edeea61857) Importer(2089858483,b0f066a214c2f5e87bad3c948f4d605d) (ScriptedImporter) -> (artifact id: 'e448abaca2f162cc76622322cd6f9212') in 0.1368566 seconds
Number of updated asset objects reloaded before import = 0Number of asset objects unloaded after import = 0

========================================================================
Received Prepare
Refreshing native plugins compatible for Editor in 2.67 ms, found 5 plugins.
Preloading 0 native plugins for Editor in 0.00 ms.
Unloading 16 Unused Serialized files (Serialized files now loaded: 0)
Unloading 7175 unused Assets / (4.8 MB). Loaded Objects now: 8094.
Memory consumption went from 160.0 MB to 155.2 MB.
Total: 12.384100 ms (FindLiveObjects: 1.183700 ms CreateObjectMapping: 0.758200 ms MarkObjects: 6.624200 ms  DeleteObjects: 3.816200 ms)

Prepare: number of updated asset objects reloaded= 0
========================================================================
Received Import Request.
  Time since last request: 6.336763 seconds.
  path: Assets/Scripts/UI/PlayerPanelUI.cs
  artifactKey: Guid(afacdfdfe7572954f85b60af6e8dda54) Importer(815301076,1909f56bfc062723c751e8b465ee728b)
Start importing Assets/Scripts/UI/PlayerPanelUI.cs using Guid(afacdfdfe7572954f85b60af6e8dda54) Importer(815301076,1909f56bfc062723c751e8b465ee728b) (PreviewImporter) -> (artifact id: '200636b1348c909903395a7094aa3e9a') in 0.0085751 seconds
Number of updated asset objects reloaded before import = 0Number of asset objects unloaded after import = 0

========================================================================
Received Import Request.
  Time since last request: 0.699276 seconds.
  path: Assets/Scripts/UI/PlayerPanelUI.cs
  artifactKey: Guid(afacdfdfe7572954f85b60af6e8dda54) Importer(2089858483,b0f066a214c2f5e87bad3c948f4d605d)
Start importing Assets/Scripts/UI/PlayerPanelUI.cs using Guid(afacdfdfe7572954f85b60af6e8dda54) Importer(2089858483,b0f066a214c2f5e87bad3c948f4d605d) (ScriptedImporter) -> (artifact id: 'f07a5cecb32b5753cdfbbd65a4d92328') in 0.0121614 seconds
Number of updated asset objects reloaded before import = 0Number of asset objects unloaded after import = 0

========================================================================
Received Prepare
Begin MonoManager ReloadAssembly
[Licensing::Client] Successfully resolved entitlement details
- Loaded All Assemblies, in  1.154 seconds
Refreshing native plugins compatible for Editor in 2.69 ms, found 5 plugins.
Native extension for WindowsStandalone target not found
[Package Manager] Failed to launch server process. Reason: Unity was launched with the -noUpm command-line argument
[Package Manager] Unable to send message (not connected to server process).
[Package Manager] Cannot connect to Unity Package Manager local server
[Package Manager] Failed to launch server process. Reason: Unity was launched with the -noUpm command-line argument
[Package Manager] Unable to send message (not connected to server process).
[Package Manager] Cannot connect to Unity Package Manager local server
ScheduleIndexationOnStartup MainProcess:False IndexOnStartup:True
Mono: successfully reloaded assembly
- Finished resetting the current domain, in  1.059 seconds
Domain Reload Profiling: 2219ms
	BeginReloadAssembly (359ms)
		ExecutionOrderSort (0ms)
		DisableScriptedObjects (19ms)
		BackupInstance (0ms)
		ReleaseScriptingObjects (0ms)
		CreateAndSetChildDomain (71ms)
	RebuildCommonClasses (69ms)
	RebuildNativeTypeToScriptingClass (25ms)
	initialDomainReloadingComplete (41ms)
	LoadAllAssembliesAndSetupDomain (666ms)
		LoadAssemblies (563ms)
		RebuildTransferFunctionScriptingTraits (0ms)
		AnalyzeDomain (296ms)
			TypeCache.Refresh (14ms)
				TypeCache.ScanAssembly (0ms)
			BuildScriptInfoCaches (263ms)
			ResolveRequiredComponents (13ms)
	FinalizeReload (1060ms)
		ReleaseScriptCaches (0ms)
		RebuildScriptCaches (0ms)
		SetupLoadedEditorAssemblies (802ms)
			LogAssemblyErrors (0ms)
			InitializePlatformSupportModulesInManaged (3ms)
			SetLoadedEditorAssemblies (7ms)
			BeforeProcessingInitializeOnLoad (216ms)
			ProcessInitializeOnLoadAttributes (469ms)
			ProcessInitializeOnLoadMethodAttributes (103ms)
			AfterProcessingInitializeOnLoad (3ms)
			EditorAssembliesLoaded (1ms)
		ExecutionOrderSort2 (0ms)
		AwakeInstancesAfterBackupRestoration (24ms)
Refreshing native plugins compatible for Editor in 3.59 ms, found 5 plugins.
Preloading 0 native plugins for Editor in 0.00 ms.
Unloading 16 Unused Serialized files (Serialized files now loaded: 0)
Unloading 7190 unused Assets / (4.6 MB). Loaded Objects now: 8097.
Memory consumption went from 160.0 MB to 155.4 MB.
Total: 14.508100 ms (FindLiveObjects: 1.412200 ms CreateObjectMapping: 1.590700 ms MarkObjects: 7.018200 ms  DeleteObjects: 4.485100 ms)

Prepare: number of updated asset objects reloaded= 0
========================================================================
Received Import Request.
  Time since last request: 9.414342 seconds.
  path: Assets/Scripts/UI/PlayerPanelUI.cs
  artifactKey: Guid(afacdfdfe7572954f85b60af6e8dda54) Importer(815301076,1909f56bfc062723c751e8b465ee728b)
Start importing Assets/Scripts/UI/PlayerPanelUI.cs using Guid(afacdfdfe7572954f85b60af6e8dda54) Importer(815301076,1909f56bfc062723c751e8b465ee728b) (PreviewImporter) -> (artifact id: '00000000000000000000000000000000') in 0.0104898 seconds
Import Error Code:(4)
Message: Build asset version error: assets/scripts/ui/playerpanelui.cs in SourceAssetDB has modification time of '2026-09-16T09:00:09.2695907Z' while content on disk has modification time of '2026-09-16T09:00:15.7744939Z'
  ERROR: Build asset version error: assets/scripts/ui/playerpanelui.cs in SourceAssetDB has modification time of '2026-09-16T09:00:09.2695907Z' while content on disk has modification time of '2026-09-16T09:00:15.7744939Z'
Number of updated asset objects reloaded before import = 0Number of asset objects unloaded after import = 0

========================================================================
Received Import Request.
  Time since last request: 0.000025 seconds.
  path: Assets/Scripts/UI/PlayerPanelUI.cs
  artifactKey: Guid(afacdfdfe7572954f85b60af6e8dda54) Importer(815301076,1909f56bfc062723c751e8b465ee728b)
Start importing Assets/Scripts/UI/PlayerPanelUI.cs using Guid(afacdfdfe7572954f85b60af6e8dda54) Importer(815301076,1909f56bfc062723c751e8b465ee728b) (PreviewImporter) -> (artifact id: '00000000000000000000000000000000') in 0.000762 seconds
Import Error Code:(4)
Message: Build asset version error: assets/scripts/ui/playerpanelui.cs in SourceAssetDB has modification time of '2026-09-16T09:00:09.2695907Z' while content on disk has modification time of '2026-09-16T09:00:15.7744939Z'
  ERROR: Build asset version error: assets/scripts/ui/playerpanelui.cs in SourceAssetDB has modification time of '2026-09-16T09:00:09.2695907Z' while content on disk has modification time of '2026-09-16T09:00:15.7744939Z'
Number of updated asset objects reloaded before import = 0Number of asset objects unloaded after import = 0

========================================================================
Received Import Request.
  Time since last request: 0.000019 seconds.
  path: Assets/Scripts/UI/PlayerPanelUI.cs
  artifactKey: Guid(afacdfdfe7572954f85b60af6e8dda54) Importer(815301076,1909f56bfc062723c751e8b465ee728b)
Start importing Assets/Scripts/UI/PlayerPanelUI.cs using Guid(afacdfdfe7572954f85b60af6e8dda54) Importer(815301076,1909f56bfc062723c751e8b465ee728b) (PreviewImporter) -> (artifact id: '00000000000000000000000000000000') in 0.0005968 seconds
Import Error Code:(4)
Message: Build asset version error: assets/scripts/ui/playerpanelui.cs in SourceAssetDB has modification time of '2026-09-16T09:00:09.2695907Z' while content on disk has modification time of '2026-09-16T09:00:15.7744939Z'
  ERROR: Build asset version error: assets/scripts/ui/playerpanelui.cs in SourceAssetDB has modification time of '2026-09-16T09:00:09.2695907Z' while content on disk has modification time of '2026-09-16T09:00:15.7744939Z'
Number of updated asset objects reloaded before import = 0Number of asset objects unloaded after import = 0

========================================================================
Received Import Request.
  Time since last request: 0.000018 seconds.
  path: Assets/Scripts/UI/PlayerPanelUI.cs
  artifactKey: Guid(afacdfdfe7572954f85b60af6e8dda54) Importer(815301076,1909f56bfc062723c751e8b465ee728b)
Start importing Assets/Scripts/UI/PlayerPanelUI.cs using Guid(afacdfdfe7572954f85b60af6e8dda54) Importer(815301076,1909f56bfc062723c751e8b465ee728b) (PreviewImporter) -> (artifact id: '00000000000000000000000000000000') in 0.0006349 seconds
Import Error Code:(4)
Message: Build asset version error: assets/scripts/ui/playerpanelui.cs in SourceAssetDB has modification time of '2026-09-16T09:00:09.2695907Z' while content on disk has modification time of '2026-09-16T09:00:15.7744939Z'
  ERROR: Build asset version error: assets/scripts/ui/playerpanelui.cs in SourceAssetDB has modification time of '2026-09-16T09:00:09.2695907Z' while content on disk has modification time of '2026-09-16T09:00:15.7744939Z'
Number of updated asset objects reloaded before import = 0Number of asset objects unloaded after import = 0

========================================================================
Received Import Request.
  Time since last request: 0.000020 seconds.
  path: Assets/Scripts/UI/PlayerPanelUI.cs
  artifactKey: Guid(afacdfdfe7572954f85b60af6e8dda54) Importer(815301076,1909f56bfc062723c751e8b465ee728b)
Start importing Assets/Scripts/UI/PlayerPanelUI.cs using Guid(afacdfdfe7572954f85b60af6e8dda54) Importer(815301076,1909f56bfc062723c751e8b465ee728b) (PreviewImporter) -> (artifact id: '00000000000000000000000000000000') in 0.000763 seconds
Import Error Code:(4)
Message: Build asset version error: assets/scripts/ui/playerpanelui.cs in SourceAssetDB has modification time of '2026-09-16T09:00:09.2695907Z' while content on disk has modification time of '2026-09-16T09:00:15.7744939Z'
  ERROR: Build asset version error: assets/scripts/ui/playerpanelui.cs in SourceAssetDB has modification time of '2026-09-16T09:00:09.2695907Z' while content on disk has modification time of '2026-09-16T09:00:15.7744939Z'
Number of updated asset objects reloaded before import = 0Number of asset objects unloaded after import = 0

========================================================================
Received Import Request.
  Time since last request: 0.000037 seconds.
  path: Assets/Scripts/UI/PlayerPanelUI.cs
  artifactKey: Guid(afacdfdfe7572954f85b60af6e8dda54) Importer(815301076,1909f56bfc062723c751e8b465ee728b)
Start importing Assets/Scripts/UI/PlayerPanelUI.cs using Guid(afacdfdfe7572954f85b60af6e8dda54) Importer(815301076,1909f56bfc062723c751e8b465ee728b) (PreviewImporter) -> (artifact id: '00000000000000000000000000000000') in 0.0006177 seconds
Import Error Code:(4)
Message: Build asset version error: assets/scripts/ui/playerpanelui.cs in SourceAssetDB has modification time of '2026-09-16T09:00:09.2695907Z' while content on disk has modification time of '2026-09-16T09:00:15.7744939Z'
  ERROR: Build asset version error: assets/scripts/ui/playerpanelui.cs in SourceAssetDB has modification time of '2026-09-16T09:00:09.2695907Z' while content on disk has modification time of '2026-09-16T09:00:15.7744939Z'
Number of updated asset objects reloaded before import = 0Number of asset objects unloaded after import = 0

========================================================================
Received Import Request.
  Time since last request: 0.000024 seconds.
  path: Assets/Scripts/UI/PlayerPanelUI.cs
  artifactKey: Guid(afacdfdfe7572954f85b60af6e8dda54) Importer(815301076,1909f56bfc062723c751e8b465ee728b)
Start importing Assets/Scripts/UI/PlayerPanelUI.cs using Guid(afacdfdfe7572954f85b60af6e8dda54) Importer(815301076,1909f56bfc062723c751e8b465ee728b) (PreviewImporter) -> (artifact id: '00000000000000000000000000000000') in 0.0006865 seconds
Import Error Code:(4)
Message: Build asset version error: assets/scripts/ui/playerpanelui.cs in SourceAssetDB has modification time of '2026-09-16T09:00:09.2695907Z' while content on disk has modification time of '2026-09-16T09:00:15.7744939Z'
  ERROR: Build asset version error: assets/scripts/ui/playerpanelui.cs in SourceAssetDB has modification time of '2026-09-16T09:00:09.2695907Z' while content on disk has modification time of '2026-09-16T09:00:15.7744939Z'
Number of updated asset objects reloaded before import = 0Number of asset objects unloaded after import = 0

========================================================================
Received Import Request.
  Time since last request: 0.000022 seconds.
  path: Assets/Scripts/UI/PlayerPanelUI.cs
  artifactKey: Guid(afacdfdfe7572954f85b60af6e8dda54) Importer(815301076,1909f56bfc062723c751e8b465ee728b)
Start importing Assets/Scripts/UI/PlayerPanelUI.cs using Guid(afacdfdfe7572954f85b60af6e8dda54) Importer(815301076,1909f56bfc062723c751e8b465ee728b) (PreviewImporter) -> (artifact id: '00000000000000000000000000000000') in 0.0007773 seconds
Import Error Code:(4)
Message: Build asset version error: assets/scripts/ui/playerpanelui.cs in SourceAssetDB has modification time of '2026-09-16T09:00:09.2695907Z' while content on disk has modification time of '2026-09-16T09:00:15.7744939Z'
  ERROR: Build asset version error: assets/scripts/ui/playerpanelui.cs in SourceAssetDB has modification time of '2026-09-16T09:00:09.2695907Z' while content on disk has modification time of '2026-09-16T09:00:15.7744939Z'
Number of updated asset objects reloaded before import = 0Number of asset objects unloaded after import = 0

========================================================================
Received Import Request.
  Time since last request: 0.000023 seconds.
  path: Assets/Scripts/UI/PlayerPanelUI.cs
  artifactKey: Guid(afacdfdfe7572954f85b60af6e8dda54) Importer(815301076,1909f56bfc062723c751e8b465ee728b)
Start importing Assets/Scripts/UI/PlayerPanelUI.cs using Guid(afacdfdfe7572954f85b60af6e8dda54) Importer(815301076,1909f56bfc062723c751e8b465ee728b) (PreviewImporter) -> (artifact id: '00000000000000000000000000000000') in 0.0006717 seconds
Import Error Code:(4)
Message: Build asset version error: assets/scripts/ui/playerpanelui.cs in SourceAssetDB has modification time of '2026-09-16T09:00:09.2695907Z' while content on disk has modification time of '2026-09-16T09:00:15.7744939Z'
  ERROR: Build asset version error: assets/scripts/ui/playerpanelui.cs in SourceAssetDB has modification time of '2026-09-16T09:00:09.2695907Z' while content on disk has modification time of '2026-09-16T09:00:15.7744939Z'
Number of updated asset objects reloaded before import = 0Number of asset objects unloaded after import = 0

========================================================================
Received Import Request.
  Time since last request: 0.000020 seconds.
  path: Assets/Scripts/UI/PlayerPanelUI.cs
  artifactKey: Guid(afacdfdfe7572954f85b60af6e8dda54) Importer(815301076,1909f56bfc062723c751e8b465ee728b)
Start importing Assets/Scripts/UI/PlayerPanelUI.cs using Guid(afacdfdfe7572954f85b60af6e8dda54) Importer(815301076,1909f56bfc062723c751e8b465ee728b) (PreviewImporter) -> (artifact id: '00000000000000000000000000000000') in 0.0006092 seconds
Import Error Code:(4)
Message: Build asset version error: assets/scripts/ui/playerpanelui.cs in SourceAssetDB has modification time of '2026-09-16T09:00:09.2695907Z' while content on disk has modification time of '2026-09-16T09:00:15.7744939Z'
  ERROR: Build asset version error: assets/scripts/ui/playerpanelui.cs in SourceAssetDB has modification time of '2026-09-16T09:00:09.2695907Z' while content on disk has modification time of '2026-09-16T09:00:15.7744939Z'
Number of updated asset objects reloaded before import = 0Number of asset objects unloaded after import = 0

========================================================================
Received Import Request.
  Time since last request: 0.000033 seconds.
  path: Assets/Scripts/UI/PlayerPanelUI.cs
  artifactKey: Guid(afacdfdfe7572954f85b60af6e8dda54) Importer(815301076,1909f56bfc062723c751e8b465ee728b)
Start importing Assets/Scripts/UI/PlayerPanelUI.cs using Guid(afacdfdfe7572954f85b60af6e8dda54) Importer(815301076,1909f56bfc062723c751e8b465ee728b) (PreviewImporter) -> (artifact id: '00000000000000000000000000000000') in 0.0006388 seconds
Import Error Code:(4)
Message: Build asset version error: assets/scripts/ui/playerpanelui.cs in SourceAssetDB has modification time of '2026-09-16T09:00:09.2695907Z' while content on disk has modification time of '2026-09-16T09:00:15.7744939Z'
  ERROR: Build asset version error: assets/scripts/ui/playerpanelui.cs in SourceAssetDB has modification time of '2026-09-16T09:00:09.2695907Z' while content on disk has modification time of '2026-09-16T09:00:15.7744939Z'
Number of updated asset objects reloaded before import = 0Number of asset objects unloaded after import = 0

========================================================================
Received Import Request.
  Time since last request: 0.000018 seconds.
  path: Assets/Scripts/UI/PlayerPanelUI.cs
  artifactKey: Guid(afacdfdfe7572954f85b60af6e8dda54) Importer(815301076,1909f56bfc062723c751e8b465ee728b)
Start importing Assets/Scripts/UI/PlayerPanelUI.cs using Guid(afacdfdfe7572954f85b60af6e8dda54) Importer(815301076,1909f56bfc062723c751e8b465ee728b) (PreviewImporter) -> (artifact id: '00000000000000000000000000000000') in 0.0007521 seconds
Import Error Code:(4)
Message: Build asset version error: assets/scripts/ui/playerpanelui.cs in SourceAssetDB has modification time of '2026-09-16T09:00:09.2695907Z' while content on disk has modification time of '2026-09-16T09:00:15.7744939Z'
  ERROR: Build asset version error: assets/scripts/ui/playerpanelui.cs in SourceAssetDB has modification time of '2026-09-16T09:00:09.2695907Z' while content on disk has modification time of '2026-09-16T09:00:15.7744939Z'
Number of updated asset objects reloaded before import = 0Number of asset objects unloaded after import = 0

========================================================================
Received Import Request.
  Time since last request: 0.000022 seconds.
  path: Assets/Scripts/UI/PlayerPanelUI.cs
  artifactKey: Guid(afacdfdfe7572954f85b60af6e8dda54) Importer(815301076,1909f56bfc062723c751e8b465ee728b)
Start importing Assets/Scripts/UI/PlayerPanelUI.cs using Guid(afacdfdfe7572954f85b60af6e8dda54) Importer(815301076,1909f56bfc062723c751e8b465ee728b) (PreviewImporter) -> (artifact id: '00000000000000000000000000000000') in 0.0007531 seconds
Import Error Code:(4)
Message: Build asset version error: assets/scripts/ui/playerpanelui.cs in SourceAssetDB has modification time of '2026-09-16T09:00:09.2695907Z' while content on disk has modification time of '2026-09-16T09:00:15.7744939Z'
  ERROR: Build asset version error: assets/scripts/ui/playerpanelui.cs in SourceAssetDB has modification time of '2026-09-16T09:00:09.2695907Z' while content on disk has modification time of '2026-09-16T09:00:15.7744939Z'
Number of updated asset objects reloaded before import = 0Number of asset objects unloaded after import = 0

========================================================================
Received Import Request.
  Time since last request: 0.000018 seconds.
  path: Assets/Scripts/UI/PlayerPanelUI.cs
  artifactKey: Guid(afacdfdfe7572954f85b60af6e8dda54) Importer(815301076,1909f56bfc062723c751e8b465ee728b)
Start importing Assets/Scripts/UI/PlayerPanelUI.cs using Guid(afacdfdfe7572954f85b60af6e8dda54) Importer(815301076,1909f56bfc062723c751e8b465ee728b) (PreviewImporter) -> (artifact id: '00000000000000000000000000000000') in 0.0005979 seconds
Import Error Code:(4)
Message: Build asset version error: assets/scripts/ui/playerpanelui.cs in SourceAssetDB has modification time of '2026-09-16T09:00:09.2695907Z' while content on disk has modification time of '2026-09-16T09:00:15.7744939Z'
  ERROR: Build asset version error: assets/scripts/ui/playerpanelui.cs in SourceAssetDB has modification time of '2026-09-16T09:00:09.2695907Z' while content on disk has modification time of '2026-09-16T09:00:15.7744939Z'
Number of updated asset objects reloaded before import = 0Number of asset objects unloaded after import = 0

========================================================================
Received Import Request.
  Time since last request: 0.000025 seconds.
  path: Assets/Scripts/UI/PlayerPanelUI.cs
  artifactKey: Guid(afacdfdfe7572954f85b60af6e8dda54) Importer(815301076,1909f56bfc062723c751e8b465ee728b)
Start importing Assets/Scripts/UI/PlayerPanelUI.cs using Guid(afacdfdfe7572954f85b60af6e8dda54) Importer(815301076,1909f56bfc062723c751e8b465ee728b) (PreviewImporter) -> (artifact id: '00000000000000000000000000000000') in 0.0006306 seconds
Import Error Code:(4)
Message: Build asset version error: assets/scripts/ui/playerpanelui.cs in SourceAssetDB has modification time of '2026-09-16T09:00:09.2695907Z' while content on disk has modification time of '2026-09-16T09:00:15.7744939Z'
  ERROR: Build asset version error: assets/scripts/ui/playerpanelui.cs in SourceAssetDB has modification time of '2026-09-16T09:00:09.2695907Z' while content on disk has modification time of '2026-09-16T09:00:15.7744939Z'
Number of updated asset objects reloaded before import = 0Number of asset objects unloaded after import = 0

========================================================================
Received Import Request.
  Time since last request: 0.000028 seconds.
  path: Assets/Scripts/UI/PlayerPanelUI.cs
  artifactKey: Guid(afacdfdfe7572954f85b60af6e8dda54) Importer(815301076,1909f56bfc062723c751e8b465ee728b)
Start importing Assets/Scripts/UI/PlayerPanelUI.cs using Guid(afacdfdfe7572954f85b60af6e8dda54) Importer(815301076,1909f56bfc062723c751e8b465ee728b) (PreviewImporter) -> (artifact id: '00000000000000000000000000000000') in 0.0007187 seconds
Import Error Code:(4)
Message: Build asset version error: assets/scripts/ui/playerpanelui.cs in SourceAssetDB has modification time of '2026-09-16T09:00:09.2695907Z' while content on disk has modification time of '2026-09-16T09:00:15.7744939Z'
  ERROR: Build asset version error: assets/scripts/ui/playerpanelui.cs in SourceAssetDB has modification time of '2026-09-16T09:00:09.2695907Z' while content on disk has modification time of '2026-09-16T09:00:15.7744939Z'
Number of updated asset objects reloaded before import = 0Number of asset objects unloaded after import = 0

========================================================================
Received Import Request.
  Time since last request: 0.000018 seconds.
  path: Assets/Scripts/UI/PlayerPanelUI.cs
  artifactKey: Guid(afacdfdfe7572954f85b60af6e8dda54) Importer(815301076,1909f56bfc062723c751e8b465ee728b)
Start importing Assets/Scripts/UI/PlayerPanelUI.cs using Guid(afacdfdfe7572954f85b60af6e8dda54) Importer(815301076,1909f56bfc062723c751e8b465ee728b) (PreviewImporter) -> (artifact id: '00000000000000000000000000000000') in 0.0006351 seconds
Import Error Code:(4)
Message: Build asset version error: assets/scripts/ui/playerpanelui.cs in SourceAssetDB has modification time of '2026-09-16T09:00:09.2695907Z' while content on disk has modification time of '2026-09-16T09:00:15.7744939Z'
  ERROR: Build asset version error: assets/scripts/ui/playerpanelui.cs in SourceAssetDB has modification time of '2026-09-16T09:00:09.2695907Z' while content on disk has modification time of '2026-09-16T09:00:15.7744939Z'
Number of updated asset objects reloaded before import = 0Number of asset objects unloaded after import = 0

========================================================================
Received Import Request.
  Time since last request: 0.000024 seconds.
  path: Assets/Scripts/UI/PlayerPanelUI.cs
  artifactKey: Guid(afacdfdfe7572954f85b60af6e8dda54) Importer(815301076,1909f56bfc062723c751e8b465ee728b)
Start importing Assets/Scripts/UI/PlayerPanelUI.cs using Guid(afacdfdfe7572954f85b60af6e8dda54) Importer(815301076,1909f56bfc062723c751e8b465ee728b) (PreviewImporter) -> (artifact id: '00000000000000000000000000000000') in 0.0006398 seconds
Import Error Code:(4)
Message: Build asset version error: assets/scripts/ui/playerpanelui.cs in SourceAssetDB has modification time of '2026-09-16T09:00:09.2695907Z' while content on disk has modification time of '2026-09-16T09:00:15.7744939Z'
  ERROR: Build asset version error: assets/scripts/ui/playerpanelui.cs in SourceAssetDB has modification time of '2026-09-16T09:00:09.2695907Z' while content on disk has modification time of '2026-09-16T09:00:15.7744939Z'
Number of updated asset objects reloaded before import = 0Number of asset objects unloaded after import = 0

========================================================================
Received Import Request.
  Time since last request: 0.000018 seconds.
  path: Assets/Scripts/UI/PlayerPanelUI.cs
  artifactKey: Guid(afacdfdfe7572954f85b60af6e8dda54) Importer(815301076,1909f56bfc062723c751e8b465ee728b)
Start importing Assets/Scripts/UI/PlayerPanelUI.cs using Guid(afacdfdfe7572954f85b60af6e8dda54) Importer(815301076,1909f56bfc062723c751e8b465ee728b) (PreviewImporter) -> (artifact id: '00000000000000000000000000000000') in 0.0006766 seconds
Import Error Code:(4)
Message: Build asset version error: assets/scripts/ui/playerpanelui.cs in SourceAssetDB has modification time of '2026-09-16T09:00:09.2695907Z' while content on disk has modification time of '2026-09-16T09:00:15.7744939Z'
  ERROR: Build asset version error: assets/scripts/ui/playerpanelui.cs in SourceAssetDB has modification time of '2026-09-16T09:00:09.2695907Z' while content on disk has modification time of '2026-09-16T09:00:15.7744939Z'
Number of updated asset objects reloaded before import = 0Number of asset objects unloaded after import = 0

========================================================================
Received Import Request.
  Time since last request: 0.000021 seconds.
  path: Assets/Scripts/UI/PlayerPanelUI.cs
  artifactKey: Guid(afacdfdfe7572954f85b60af6e8dda54) Importer(815301076,1909f56bfc062723c751e8b465ee728b)
Start importing Assets/Scripts/UI/PlayerPanelUI.cs using Guid(afacdfdfe7572954f85b60af6e8dda54) Importer(815301076,1909f56bfc062723c751e8b465ee728b) (PreviewImporter) -> (artifact id: '00000000000000000000000000000000') in 0.0005723 seconds
Import Error Code:(4)
Message: Build asset version error: assets/scripts/ui/playerpanelui.cs in SourceAssetDB has modification time of '2026-09-16T09:00:09.2695907Z' while content on disk has modification time of '2026-09-16T09:00:15.7744939Z'
  ERROR: Build asset version error: assets/scripts/ui/playerpanelui.cs in SourceAssetDB has modification time of '2026-09-16T09:00:09.2695907Z' while content on disk has modification time of '2026-09-16T09:00:15.7744939Z'
Number of updated asset objects reloaded before import = 0Number of asset objects unloaded after import = 0

========================================================================
Received Import Request.
  Time since last request: 0.000021 seconds.
  path: Assets/Scripts/UI/PlayerPanelUI.cs
  artifactKey: Guid(afacdfdfe7572954f85b60af6e8dda54) Importer(815301076,1909f56bfc062723c751e8b465ee728b)
Start importing Assets/Scripts/UI/PlayerPanelUI.cs using Guid(afacdfdfe7572954f85b60af6e8dda54) Importer(815301076,1909f56bfc062723c751e8b465ee728b) (PreviewImporter) -> (artifact id: '00000000000000000000000000000000') in 0.0007245 seconds
Import Error Code:(4)
Message: Build asset version error: assets/scripts/ui/playerpanelui.cs in SourceAssetDB has modification time of '2026-09-16T09:00:09.2695907Z' while content on disk has modification time of '2026-09-16T09:00:15.7744939Z'
  ERROR: Build asset version error: assets/scripts/ui/playerpanelui.cs in SourceAssetDB has modification time of '2026-09-16T09:00:09.2695907Z' while content on disk has modification time of '2026-09-16T09:00:15.7744939Z'
Number of updated asset objects reloaded before import = 0Number of asset objects unloaded after import = 0

========================================================================
Received Import Request.
  Time since last request: 0.000034 seconds.
  path: Assets/Scripts/UI/PlayerPanelUI.cs
  artifactKey: Guid(afacdfdfe7572954f85b60af6e8dda54) Importer(815301076,1909f56bfc062723c751e8b465ee728b)
Start importing Assets/Scripts/UI/PlayerPanelUI.cs using Guid(afacdfdfe7572954f85b60af6e8dda54) Importer(815301076,1909f56bfc062723c751e8b465ee728b) (PreviewImporter) -> (artifact id: '00000000000000000000000000000000') in 0.000585 seconds
Import Error Code:(4)
Message: Build asset version error: assets/scripts/ui/playerpanelui.cs in SourceAssetDB has modification time of '2026-09-16T09:00:09.2695907Z' while content on disk has modification time of '2026-09-16T09:00:15.7744939Z'
  ERROR: Build asset version error: assets/scripts/ui/playerpanelui.cs in SourceAssetDB has modification time of '2026-09-16T09:00:09.2695907Z' while content on disk has modification time of '2026-09-16T09:00:15.7744939Z'
Number of updated asset objects reloaded before import = 0Number of asset objects unloaded after import = 0

========================================================================
Received Import Request.
  Time since last request: 0.000023 seconds.
  path: Assets/Scripts/UI/PlayerPanelUI.cs
  artifactKey: Guid(afacdfdfe7572954f85b60af6e8dda54) Importer(815301076,1909f56bfc062723c751e8b465ee728b)
Start importing Assets/Scripts/UI/PlayerPanelUI.cs using Guid(afacdfdfe7572954f85b60af6e8dda54) Importer(815301076,1909f56bfc062723c751e8b465ee728b) (PreviewImporter) -> (artifact id: '00000000000000000000000000000000') in 0.0006384 seconds
Import Error Code:(4)
Message: Build asset version error: assets/scripts/ui/playerpanelui.cs in SourceAssetDB has modification time of '2026-09-16T09:00:09.2695907Z' while content on disk has modification time of '2026-09-16T09:00:15.7744939Z'
  ERROR: Build asset version error: assets/scripts/ui/playerpanelui.cs in SourceAssetDB has modification time of '2026-09-16T09:00:09.2695907Z' while content on disk has modification time of '2026-09-16T09:00:15.7744939Z'
Number of updated asset objects reloaded before import = 0Number of asset objects unloaded after import = 0

========================================================================
Received Import Request.
  Time since last request: 0.000019 seconds.
  path: Assets/Scripts/UI/PlayerPanelUI.cs
  artifactKey: Guid(afacdfdfe7572954f85b60af6e8dda54) Importer(815301076,1909f56bfc062723c751e8b465ee728b)
Start importing Assets/Scripts/UI/PlayerPanelUI.cs using Guid(afacdfdfe7572954f85b60af6e8dda54) Importer(815301076,1909f56bfc062723c751e8b465ee728b) (PreviewImporter) -> (artifact id: '00000000000000000000000000000000') in 0.0006766 seconds
Import Error Code:(4)
Message: Build asset version error: assets/scripts/ui/playerpanelui.cs in SourceAssetDB has modification time of '2026-09-16T09:00:09.2695907Z' while content on disk has modification time of '2026-09-16T09:00:15.7744939Z'
  ERROR: Build asset version error: assets/scripts/ui/playerpanelui.cs in SourceAssetDB has modification time of '2026-09-16T09:00:09.2695907Z' while content on disk has modification time of '2026-09-16T09:00:15.7744939Z'
Number of updated asset objects reloaded before import = 0Number of asset objects unloaded after import = 0

========================================================================
Received Import Request.
  Time since last request: 0.000019 seconds.
  path: Assets/Scripts/UI/PlayerPanelUI.cs
  artifactKey: Guid(afacdfdfe7572954f85b60af6e8dda54) Importer(815301076,1909f56bfc062723c751e8b465ee728b)
Start importing Assets/Scripts/UI/PlayerPanelUI.cs using Guid(afacdfdfe7572954f85b60af6e8dda54) Importer(815301076,1909f56bfc062723c751e8b465ee728b) (PreviewImporter) -> (artifact id: '00000000000000000000000000000000') in 0.0005801 seconds
Import Error Code:(4)
Message: Build asset version error: assets/scripts/ui/playerpanelui.cs in SourceAssetDB has modification time of '2026-09-16T09:00:09.2695907Z' while content on disk has modification time of '2026-09-16T09:00:15.7744939Z'
  ERROR: Build asset version error: assets/scripts/ui/playerpanelui.cs in SourceAssetDB has modification time of '2026-09-16T09:00:09.2695907Z' while content on disk has modification time of '2026-09-16T09:00:15.7744939Z'
Number of updated asset objects reloaded before import = 0Number of asset objects unloaded after import = 0

========================================================================
Received Import Request.
  Time since last request: 0.000018 seconds.
  path: Assets/Scripts/UI/PlayerPanelUI.cs
  artifactKey: Guid(afacdfdfe7572954f85b60af6e8dda54) Importer(815301076,1909f56bfc062723c751e8b465ee728b)
Start importing Assets/Scripts/UI/PlayerPanelUI.cs using Guid(afacdfdfe7572954f85b60af6e8dda54) Importer(815301076,1909f56bfc062723c751e8b465ee728b) (PreviewImporter) -> (artifact id: '00000000000000000000000000000000') in 0.0007417 seconds
Import Error Code:(4)
Message: Build asset version error: assets/scripts/ui/playerpanelui.cs in SourceAssetDB has modification time of '2026-09-16T09:00:09.2695907Z' while content on disk has modification time of '2026-09-16T09:00:15.7744939Z'
  ERROR: Build asset version error: assets/scripts/ui/playerpanelui.cs in SourceAssetDB has modification time of '2026-09-16T09:00:09.2695907Z' while content on disk has modification time of '2026-09-16T09:00:15.7744939Z'
Number of updated asset objects reloaded before import = 0Number of asset objects unloaded after import = 0

========================================================================
Received Import Request.
  Time since last request: 0.000021 seconds.
  path: Assets/Scripts/UI/PlayerPanelUI.cs
  artifactKey: Guid(afacdfdfe7572954f85b60af6e8dda54) Importer(815301076,1909f56bfc062723c751e8b465ee728b)
Start importing Assets/Scripts/UI/PlayerPanelUI.cs using Guid(afacdfdfe7572954f85b60af6e8dda54) Importer(815301076,1909f56bfc062723c751e8b465ee728b) (PreviewImporter) -> (artifact id: '00000000000000000000000000000000') in 0.000716 seconds
Import Error Code:(4)
Message: Build asset version error: assets/scripts/ui/playerpanelui.cs in SourceAssetDB has modification time of '2026-09-16T09:00:09.2695907Z' while content on disk has modification time of '2026-09-16T09:00:15.7744939Z'
  ERROR: Build asset version error: assets/scripts/ui/playerpanelui.cs in SourceAssetDB has modification time of '2026-09-16T09:00:09.2695907Z' while content on disk has modification time of '2026-09-16T09:00:15.7744939Z'
Number of updated asset objects reloaded before import = 0Number of asset objects unloaded after import = 0

========================================================================
Received Import Request.
  Time since last request: 0.000031 seconds.
  path: Assets/Scripts/UI/PlayerPanelUI.cs
  artifactKey: Guid(afacdfdfe7572954f85b60af6e8dda54) Importer(815301076,1909f56bfc062723c751e8b465ee728b)
Start importing Assets/Scripts/UI/PlayerPanelUI.cs using Guid(afacdfdfe7572954f85b60af6e8dda54) Importer(815301076,1909f56bfc062723c751e8b465ee728b) (PreviewImporter) -> (artifact id: '00000000000000000000000000000000') in 0.0006133 seconds
Import Error Code:(4)
Message: Build asset version error: assets/scripts/ui/playerpanelui.cs in SourceAssetDB has modification time of '2026-09-16T09:00:09.2695907Z' while content on disk has modification time of '2026-09-16T09:00:15.7744939Z'
  ERROR: Build asset version error: assets/scripts/ui/playerpanelui.cs in SourceAssetDB has modification time of '2026-09-16T09:00:09.2695907Z' while content on disk has modification time of '2026-09-16T09:00:15.7744939Z'
Number of updated asset objects reloaded before import = 0Number of asset objects unloaded after import = 0

========================================================================
Received Import Request.
  Time since last request: 0.000022 seconds.
  path: Assets/Scripts/UI/PlayerPanelUI.cs
  artifactKey: Guid(afacdfdfe7572954f85b60af6e8dda54) Importer(815301076,1909f56bfc062723c751e8b465ee728b)
Start importing Assets/Scripts/UI/PlayerPanelUI.cs using Guid(afacdfdfe7572954f85b60af6e8dda54) Importer(815301076,1909f56bfc062723c751e8b465ee728b) (PreviewImporter) -> (artifact id: '00000000000000000000000000000000') in 0.000686 seconds
Import Error Code:(4)
Message: Build asset version error: assets/scripts/ui/playerpanelui.cs in SourceAssetDB has modification time of '2026-09-16T09:00:09.2695907Z' while content on disk has modification time of '2026-09-16T09:00:15.7744939Z'
  ERROR: Build asset version error: assets/scripts/ui/playerpanelui.cs in SourceAssetDB has modification time of '2026-09-16T09:00:09.2695907Z' while content on disk has modification time of '2026-09-16T09:00:15.7744939Z'
Number of updated asset objects reloaded before import = 0Number of asset objects unloaded after import = 0

========================================================================
Received Import Request.
  Time since last request: 0.000019 seconds.
  path: Assets/Scripts/UI/PlayerPanelUI.cs
  artifactKey: Guid(afacdfdfe7572954f85b60af6e8dda54) Importer(815301076,1909f56bfc062723c751e8b465ee728b)
Start importing Assets/Scripts/UI/PlayerPanelUI.cs using Guid(afacdfdfe7572954f85b60af6e8dda54) Importer(815301076,1909f56bfc062723c751e8b465ee728b) (PreviewImporter) -> (artifact id: '00000000000000000000000000000000') in 0.0005652 seconds
Import Error Code:(4)
Message: Build asset version error: assets/scripts/ui/playerpanelui.cs in SourceAssetDB has modification time of '2026-09-16T09:00:09.2695907Z' while content on disk has modification time of '2026-09-16T09:00:15.7744939Z'
  ERROR: Build asset version error: assets/scripts/ui/playerpanelui.cs in SourceAssetDB has modification time of '2026-09-16T09:00:09.2695907Z' while content on disk has modification time of '2026-09-16T09:00:15.7744939Z'
Number of updated asset objects reloaded before import = 0Number of asset objects unloaded after import = 0

========================================================================
Received Import Request.
  Time since last request: 0.000019 seconds.
  path: Assets/Scripts/UI/PlayerPanelUI.cs
  artifactKey: Guid(afacdfdfe7572954f85b60af6e8dda54) Importer(815301076,1909f56bfc062723c751e8b465ee728b)
Start importing Assets/Scripts/UI/PlayerPanelUI.cs using Guid(afacdfdfe7572954f85b60af6e8dda54) Importer(815301076,1909f56bfc062723c751e8b465ee728b) (PreviewImporter) -> (artifact id: '00000000000000000000000000000000') in 0.0005938 seconds
Import Error Code:(4)
Message: Build asset version error: assets/scripts/ui/playerpanelui.cs in SourceAssetDB has modification time of '2026-09-16T09:00:09.2695907Z' while content on disk has modification time of '2026-09-16T09:00:15.7744939Z'
  ERROR: Build asset version error: assets/scripts/ui/playerpanelui.cs in SourceAssetDB has modification time of '2026-09-16T09:00:09.2695907Z' while content on disk has modification time of '2026-09-16T09:00:15.7744939Z'
Number of updated asset objects reloaded before import = 0Number of asset objects unloaded after import = 0

========================================================================
Received Import Request.
  Time since last request: 0.000024 seconds.
  path: Assets/Scripts/UI/PlayerPanelUI.cs
  artifactKey: Guid(afacdfdfe7572954f85b60af6e8dda54) Importer(815301076,1909f56bfc062723c751e8b465ee728b)
Start importing Assets/Scripts/UI/PlayerPanelUI.cs using Guid(afacdfdfe7572954f85b60af6e8dda54) Importer(815301076,1909f56bfc062723c751e8b465ee728b) (PreviewImporter) -> (artifact id: '00000000000000000000000000000000') in 0.0006839 seconds
Import Error Code:(4)
Message: Build asset version error: assets/scripts/ui/playerpanelui.cs in SourceAssetDB has modification time of '2026-09-16T09:00:09.2695907Z' while content on disk has modification time of '2026-09-16T09:00:15.7744939Z'
  ERROR: Build asset version error: assets/scripts/ui/playerpanelui.cs in SourceAssetDB has modification time of '2026-09-16T09:00:09.2695907Z' while content on disk has modification time of '2026-09-16T09:00:15.7744939Z'
Number of updated asset objects reloaded before import = 0Number of asset objects unloaded after import = 0

========================================================================
Received Import Request.
  Time since last request: 0.000025 seconds.
  path: Assets/Scripts/UI/PlayerPanelUI.cs
  artifactKey: Guid(afacdfdfe7572954f85b60af6e8dda54) Importer(815301076,1909f56bfc062723c751e8b465ee728b)
Start importing Assets/Scripts/UI/PlayerPanelUI.cs using Guid(afacdfdfe7572954f85b60af6e8dda54) Importer(815301076,1909f56bfc062723c751e8b465ee728b) (PreviewImporter) -> (artifact id: '00000000000000000000000000000000') in 0.0007244 seconds
Import Error Code:(4)
Message: Build asset version error: assets/scripts/ui/playerpanelui.cs in SourceAssetDB has modification time of '2026-09-16T09:00:09.2695907Z' while content on disk has modification time of '2026-09-16T09:00:15.7744939Z'
  ERROR: Build asset version error: assets/scripts/ui/playerpanelui.cs in SourceAssetDB has modification time of '2026-09-16T09:00:09.2695907Z' while content on disk has modification time of '2026-09-16T09:00:15.7744939Z'
Number of updated asset objects reloaded before import = 0Number of asset objects unloaded after import = 0

========================================================================
Received Import Request.
  Time since last request: 0.000032 seconds.
  path: Assets/Scripts/UI/PlayerPanelUI.cs
  artifactKey: Guid(afacdfdfe7572954f85b60af6e8dda54) Importer(815301076,1909f56bfc062723c751e8b465ee728b)
Start importing Assets/Scripts/UI/PlayerPanelUI.cs using Guid(afacdfdfe7572954f85b60af6e8dda54) Importer(815301076,1909f56bfc062723c751e8b465ee728b) (PreviewImporter) -> (artifact id: '00000000000000000000000000000000') in 0.0006628 seconds
Import Error Code:(4)
Message: Build asset version error: assets/scripts/ui/playerpanelui.cs in SourceAssetDB has modification time of '2026-09-16T09:00:09.2695907Z' while content on disk has modification time of '2026-09-16T09:00:15.7744939Z'
  ERROR: Build asset version error: assets/scripts/ui/playerpanelui.cs in SourceAssetDB has modification time of '2026-09-16T09:00:09.2695907Z' while content on disk has modification time of '2026-09-16T09:00:15.7744939Z'
Number of updated asset objects reloaded before import = 0Number of asset objects unloaded after import = 0

========================================================================
Received Import Request.
  Time since last request: 0.000021 seconds.
  path: Assets/Scripts/UI/PlayerPanelUI.cs
  artifactKey: Guid(afacdfdfe7572954f85b60af6e8dda54) Importer(815301076,1909f56bfc062723c751e8b465ee728b)
Start importing Assets/Scripts/UI/PlayerPanelUI.cs using Guid(afacdfdfe7572954f85b60af6e8dda54) Importer(815301076,1909f56bfc062723c751e8b465ee728b) (PreviewImporter) -> (artifact id: '00000000000000000000000000000000') in 0.0007727 seconds
Import Error Code:(4)
Message: Build asset version error: assets/scripts/ui/playerpanelui.cs in SourceAssetDB has modification time of '2026-09-16T09:00:09.2695907Z' while content on disk has modification time of '2026-09-16T09:00:15.7744939Z'
  ERROR: Build asset version error: assets/scripts/ui/playerpanelui.cs in SourceAssetDB has modification time of '2026-09-16T09:00:09.2695907Z' while content on disk has modification time of '2026-09-16T09:00:15.7744939Z'
Number of updated asset objects reloaded before import = 0Number of asset objects unloaded after import = 0

========================================================================
Received Import Request.
  Time since last request: 0.000028 seconds.
  path: Assets/Scripts/UI/PlayerPanelUI.cs
  artifactKey: Guid(afacdfdfe7572954f85b60af6e8dda54) Importer(815301076,1909f56bfc062723c751e8b465ee728b)
Start importing Assets/Scripts/UI/PlayerPanelUI.cs using Guid(afacdfdfe7572954f85b60af6e8dda54) Importer(815301076,1909f56bfc062723c751e8b465ee728b) (PreviewImporter) -> (artifact id: '00000000000000000000000000000000') in 0.0008867 seconds
Import Error Code:(4)
Message: Build asset version error: assets/scripts/ui/playerpanelui.cs in SourceAssetDB has modification time of '2026-09-16T09:00:09.2695907Z' while content on disk has modification time of '2026-09-16T09:00:15.7744939Z'
  ERROR: Build asset version error: assets/scripts/ui/playerpanelui.cs in SourceAssetDB has modification time of '2026-09-16T09:00:09.2695907Z' while content on disk has modification time of '2026-09-16T09:00:15.7744939Z'
Number of updated asset objects reloaded before import = 0Number of asset objects unloaded after import = 0

========================================================================
Received Import Request.
  Time since last request: 0.000017 seconds.
  path: Assets/Scripts/UI/PlayerPanelUI.cs
  artifactKey: Guid(afacdfdfe7572954f85b60af6e8dda54) Importer(815301076,1909f56bfc062723c751e8b465ee728b)
Start importing Assets/Scripts/UI/PlayerPanelUI.cs using Guid(afacdfdfe7572954f85b60af6e8dda54) Importer(815301076,1909f56bfc062723c751e8b465ee728b) (PreviewImporter) -> (artifact id: '00000000000000000000000000000000') in 0.0007757 seconds
Import Error Code:(4)
Message: Build asset version error: assets/scripts/ui/playerpanelui.cs in SourceAssetDB has modification time of '2026-09-16T09:00:09.2695907Z' while content on disk has modification time of '2026-09-16T09:00:15.7744939Z'
  ERROR: Build asset version error: assets/scripts/ui/playerpanelui.cs in SourceAssetDB has modification time of '2026-09-16T09:00:09.2695907Z' while content on disk has modification time of '2026-09-16T09:00:15.7744939Z'
Number of updated asset objects reloaded before import = 0Number of asset objects unloaded after import = 0

========================================================================
Received Import Request.
  Time since last request: 0.000026 seconds.
  path: Assets/Scripts/UI/PlayerPanelUI.cs
  artifactKey: Guid(afacdfdfe7572954f85b60af6e8dda54) Importer(815301076,1909f56bfc062723c751e8b465ee728b)
Start importing Assets/Scripts/UI/PlayerPanelUI.cs using Guid(afacdfdfe7572954f85b60af6e8dda54) Importer(815301076,1909f56bfc062723c751e8b465ee728b) (PreviewImporter) -> (artifact id: '00000000000000000000000000000000') in 0.0007145 seconds
Import Error Code:(4)
Message: Build asset version error: assets/scripts/ui/playerpanelui.cs in SourceAssetDB has modification time of '2026-09-16T09:00:09.2695907Z' while content on disk has modification time of '2026-09-16T09:00:15.7744939Z'
  ERROR: Build asset version error: assets/scripts/ui/playerpanelui.cs in SourceAssetDB has modification time of '2026-09-16T09:00:09.2695907Z' while content on disk has modification time of '2026-09-16T09:00:15.7744939Z'
Number of updated asset objects reloaded before import = 0Number of asset objects unloaded after import = 0

========================================================================
Received Import Request.
  Time since last request: 0.000034 seconds.
  path: Assets/Scripts/UI/PlayerPanelUI.cs
  artifactKey: Guid(afacdfdfe7572954f85b60af6e8dda54) Importer(815301076,1909f56bfc062723c751e8b465ee728b)
Start importing Assets/Scripts/UI/PlayerPanelUI.cs using Guid(afacdfdfe7572954f85b60af6e8dda54) Importer(815301076,1909f56bfc062723c751e8b465ee728b) (PreviewImporter) -> (artifact id: '00000000000000000000000000000000') in 0.0005857 seconds
Import Error Code:(4)
Message: Build asset version error: assets/scripts/ui/playerpanelui.cs in SourceAssetDB has modification time of '2026-09-16T09:00:09.2695907Z' while content on disk has modification time of '2026-09-16T09:00:15.7744939Z'
  ERROR: Build asset version error: assets/scripts/ui/playerpanelui.cs in SourceAssetDB has modification time of '2026-09-16T09:00:09.2695907Z' while content on disk has modification time of '2026-09-16T09:00:15.7744939Z'
Number of updated asset objects reloaded before import = 0Number of asset objects unloaded after import = 0

========================================================================
Received Import Request.
  Time since last request: 0.000017 seconds.
  path: Assets/Scripts/UI/PlayerPanelUI.cs
  artifactKey: Guid(afacdfdfe7572954f85b60af6e8dda54) Importer(815301076,1909f56bfc062723c751e8b465ee728b)
Start importing Assets/Scripts/UI/PlayerPanelUI.cs using Guid(afacdfdfe7572954f85b60af6e8dda54) Importer(815301076,1909f56bfc062723c751e8b465ee728b) (PreviewImporter) -> (artifact id: '00000000000000000000000000000000') in 0.0006103 seconds
Import Error Code:(4)
Message: Build asset version error: assets/scripts/ui/playerpanelui.cs in SourceAssetDB has modification time of '2026-09-16T09:00:09.2695907Z' while content on disk has modification time of '2026-09-16T09:00:15.7744939Z'
  ERROR: Build asset version error: assets/scripts/ui/playerpanelui.cs in SourceAssetDB has modification time of '2026-09-16T09:00:09.2695907Z' while content on disk has modification time of '2026-09-16T09:00:15.7744939Z'
Number of updated asset objects reloaded before import = 0Number of asset objects unloaded after import = 0

========================================================================
Received Import Request.
  Time since last request: 0.000019 seconds.
  path: Assets/Scripts/UI/PlayerPanelUI.cs
  artifactKey: Guid(afacdfdfe7572954f85b60af6e8dda54) Importer(815301076,1909f56bfc062723c751e8b465ee728b)
Start importing Assets/Scripts/UI/PlayerPanelUI.cs using Guid(afacdfdfe7572954f85b60af6e8dda54) Importer(815301076,1909f56bfc062723c751e8b465ee728b) (PreviewImporter) -> (artifact id: '00000000000000000000000000000000') in 0.0006233 seconds
Import Error Code:(4)
Message: Build asset version error: assets/scripts/ui/playerpanelui.cs in SourceAssetDB has modification time of '2026-09-16T09:00:09.2695907Z' while content on disk has modification time of '2026-09-16T09:00:15.7744939Z'
  ERROR: Build asset version error: assets/scripts/ui/playerpanelui.cs in SourceAssetDB has modification time of '2026-09-16T09:00:09.2695907Z' while content on disk has modification time of '2026-09-16T09:00:15.7744939Z'
Number of updated asset objects reloaded before import = 0Number of asset objects unloaded after import = 0

========================================================================
Received Import Request.
  Time since last request: 0.037912 seconds.
  path: Assets/Scripts/UI/PlayerPanelUI.cs
  artifactKey: Guid(afacdfdfe7572954f85b60af6e8dda54) Importer(815301076,1909f56bfc062723c751e8b465ee728b)
Start importing Assets/Scripts/UI/PlayerPanelUI.cs using Guid(afacdfdfe7572954f85b60af6e8dda54) Importer(815301076,1909f56bfc062723c751e8b465ee728b) (PreviewImporter) -> (artifact id: '00000000000000000000000000000000') in 0.0007307 seconds
Import Error Code:(4)
Message: Build asset version error: assets/scripts/ui/playerpanelui.cs in SourceAssetDB has modification time of '2026-09-16T09:00:09.2695907Z' while content on disk has modification time of '2026-09-16T09:00:15.7744939Z'
  ERROR: Build asset version error: assets/scripts/ui/playerpanelui.cs in SourceAssetDB has modification time of '2026-09-16T09:00:09.2695907Z' while content on disk has modification time of '2026-09-16T09:00:15.7744939Z'
Number of updated asset objects reloaded before import = 0Number of asset objects unloaded after import = 0

========================================================================
Received Import Request.
  Time since last request: 0.000023 seconds.
  path: Assets/Scripts/UI/PlayerPanelUI.cs
  artifactKey: Guid(afacdfdfe7572954f85b60af6e8dda54) Importer(815301076,1909f56bfc062723c751e8b465ee728b)
Start importing Assets/Scripts/UI/PlayerPanelUI.cs using Guid(afacdfdfe7572954f85b60af6e8dda54) Importer(815301076,1909f56bfc062723c751e8b465ee728b) (PreviewImporter) -> (artifact id: '00000000000000000000000000000000') in 0.0006713 seconds
Import Error Code:(4)
Message: Build asset version error: assets/scripts/ui/playerpanelui.cs in SourceAssetDB has modification time of '2026-09-16T09:00:09.2695907Z' while content on disk has modification time of '2026-09-16T09:00:15.7744939Z'
  ERROR: Build asset version error: assets/scripts/ui/playerpanelui.cs in SourceAssetDB has modification time of '2026-09-16T09:00:09.2695907Z' while content on disk has modification time of '2026-09-16T09:00:15.7744939Z'
Number of updated asset objects reloaded before import = 0Number of asset objects unloaded after import = 0

========================================================================
Received Import Request.
  Time since last request: 0.000029 seconds.
  path: Assets/Scripts/UI/PlayerPanelUI.cs
  artifactKey: Guid(afacdfdfe7572954f85b60af6e8dda54) Importer(815301076,1909f56bfc062723c751e8b465ee728b)
Start importing Assets/Scripts/UI/PlayerPanelUI.cs using Guid(afacdfdfe7572954f85b60af6e8dda54) Importer(815301076,1909f56bfc062723c751e8b465ee728b) (PreviewImporter) -> (artifact id: '00000000000000000000000000000000') in 0.0005604 seconds
Import Error Code:(4)
Message: Build asset version error: assets/scripts/ui/playerpanelui.cs in SourceAssetDB has modification time of '2026-09-16T09:00:09.2695907Z' while content on disk has modification time of '2026-09-16T09:00:15.7744939Z'
  ERROR: Build asset version error: assets/scripts/ui/playerpanelui.cs in SourceAssetDB has modification time of '2026-09-16T09:00:09.2695907Z' while content on disk has modification time of '2026-09-16T09:00:15.7744939Z'
Number of updated asset objects reloaded before import = 0Number of asset objects unloaded after import = 0

========================================================================
Received Import Request.
  Time since last request: 0.000021 seconds.
  path: Assets/Scripts/UI/PlayerPanelUI.cs
  artifactKey: Guid(afacdfdfe7572954f85b60af6e8dda54) Importer(815301076,1909f56bfc062723c751e8b465ee728b)
Start importing Assets/Scripts/UI/PlayerPanelUI.cs using Guid(afacdfdfe7572954f85b60af6e8dda54) Importer(815301076,1909f56bfc062723c751e8b465ee728b) (PreviewImporter) -> (artifact id: '00000000000000000000000000000000') in 0.0007058 seconds
Import Error Code:(4)
Message: Build asset version error: assets/scripts/ui/playerpanelui.cs in SourceAssetDB has modification time of '2026-09-16T09:00:09.2695907Z' while content on disk has modification time of '2026-09-16T09:00:15.7744939Z'
  ERROR: Build asset version error: assets/scripts/ui/playerpanelui.cs in SourceAssetDB has modification time of '2026-09-16T09:00:09.2695907Z' while content on disk has modification time of '2026-09-16T09:00:15.7744939Z'
Number of updated asset objects reloaded before import = 0Number of asset objects unloaded after import = 0

========================================================================
Received Import Request.
  Time since last request: 0.000018 seconds.
  path: Assets/Scripts/UI/PlayerPanelUI.cs
  artifactKey: Guid(afacdfdfe7572954f85b60af6e8dda54) Importer(815301076,1909f56bfc062723c751e8b465ee728b)
Start importing Assets/Scripts/UI/PlayerPanelUI.cs using Guid(afacdfdfe7572954f85b60af6e8dda54) Importer(815301076,1909f56bfc062723c751e8b465ee728b) (PreviewImporter) -> (artifact id: '00000000000000000000000000000000') in 0.0006315 seconds
Import Error Code:(4)
Message: Build asset version error: assets/scripts/ui/playerpanelui.cs in SourceAssetDB has modification time of '2026-09-16T09:00:09.2695907Z' while content on disk has modification time of '2026-09-16T09:00:15.7744939Z'
  ERROR: Build asset version error: assets/scripts/ui/playerpanelui.cs in SourceAssetDB has modification time of '2026-09-16T09:00:09.2695907Z' while content on disk has modification time of '2026-09-16T09:00:15.7744939Z'
Number of updated asset objects reloaded before import = 0Number of asset objects unloaded after import = 0

========================================================================
Received Import Request.
  Time since last request: 0.000019 seconds.
  path: Assets/Scripts/UI/PlayerPanelUI.cs
  artifactKey: Guid(afacdfdfe7572954f85b60af6e8dda54) Importer(815301076,1909f56bfc062723c751e8b465ee728b)
Start importing Assets/Scripts/UI/PlayerPanelUI.cs using Guid(afacdfdfe7572954f85b60af6e8dda54) Importer(815301076,1909f56bfc062723c751e8b465ee728b) (PreviewImporter) -> (artifact id: '00000000000000000000000000000000') in 0.0006941 seconds
Import Error Code:(4)
Message: Build asset version error: assets/scripts/ui/playerpanelui.cs in SourceAssetDB has modification time of '2026-09-16T09:00:09.2695907Z' while content on disk has modification time of '2026-09-16T09:00:15.7744939Z'
  ERROR: Build asset version error: assets/scripts/ui/playerpanelui.cs in SourceAssetDB has modification time of '2026-09-16T09:00:09.2695907Z' while content on disk has modification time of '2026-09-16T09:00:15.7744939Z'
Number of updated asset objects reloaded before import = 0Number of asset objects unloaded after import = 0

========================================================================
Received Import Request.
  Time since last request: 0.000024 seconds.
  path: Assets/Scripts/UI/PlayerPanelUI.cs
  artifactKey: Guid(afacdfdfe7572954f85b60af6e8dda54) Importer(815301076,1909f56bfc062723c751e8b465ee728b)
Start importing Assets/Scripts/UI/PlayerPanelUI.cs using Guid(afacdfdfe7572954f85b60af6e8dda54) Importer(815301076,1909f56bfc062723c751e8b465ee728b) (PreviewImporter) -> (artifact id: '00000000000000000000000000000000') in 0.0008107 seconds
Import Error Code:(4)
Message: Build asset version error: assets/scripts/ui/playerpanelui.cs in SourceAssetDB has modification time of '2026-09-16T09:00:09.2695907Z' while content on disk has modification time of '2026-09-16T09:00:15.7744939Z'
  ERROR: Build asset version error: assets/scripts/ui/playerpanelui.cs in SourceAssetDB has modification time of '2026-09-16T09:00:09.2695907Z' while content on disk has modification time of '2026-09-16T09:00:15.7744939Z'
Number of updated asset objects reloaded before import = 0Number of asset objects unloaded after import = 0

========================================================================
Received Import Request.
  Time since last request: 0.000021 seconds.
  path: Assets/Scripts/UI/PlayerPanelUI.cs
  artifactKey: Guid(afacdfdfe7572954f85b60af6e8dda54) Importer(815301076,1909f56bfc062723c751e8b465ee728b)
Start importing Assets/Scripts/UI/PlayerPanelUI.cs using Guid(afacdfdfe7572954f85b60af6e8dda54) Importer(815301076,1909f56bfc062723c751e8b465ee728b) (PreviewImporter) -> (artifact id: '00000000000000000000000000000000') in 0.000624 seconds
Import Error Code:(4)
Message: Build asset version error: assets/scripts/ui/playerpanelui.cs in SourceAssetDB has modification time of '2026-09-16T09:00:09.2695907Z' while content on disk has modification time of '2026-09-16T09:00:15.7744939Z'
  ERROR: Build asset version error: assets/scripts/ui/playerpanelui.cs in SourceAssetDB has modification time of '2026-09-16T09:00:09.2695907Z' while content on disk has modification time of '2026-09-16T09:00:15.7744939Z'
Number of updated asset objects reloaded before import = 0Number of asset objects unloaded after import = 0

========================================================================
Received Import Request.
  Time since last request: 0.000029 seconds.
  path: Assets/Scripts/UI/PlayerPanelUI.cs
  artifactKey: Guid(afacdfdfe7572954f85b60af6e8dda54) Importer(815301076,1909f56bfc062723c751e8b465ee728b)
Start importing Assets/Scripts/UI/PlayerPanelUI.cs using Guid(afacdfdfe7572954f85b60af6e8dda54) Importer(815301076,1909f56bfc062723c751e8b465ee728b) (PreviewImporter) -> (artifact id: '00000000000000000000000000000000') in 0.0005816 seconds
Import Error Code:(4)
Message: Build asset version error: assets/scripts/ui/playerpanelui.cs in SourceAssetDB has modification time of '2026-09-16T09:00:09.2695907Z' while content on disk has modification time of '2026-09-16T09:00:15.7744939Z'
  ERROR: Build asset version error: assets/scripts/ui/playerpanelui.cs in SourceAssetDB has modification time of '2026-09-16T09:00:09.2695907Z' while content on disk has modification time of '2026-09-16T09:00:15.7744939Z'
Number of updated asset objects reloaded before import = 0Number of asset objects unloaded after import = 0

========================================================================
Received Import Request.
  Time since last request: 0.000020 seconds.
  path: Assets/Scripts/UI/PlayerPanelUI.cs
  artifactKey: Guid(afacdfdfe7572954f85b60af6e8dda54) Importer(815301076,1909f56bfc062723c751e8b465ee728b)
Start importing Assets/Scripts/UI/PlayerPanelUI.cs using Guid(afacdfdfe7572954f85b60af6e8dda54) Importer(815301076,1909f56bfc062723c751e8b465ee728b) (PreviewImporter) -> (artifact id: '00000000000000000000000000000000') in 0.0006082 seconds
Import Error Code:(4)
Message: Build asset version error: assets/scripts/ui/playerpanelui.cs in SourceAssetDB has modification time of '2026-09-16T09:00:09.2695907Z' while content on disk has modification time of '2026-09-16T09:00:15.7744939Z'
  ERROR: Build asset version error: assets/scripts/ui/playerpanelui.cs in SourceAssetDB has modification time of '2026-09-16T09:00:09.2695907Z' while content on disk has modification time of '2026-09-16T09:00:15.7744939Z'
Number of updated asset objects reloaded before import = 0Number of asset objects unloaded after import = 0

========================================================================
Received Import Request.
  Time since last request: 0.000021 seconds.
  path: Assets/Scripts/UI/PlayerPanelUI.cs
  artifactKey: Guid(afacdfdfe7572954f85b60af6e8dda54) Importer(815301076,1909f56bfc062723c751e8b465ee728b)
Start importing Assets/Scripts/UI/PlayerPanelUI.cs using Guid(afacdfdfe7572954f85b60af6e8dda54) Importer(815301076,1909f56bfc062723c751e8b465ee728b) (PreviewImporter) -> (artifact id: '00000000000000000000000000000000') in 0.0007345 seconds
Import Error Code:(4)
Message: Build asset version error: assets/scripts/ui/playerpanelui.cs in SourceAssetDB has modification time of '2026-09-16T09:00:09.2695907Z' while content on disk has modification time of '2026-09-16T09:00:15.7744939Z'
  ERROR: Build asset version error: assets/scripts/ui/playerpanelui.cs in SourceAssetDB has modification time of '2026-09-16T09:00:09.2695907Z' while content on disk has modification time of '2026-09-16T09:00:15.7744939Z'
Number of updated asset objects reloaded before import = 0Number of asset objects unloaded after import = 0

========================================================================
Received Import Request.
  Time since last request: 0.000024 seconds.
  path: Assets/Scripts/UI/PlayerPanelUI.cs
  artifactKey: Guid(afacdfdfe7572954f85b60af6e8dda54) Importer(815301076,1909f56bfc062723c751e8b465ee728b)
Start importing Assets/Scripts/UI/PlayerPanelUI.cs using Guid(afacdfdfe7572954f85b60af6e8dda54) Importer(815301076,1909f56bfc062723c751e8b465ee728b) (PreviewImporter) -> (artifact id: '00000000000000000000000000000000') in 0.000725 seconds
Import Error Code:(4)
Message: Build asset version error: assets/scripts/ui/playerpanelui.cs in SourceAssetDB has modification time of '2026-09-16T09:00:09.2695907Z' while content on disk has modification time of '2026-09-16T09:00:15.7744939Z'
  ERROR: Build asset version error: assets/scripts/ui/playerpanelui.cs in SourceAssetDB has modification time of '2026-09-16T09:00:09.2695907Z' while content on disk has modification time of '2026-09-16T09:00:15.7744939Z'
Number of updated asset objects reloaded before import = 0Number of asset objects unloaded after import = 0

========================================================================
Received Import Request.
  Time since last request: 0.000019 seconds.
  path: Assets/Scripts/UI/PlayerPanelUI.cs
  artifactKey: Guid(afacdfdfe7572954f85b60af6e8dda54) Importer(815301076,1909f56bfc062723c751e8b465ee728b)
Start importing Assets/Scripts/UI/PlayerPanelUI.cs using Guid(afacdfdfe7572954f85b60af6e8dda54) Importer(815301076,1909f56bfc062723c751e8b465ee728b) (PreviewImporter) -> (artifact id: '00000000000000000000000000000000') in 0.0006915 seconds
Import Error Code:(4)
Message: Build asset version error: assets/scripts/ui/playerpanelui.cs in SourceAssetDB has modification time of '2026-09-16T09:00:09.2695907Z' while content on disk has modification time of '2026-09-16T09:00:15.7744939Z'
  ERROR: Build asset version error: assets/scripts/ui/playerpanelui.cs in SourceAssetDB has modification time of '2026-09-16T09:00:09.2695907Z' while content on disk has modification time of '2026-09-16T09:00:15.7744939Z'
Number of updated asset objects reloaded before import = 0Number of asset objects unloaded after import = 0

========================================================================
Received Import Request.
  Time since last request: 0.000045 seconds.
  path: Assets/Scripts/UI/PlayerPanelUI.cs
  artifactKey: Guid(afacdfdfe7572954f85b60af6e8dda54) Importer(815301076,1909f56bfc062723c751e8b465ee728b)
Start importing Assets/Scripts/UI/PlayerPanelUI.cs using Guid(afacdfdfe7572954f85b60af6e8dda54) Importer(815301076,1909f56bfc062723c751e8b465ee728b) (PreviewImporter) -> (artifact id: '00000000000000000000000000000000') in 0.0007629 seconds
Import Error Code:(4)
Message: Build asset version error: assets/scripts/ui/playerpanelui.cs in SourceAssetDB has modification time of '2026-09-16T09:00:09.2695907Z' while content on disk has modification time of '2026-09-16T09:00:15.7744939Z'
  ERROR: Build asset version error: assets/scripts/ui/playerpanelui.cs in SourceAssetDB has modification time of '2026-09-16T09:00:09.2695907Z' while content on disk has modification time of '2026-09-16T09:00:15.7744939Z'
Number of updated asset objects reloaded before import = 0Number of asset objects unloaded after import = 0

========================================================================
Received Import Request.
  Time since last request: 0.000027 seconds.
  path: Assets/Scripts/UI/PlayerPanelUI.cs
  artifactKey: Guid(afacdfdfe7572954f85b60af6e8dda54) Importer(815301076,1909f56bfc062723c751e8b465ee728b)
Start importing Assets/Scripts/UI/PlayerPanelUI.cs using Guid(afacdfdfe7572954f85b60af6e8dda54) Importer(815301076,1909f56bfc062723c751e8b465ee728b) (PreviewImporter) -> (artifact id: '00000000000000000000000000000000') in 0.0006348 seconds
Import Error Code:(4)
Message: Build asset version error: assets/scripts/ui/playerpanelui.cs in SourceAssetDB has modification time of '2026-09-16T09:00:09.2695907Z' while content on disk has modification time of '2026-09-16T09:00:15.7744939Z'
  ERROR: Build asset version error: assets/scripts/ui/playerpanelui.cs in SourceAssetDB has modification time of '2026-09-16T09:00:09.2695907Z' while content on disk has modification time of '2026-09-16T09:00:15.7744939Z'
Number of updated asset objects reloaded before import = 0Number of asset objects unloaded after import = 0

========================================================================
Received Import Request.
  Time since last request: 0.000027 seconds.
  path: Assets/Scripts/UI/PlayerPanelUI.cs
  artifactKey: Guid(afacdfdfe7572954f85b60af6e8dda54) Importer(815301076,1909f56bfc062723c751e8b465ee728b)
Start importing Assets/Scripts/UI/PlayerPanelUI.cs using Guid(afacdfdfe7572954f85b60af6e8dda54) Importer(815301076,1909f56bfc062723c751e8b465ee728b) (PreviewImporter) -> (artifact id: '00000000000000000000000000000000') in 0.0006839 seconds
Import Error Code:(4)
Message: Build asset version error: assets/scripts/ui/playerpanelui.cs in SourceAssetDB has modification time of '2026-09-16T09:00:09.2695907Z' while content on disk has modification time of '2026-09-16T09:00:15.7744939Z'
  ERROR: Build asset version error: assets/scripts/ui/playerpanelui.cs in SourceAssetDB has modification time of '2026-09-16T09:00:09.2695907Z' while content on disk has modification time of '2026-09-16T09:00:15.7744939Z'
Number of updated asset objects reloaded before import = 0Number of asset objects unloaded after import = 0

========================================================================
Received Import Request.
  Time since last request: 0.000022 seconds.
  path: Assets/Scripts/UI/PlayerPanelUI.cs
  artifactKey: Guid(afacdfdfe7572954f85b60af6e8dda54) Importer(815301076,1909f56bfc062723c751e8b465ee728b)
Start importing Assets/Scripts/UI/PlayerPanelUI.cs using Guid(afacdfdfe7572954f85b60af6e8dda54) Importer(815301076,1909f56bfc062723c751e8b465ee728b) (PreviewImporter) -> (artifact id: '00000000000000000000000000000000') in 0.0007808 seconds
Import Error Code:(4)
Message: Build asset version error: assets/scripts/ui/playerpanelui.cs in SourceAssetDB has modification time of '2026-09-16T09:00:09.2695907Z' while content on disk has modification time of '2026-09-16T09:00:15.7744939Z'
  ERROR: Build asset version error: assets/scripts/ui/playerpanelui.cs in SourceAssetDB has modification time of '2026-09-16T09:00:09.2695907Z' while content on disk has modification time of '2026-09-16T09:00:15.7744939Z'
Number of updated asset objects reloaded before import = 0Number of asset objects unloaded after import = 0

========================================================================
Received Import Request.
  Time since last request: 0.000025 seconds.
  path: Assets/Scripts/UI/PlayerPanelUI.cs
  artifactKey: Guid(afacdfdfe7572954f85b60af6e8dda54) Importer(815301076,1909f56bfc062723c751e8b465ee728b)
Start importing Assets/Scripts/UI/PlayerPanelUI.cs using Guid(afacdfdfe7572954f85b60af6e8dda54) Importer(815301076,1909f56bfc062723c751e8b465ee728b) (PreviewImporter) -> (artifact id: '00000000000000000000000000000000') in 0.0008356 seconds
Import Error Code:(4)
Message: Build asset version error: assets/scripts/ui/playerpanelui.cs in SourceAssetDB has modification time of '2026-09-16T09:00:09.2695907Z' while content on disk has modification time of '2026-09-16T09:00:15.7744939Z'
  ERROR: Build asset version error: assets/scripts/ui/playerpanelui.cs in SourceAssetDB has modification time of '2026-09-16T09:00:09.2695907Z' while content on disk has modification time of '2026-09-16T09:00:15.7744939Z'
Number of updated asset objects reloaded before import = 0Number of asset objects unloaded after import = 0

========================================================================
Received Import Request.
  Time since last request: 0.000035 seconds.
  path: Assets/Scripts/UI/PlayerPanelUI.cs
  artifactKey: Guid(afacdfdfe7572954f85b60af6e8dda54) Importer(815301076,1909f56bfc062723c751e8b465ee728b)
Start importing Assets/Scripts/UI/PlayerPanelUI.cs using Guid(afacdfdfe7572954f85b60af6e8dda54) Importer(815301076,1909f56bfc062723c751e8b465ee728b) (PreviewImporter) -> (artifact id: '00000000000000000000000000000000') in 0.0006929 seconds
Import Error Code:(4)
Message: Build asset version error: assets/scripts/ui/playerpanelui.cs in SourceAssetDB has modification time of '2026-09-16T09:00:09.2695907Z' while content on disk has modification time of '2026-09-16T09:00:15.7744939Z'
  ERROR: Build asset version error: assets/scripts/ui/playerpanelui.cs in SourceAssetDB has modification time of '2026-09-16T09:00:09.2695907Z' while content on disk has modification time of '2026-09-16T09:00:15.7744939Z'
Number of updated asset objects reloaded before import = 0Number of asset objects unloaded after import = 0

========================================================================
Received Import Request.
  Time since last request: 0.000023 seconds.
  path: Assets/Scripts/UI/PlayerPanelUI.cs
  artifactKey: Guid(afacdfdfe7572954f85b60af6e8dda54) Importer(815301076,1909f56bfc062723c751e8b465ee728b)
Start importing Assets/Scripts/UI/PlayerPanelUI.cs using Guid(afacdfdfe7572954f85b60af6e8dda54) Importer(815301076,1909f56bfc062723c751e8b465ee728b) (PreviewImporter) -> (artifact id: '00000000000000000000000000000000') in 0.0007585 seconds
Import Error Code:(4)
Message: Build asset version error: assets/scripts/ui/playerpanelui.cs in SourceAssetDB has modification time of '2026-09-16T09:00:09.2695907Z' while content on disk has modification time of '2026-09-16T09:00:15.7744939Z'
  ERROR: Build asset version error: assets/scripts/ui/playerpanelui.cs in SourceAssetDB has modification time of '2026-09-16T09:00:09.2695907Z' while content on disk has modification time of '2026-09-16T09:00:15.7744939Z'
Number of updated asset objects reloaded before import = 0Number of asset objects unloaded after import = 0

========================================================================
Received Import Request.
  Time since last request: 0.000020 seconds.
  path: Assets/Scripts/UI/PlayerPanelUI.cs
  artifactKey: Guid(afacdfdfe7572954f85b60af6e8dda54) Importer(815301076,1909f56bfc062723c751e8b465ee728b)
Start importing Assets/Scripts/UI/PlayerPanelUI.cs using Guid(afacdfdfe7572954f85b60af6e8dda54) Importer(815301076,1909f56bfc062723c751e8b465ee728b) (PreviewImporter) -> (artifact id: '00000000000000000000000000000000') in 0.0009499 seconds
Import Error Code:(4)
Message: Build asset version error: assets/scripts/ui/playerpanelui.cs in SourceAssetDB has modification time of '2026-09-16T09:00:09.2695907Z' while content on disk has modification time of '2026-09-16T09:00:15.7744939Z'
  ERROR: Build asset version error: assets/scripts/ui/playerpanelui.cs in SourceAssetDB has modification time of '2026-09-16T09:00:09.2695907Z' while content on disk has modification time of '2026-09-16T09:00:15.7744939Z'
Number of updated asset objects reloaded before import = 0Number of asset objects unloaded after import = 0

========================================================================
Received Import Request.
  Time since last request: 0.000022 seconds.
  path: Assets/Scripts/UI/PlayerPanelUI.cs
  artifactKey: Guid(afacdfdfe7572954f85b60af6e8dda54) Importer(815301076,1909f56bfc062723c751e8b465ee728b)
Start importing Assets/Scripts/UI/PlayerPanelUI.cs using Guid(afacdfdfe7572954f85b60af6e8dda54) Importer(815301076,1909f56bfc062723c751e8b465ee728b) (PreviewImporter) -> (artifact id: '00000000000000000000000000000000') in 0.0007011 seconds
Import Error Code:(4)
Message: Build asset version error: assets/scripts/ui/playerpanelui.cs in SourceAssetDB has modification time of '2026-09-16T09:00:09.2695907Z' while content on disk has modification time of '2026-09-16T09:00:15.7744939Z'
  ERROR: Build asset version error: assets/scripts/ui/playerpanelui.cs in SourceAssetDB has modification time of '2026-09-16T09:00:09.2695907Z' while content on disk has modification time of '2026-09-16T09:00:15.7744939Z'
Number of updated asset objects reloaded before import = 0Number of asset objects unloaded after import = 0

========================================================================
Received Import Request.
  Time since last request: 0.000021 seconds.
  path: Assets/Scripts/UI/PlayerPanelUI.cs
  artifactKey: Guid(afacdfdfe7572954f85b60af6e8dda54) Importer(815301076,1909f56bfc062723c751e8b465ee728b)
Start importing Assets/Scripts/UI/PlayerPanelUI.cs using Guid(afacdfdfe7572954f85b60af6e8dda54) Importer(815301076,1909f56bfc062723c751e8b465ee728b) (PreviewImporter) -> (artifact id: '00000000000000000000000000000000') in 0.0005665 seconds
Import Error Code:(4)
Message: Build asset version error: assets/scripts/ui/playerpanelui.cs in SourceAssetDB has modification time of '2026-09-16T09:00:09.2695907Z' while content on disk has modification time of '2026-09-16T09:00:15.7744939Z'
  ERROR: Build asset version error: assets/scripts/ui/playerpanelui.cs in SourceAssetDB has modification time of '2026-09-16T09:00:09.2695907Z' while content on disk has modification time of '2026-09-16T09:00:15.7744939Z'
Number of updated asset objects reloaded before import = 0Number of asset objects unloaded after import = 0

========================================================================
Received Import Request.
  Time since last request: 0.000030 seconds.
  path: Assets/Scripts/UI/PlayerPanelUI.cs
  artifactKey: Guid(afacdfdfe7572954f85b60af6e8dda54) Importer(815301076,1909f56bfc062723c751e8b465ee728b)
Start importing Assets/Scripts/UI/PlayerPanelUI.cs using Guid(afacdfdfe7572954f85b60af6e8dda54) Importer(815301076,1909f56bfc062723c751e8b465ee728b) (PreviewImporter) -> (artifact id: '00000000000000000000000000000000') in 0.0005693 seconds
Import Error Code:(4)
Message: Build asset version error: assets/scripts/ui/playerpanelui.cs in SourceAssetDB has modification time of '2026-09-16T09:00:09.2695907Z' while content on disk has modification time of '2026-09-16T09:00:15.7744939Z'
  ERROR: Build asset version error: assets/scripts/ui/playerpanelui.cs in SourceAssetDB has modification time of '2026-09-16T09:00:09.2695907Z' while content on disk has modification time of '2026-09-16T09:00:15.7744939Z'
Number of updated asset objects reloaded before import = 0Number of asset objects unloaded after import = 0

========================================================================
Received Import Request.
  Time since last request: 0.000023 seconds.
  path: Assets/Scripts/UI/PlayerPanelUI.cs
  artifactKey: Guid(afacdfdfe7572954f85b60af6e8dda54) Importer(815301076,1909f56bfc062723c751e8b465ee728b)
Start importing Assets/Scripts/UI/PlayerPanelUI.cs using Guid(afacdfdfe7572954f85b60af6e8dda54) Importer(815301076,1909f56bfc062723c751e8b465ee728b) (PreviewImporter) -> (artifact id: '00000000000000000000000000000000') in 0.0006365 seconds
Import Error Code:(4)
Message: Build asset version error: assets/scripts/ui/playerpanelui.cs in SourceAssetDB has modification time of '2026-09-16T09:00:09.2695907Z' while content on disk has modification time of '2026-09-16T09:00:15.7744939Z'
  ERROR: Build asset version error: assets/scripts/ui/playerpanelui.cs in SourceAssetDB has modification time of '2026-09-16T09:00:09.2695907Z' while content on disk has modification time of '2026-09-16T09:00:15.7744939Z'
Number of updated asset objects reloaded before import = 0Number of asset objects unloaded after import = 0

========================================================================
Received Import Request.
  Time since last request: 0.000018 seconds.
  path: Assets/Scripts/UI/PlayerPanelUI.cs
  artifactKey: Guid(afacdfdfe7572954f85b60af6e8dda54) Importer(815301076,1909f56bfc062723c751e8b465ee728b)
Start importing Assets/Scripts/UI/PlayerPanelUI.cs using Guid(afacdfdfe7572954f85b60af6e8dda54) Importer(815301076,1909f56bfc062723c751e8b465ee728b) (PreviewImporter) -> (artifact id: '00000000000000000000000000000000') in 0.0006659 seconds
Import Error Code:(4)
Message: Build asset version error: assets/scripts/ui/playerpanelui.cs in SourceAssetDB has modification time of '2026-09-16T09:00:09.2695907Z' while content on disk has modification time of '2026-09-16T09:00:15.7744939Z'
  ERROR: Build asset version error: assets/scripts/ui/playerpanelui.cs in SourceAssetDB has modification time of '2026-09-16T09:00:09.2695907Z' while content on disk has modification time of '2026-09-16T09:00:15.7744939Z'
Number of updated asset objects reloaded before import = 0Number of asset objects unloaded after import = 0

========================================================================
Received Import Request.
  Time since last request: 0.000024 seconds.
  path: Assets/Scripts/UI/PlayerPanelUI.cs
  artifactKey: Guid(afacdfdfe7572954f85b60af6e8dda54) Importer(815301076,1909f56bfc062723c751e8b465ee728b)
Start importing Assets/Scripts/UI/PlayerPanelUI.cs using Guid(afacdfdfe7572954f85b60af6e8dda54) Importer(815301076,1909f56bfc062723c751e8b465ee728b) (PreviewImporter) -> (artifact id: '00000000000000000000000000000000') in 0.0005803 seconds
Import Error Code:(4)
Message: Build asset version error: assets/scripts/ui/playerpanelui.cs in SourceAssetDB has modification time of '2026-09-16T09:00:09.2695907Z' while content on disk has modification time of '2026-09-16T09:00:15.7744939Z'
  ERROR: Build asset version error: assets/scripts/ui/playerpanelui.cs in SourceAssetDB has modification time of '2026-09-16T09:00:09.2695907Z' while content on disk has modification time of '2026-09-16T09:00:15.7744939Z'
Number of updated asset objects reloaded before import = 0Number of asset objects unloaded after import = 0

========================================================================
Received Import Request.
  Time since last request: 0.000028 seconds.
  path: Assets/Scripts/UI/PlayerPanelUI.cs
  artifactKey: Guid(afacdfdfe7572954f85b60af6e8dda54) Importer(815301076,1909f56bfc062723c751e8b465ee728b)
Start importing Assets/Scripts/UI/PlayerPanelUI.cs using Guid(afacdfdfe7572954f85b60af6e8dda54) Importer(815301076,1909f56bfc062723c751e8b465ee728b) (PreviewImporter) -> (artifact id: '00000000000000000000000000000000') in 0.0005895 seconds
Import Error Code:(4)
Message: Build asset version error: assets/scripts/ui/playerpanelui.cs in SourceAssetDB has modification time of '2026-09-16T09:00:09.2695907Z' while content on disk has modification time of '2026-09-16T09:00:15.7744939Z'
  ERROR: Build asset version error: assets/scripts/ui/playerpanelui.cs in SourceAssetDB has modification time of '2026-09-16T09:00:09.2695907Z' while content on disk has modification time of '2026-09-16T09:00:15.7744939Z'
Number of updated asset objects reloaded before import = 0Number of asset objects unloaded after import = 0

========================================================================
Received Import Request.
  Time since last request: 0.000029 seconds.
  path: Assets/Scripts/UI/PlayerPanelUI.cs
  artifactKey: Guid(afacdfdfe7572954f85b60af6e8dda54) Importer(815301076,1909f56bfc062723c751e8b465ee728b)
Start importing Assets/Scripts/UI/PlayerPanelUI.cs using Guid(afacdfdfe7572954f85b60af6e8dda54) Importer(815301076,1909f56bfc062723c751e8b465ee728b) (PreviewImporter) -> (artifact id: '00000000000000000000000000000000') in 0.0006116 seconds
Import Error Code:(4)
Message: Build asset version error: assets/scripts/ui/playerpanelui.cs in SourceAssetDB has modification time of '2026-09-16T09:00:09.2695907Z' while content on disk has modification time of '2026-09-16T09:00:15.7744939Z'
  ERROR: Build asset version error: assets/scripts/ui/playerpanelui.cs in SourceAssetDB has modification time of '2026-09-16T09:00:09.2695907Z' while content on disk has modification time of '2026-09-16T09:00:15.7744939Z'
Number of updated asset objects reloaded before import = 0Number of asset objects unloaded after import = 0

========================================================================
Received Import Request.
  Time since last request: 0.000020 seconds.
  path: Assets/Scripts/UI/PlayerPanelUI.cs
  artifactKey: Guid(afacdfdfe7572954f85b60af6e8dda54) Importer(815301076,1909f56bfc062723c751e8b465ee728b)
Start importing Assets/Scripts/UI/PlayerPanelUI.cs using Guid(afacdfdfe7572954f85b60af6e8dda54) Importer(815301076,1909f56bfc062723c751e8b465ee728b) (PreviewImporter) -> (artifact id: '00000000000000000000000000000000') in 0.0005195 seconds
Import Error Code:(4)
Message: Build asset version error: assets/scripts/ui/playerpanelui.cs in SourceAssetDB has modification time of '2026-09-16T09:00:09.2695907Z' while content on disk has modification time of '2026-09-16T09:00:15.7744939Z'
  ERROR: Build asset version error: assets/scripts/ui/playerpanelui.cs in SourceAssetDB has modification time of '2026-09-16T09:00:09.2695907Z' while content on disk has modification time of '2026-09-16T09:00:15.7744939Z'
Number of updated asset objects reloaded before import = 0Number of asset objects unloaded after import = 0

========================================================================
Received Import Request.
  Time since last request: 0.000020 seconds.
  path: Assets/Scripts/UI/PlayerPanelUI.cs
  artifactKey: Guid(afacdfdfe7572954f85b60af6e8dda54) Importer(815301076,1909f56bfc062723c751e8b465ee728b)
Start importing Assets/Scripts/UI/PlayerPanelUI.cs using Guid(afacdfdfe7572954f85b60af6e8dda54) Importer(815301076,1909f56bfc062723c751e8b465ee728b) (PreviewImporter) -> (artifact id: '00000000000000000000000000000000') in 0.0006779 seconds
Import Error Code:(4)
Message: Build asset version error: assets/scripts/ui/playerpanelui.cs in SourceAssetDB has modification time of '2026-09-16T09:00:09.2695907Z' while content on disk has modification time of '2026-09-16T09:00:15.7744939Z'
  ERROR: Build asset version error: assets/scripts/ui/playerpanelui.cs in SourceAssetDB has modification time of '2026-09-16T09:00:09.2695907Z' while content on disk has modification time of '2026-09-16T09:00:15.7744939Z'
Number of updated asset objects reloaded before import = 0Number of asset objects unloaded after import = 0

========================================================================
Received Import Request.
  Time since last request: 0.000024 seconds.
  path: Assets/Scripts/UI/PlayerPanelUI.cs
  artifactKey: Guid(afacdfdfe7572954f85b60af6e8dda54) Importer(815301076,1909f56bfc062723c751e8b465ee728b)
Start importing Assets/Scripts/UI/PlayerPanelUI.cs using Guid(afacdfdfe7572954f85b60af6e8dda54) Importer(815301076,1909f56bfc062723c751e8b465ee728b) (PreviewImporter) -> (artifact id: '00000000000000000000000000000000') in 0.0008428 seconds
Import Error Code:(4)
Message: Build asset version error: assets/scripts/ui/playerpanelui.cs in SourceAssetDB has modification time of '2026-09-16T09:00:09.2695907Z' while content on disk has modification time of '2026-09-16T09:00:15.7744939Z'
  ERROR: Build asset version error: assets/scripts/ui/playerpanelui.cs in SourceAssetDB has modification time of '2026-09-16T09:00:09.2695907Z' while content on disk has modification time of '2026-09-16T09:00:15.7744939Z'
Number of updated asset objects reloaded before import = 0Number of asset objects unloaded after import = 0

========================================================================
Received Import Request.
  Time since last request: 0.000020 seconds.
  path: Assets/Scripts/UI/PlayerPanelUI.cs
  artifactKey: Guid(afacdfdfe7572954f85b60af6e8dda54) Importer(815301076,1909f56bfc062723c751e8b465ee728b)
Start importing Assets/Scripts/UI/PlayerPanelUI.cs using Guid(afacdfdfe7572954f85b60af6e8dda54) Importer(815301076,1909f56bfc062723c751e8b465ee728b) (PreviewImporter) -> (artifact id: '00000000000000000000000000000000') in 0.0006123 seconds
Import Error Code:(4)
Message: Build asset version error: assets/scripts/ui/playerpanelui.cs in SourceAssetDB has modification time of '2026-09-16T09:00:09.2695907Z' while content on disk has modification time of '2026-09-16T09:00:15.7744939Z'
  ERROR: Build asset version error: assets/scripts/ui/playerpanelui.cs in SourceAssetDB has modification time of '2026-09-16T09:00:09.2695907Z' while content on disk has modification time of '2026-09-16T09:00:15.7744939Z'
Number of updated asset objects reloaded before import = 0Number of asset objects unloaded after import = 0

========================================================================
Received Import Request.
  Time since last request: 0.000020 seconds.
  path: Assets/Scripts/UI/PlayerPanelUI.cs
  artifactKey: Guid(afacdfdfe7572954f85b60af6e8dda54) Importer(815301076,1909f56bfc062723c751e8b465ee728b)
Start importing Assets/Scripts/UI/PlayerPanelUI.cs using Guid(afacdfdfe7572954f85b60af6e8dda54) Importer(815301076,1909f56bfc062723c751e8b465ee728b) (PreviewImporter) -> (artifact id: '00000000000000000000000000000000') in 0.0006369 seconds
Import Error Code:(4)
Message: Build asset version error: assets/scripts/ui/playerpanelui.cs in SourceAssetDB has modification time of '2026-09-16T09:00:09.2695907Z' while content on disk has modification time of '2026-09-16T09:00:15.7744939Z'
  ERROR: Build asset version error: assets/scripts/ui/playerpanelui.cs in SourceAssetDB has modification time of '2026-09-16T09:00:09.2695907Z' while content on disk has modification time of '2026-09-16T09:00:15.7744939Z'
Number of updated asset objects reloaded before import = 0Number of asset objects unloaded after import = 0

========================================================================
Received Import Request.
  Time since last request: 0.000040 seconds.
  path: Assets/Scripts/UI/PlayerPanelUI.cs
  artifactKey: Guid(afacdfdfe7572954f85b60af6e8dda54) Importer(815301076,1909f56bfc062723c751e8b465ee728b)
Start importing Assets/Scripts/UI/PlayerPanelUI.cs using Guid(afacdfdfe7572954f85b60af6e8dda54) Importer(815301076,1909f56bfc062723c751e8b465ee728b) (PreviewImporter) -> (artifact id: '00000000000000000000000000000000') in 0.0006052 seconds
Import Error Code:(4)
Message: Build asset version error: assets/scripts/ui/playerpanelui.cs in SourceAssetDB has modification time of '2026-09-16T09:00:09.2695907Z' while content on disk has modification time of '2026-09-16T09:00:15.7744939Z'
  ERROR: Build asset version error: assets/scripts/ui/playerpanelui.cs in SourceAssetDB has modification time of '2026-09-16T09:00:09.2695907Z' while content on disk has modification time of '2026-09-16T09:00:15.7744939Z'
Number of updated asset objects reloaded before import = 0Number of asset objects unloaded after import = 0

========================================================================
Received Import Request.
  Time since last request: 0.000022 seconds.
  path: Assets/Scripts/UI/PlayerPanelUI.cs
  artifactKey: Guid(afacdfdfe7572954f85b60af6e8dda54) Importer(815301076,1909f56bfc062723c751e8b465ee728b)
Start importing Assets/Scripts/UI/PlayerPanelUI.cs using Guid(afacdfdfe7572954f85b60af6e8dda54) Importer(815301076,1909f56bfc062723c751e8b465ee728b) (PreviewImporter) -> (artifact id: '00000000000000000000000000000000') in 0.0006083 seconds
Import Error Code:(4)
Message: Build asset version error: assets/scripts/ui/playerpanelui.cs in SourceAssetDB has modification time of '2026-09-16T09:00:09.2695907Z' while content on disk has modification time of '2026-09-16T09:00:15.7744939Z'
  ERROR: Build asset version error: assets/scripts/ui/playerpanelui.cs in SourceAssetDB has modification time of '2026-09-16T09:00:09.2695907Z' while content on disk has modification time of '2026-09-16T09:00:15.7744939Z'
Number of updated asset objects reloaded before import = 0Number of asset objects unloaded after import = 0

========================================================================
Received Import Request.
  Time since last request: 0.000018 seconds.
  path: Assets/Scripts/UI/PlayerPanelUI.cs
  artifactKey: Guid(afacdfdfe7572954f85b60af6e8dda54) Importer(815301076,1909f56bfc062723c751e8b465ee728b)
Start importing Assets/Scripts/UI/PlayerPanelUI.cs using Guid(afacdfdfe7572954f85b60af6e8dda54) Importer(815301076,1909f56bfc062723c751e8b465ee728b) (PreviewImporter) -> (artifact id: '00000000000000000000000000000000') in 0.0005379 seconds
Import Error Code:(4)
Message: Build asset version error: assets/scripts/ui/playerpanelui.cs in SourceAssetDB has modification time of '2026-09-16T09:00:09.2695907Z' while content on disk has modification time of '2026-09-16T09:00:15.7744939Z'
  ERROR: Build asset version error: assets/scripts/ui/playerpanelui.cs in SourceAssetDB has modification time of '2026-09-16T09:00:09.2695907Z' while content on disk has modification time of '2026-09-16T09:00:15.7744939Z'
Number of updated asset objects reloaded before import = 0Number of asset objects unloaded after import = 0

========================================================================
Received Import Request.
  Time since last request: 0.000017 seconds.
  path: Assets/Scripts/UI/PlayerPanelUI.cs
  artifactKey: Guid(afacdfdfe7572954f85b60af6e8dda54) Importer(815301076,1909f56bfc062723c751e8b465ee728b)
Start importing Assets/Scripts/UI/PlayerPanelUI.cs using Guid(afacdfdfe7572954f85b60af6e8dda54) Importer(815301076,1909f56bfc062723c751e8b465ee728b) (PreviewImporter) -> (artifact id: '00000000000000000000000000000000') in 0.0007083 seconds
Import Error Code:(4)
Message: Build asset version error: assets/scripts/ui/playerpanelui.cs in SourceAssetDB has modification time of '2026-09-16T09:00:09.2695907Z' while content on disk has modification time of '2026-09-16T09:00:15.7744939Z'
  ERROR: Build asset version error: assets/scripts/ui/playerpanelui.cs in SourceAssetDB has modification time of '2026-09-16T09:00:09.2695907Z' while content on disk has modification time of '2026-09-16T09:00:15.7744939Z'
Number of updated asset objects reloaded before import = 0Number of asset objects unloaded after import = 0

========================================================================
Received Import Request.
  Time since last request: 0.000023 seconds.
  path: Assets/Scripts/UI/PlayerPanelUI.cs
  artifactKey: Guid(afacdfdfe7572954f85b60af6e8dda54) Importer(815301076,1909f56bfc062723c751e8b465ee728b)
Start importing Assets/Scripts/UI/PlayerPanelUI.cs using Guid(afacdfdfe7572954f85b60af6e8dda54) Importer(815301076,1909f56bfc062723c751e8b465ee728b) (PreviewImporter) -> (artifact id: '00000000000000000000000000000000') in 0.0005689 seconds
Import Error Code:(4)
Message: Build asset version error: assets/scripts/ui/playerpanelui.cs in SourceAssetDB has modification time of '2026-09-16T09:00:09.2695907Z' while content on disk has modification time of '2026-09-16T09:00:15.7744939Z'
  ERROR: Build asset version error: assets/scripts/ui/playerpanelui.cs in SourceAssetDB has modification time of '2026-09-16T09:00:09.2695907Z' while content on disk has modification time of '2026-09-16T09:00:15.7744939Z'
Number of updated asset objects reloaded before import = 0Number of asset objects unloaded after import = 0

========================================================================
Received Import Request.
  Time since last request: 0.000028 seconds.
  path: Assets/Scripts/UI/PlayerPanelUI.cs
  artifactKey: Guid(afacdfdfe7572954f85b60af6e8dda54) Importer(815301076,1909f56bfc062723c751e8b465ee728b)
Start importing Assets/Scripts/UI/PlayerPanelUI.cs using Guid(afacdfdfe7572954f85b60af6e8dda54) Importer(815301076,1909f56bfc062723c751e8b465ee728b) (PreviewImporter) -> (artifact id: '00000000000000000000000000000000') in 0.0005925 seconds
Import Error Code:(4)
Message: Build asset version error: assets/scripts/ui/playerpanelui.cs in SourceAssetDB has modification time of '2026-09-16T09:00:09.2695907Z' while content on disk has modification time of '2026-09-16T09:00:15.7744939Z'
  ERROR: Build asset version error: assets/scripts/ui/playerpanelui.cs in SourceAssetDB has modification time of '2026-09-16T09:00:09.2695907Z' while content on disk has modification time of '2026-09-16T09:00:15.7744939Z'
Number of updated asset objects reloaded before import = 0Number of asset objects unloaded after import = 0

========================================================================
Received Import Request.
  Time since last request: 0.000023 seconds.
  path: Assets/Scripts/UI/PlayerPanelUI.cs
  artifactKey: Guid(afacdfdfe7572954f85b60af6e8dda54) Importer(815301076,1909f56bfc062723c751e8b465ee728b)
Start importing Assets/Scripts/UI/PlayerPanelUI.cs using Guid(afacdfdfe7572954f85b60af6e8dda54) Importer(815301076,1909f56bfc062723c751e8b465ee728b) (PreviewImporter) -> (artifact id: '00000000000000000000000000000000') in 0.0007651 seconds
Import Error Code:(4)
Message: Build asset version error: assets/scripts/ui/playerpanelui.cs in SourceAssetDB has modification time of '2026-09-16T09:00:09.2695907Z' while content on disk has modification time of '2026-09-16T09:00:15.7744939Z'
  ERROR: Build asset version error: assets/scripts/ui/playerpanelui.cs in SourceAssetDB has modification time of '2026-09-16T09:00:09.2695907Z' while content on disk has modification time of '2026-09-16T09:00:15.7744939Z'
Number of updated asset objects reloaded before import = 0Number of asset objects unloaded after import = 0

========================================================================
Received Import Request.
  Time since last request: 0.000022 seconds.
  path: Assets/Scripts/UI/PlayerPanelUI.cs
  artifactKey: Guid(afacdfdfe7572954f85b60af6e8dda54) Importer(815301076,1909f56bfc062723c751e8b465ee728b)
Start importing Assets/Scripts/UI/PlayerPanelUI.cs using Guid(afacdfdfe7572954f85b60af6e8dda54) Importer(815301076,1909f56bfc062723c751e8b465ee728b) (PreviewImporter) -> (artifact id: '00000000000000000000000000000000') in 0.0006075 seconds
Import Error Code:(4)
Message: Build asset version error: assets/scripts/ui/playerpanelui.cs in SourceAssetDB has modification time of '2026-09-16T09:00:09.2695907Z' while content on disk has modification time of '2026-09-16T09:00:15.7744939Z'
  ERROR: Build asset version error: assets/scripts/ui/playerpanelui.cs in SourceAssetDB has modification time of '2026-09-16T09:00:09.2695907Z' while content on disk has modification time of '2026-09-16T09:00:15.7744939Z'
Number of updated asset objects reloaded before import = 0Number of asset objects unloaded after import = 0

========================================================================
Received Import Request.
  Time since last request: 0.000023 seconds.
  path: Assets/Scripts/UI/PlayerPanelUI.cs
  artifactKey: Guid(afacdfdfe7572954f85b60af6e8dda54) Importer(815301076,1909f56bfc062723c751e8b465ee728b)
Start importing Assets/Scripts/UI/PlayerPanelUI.cs using Guid(afacdfdfe7572954f85b60af6e8dda54) Importer(815301076,1909f56bfc062723c751e8b465ee728b) (PreviewImporter) -> (artifact id: '00000000000000000000000000000000') in 0.0005715 seconds
Import Error Code:(4)
Message: Build asset version error: assets/scripts/ui/playerpanelui.cs in SourceAssetDB has modification time of '2026-09-16T09:00:09.2695907Z' while content on disk has modification time of '2026-09-16T09:00:15.7744939Z'
  ERROR: Build asset version error: assets/scripts/ui/playerpanelui.cs in SourceAssetDB has modification time of '2026-09-16T09:00:09.2695907Z' while content on disk has modification time of '2026-09-16T09:00:15.7744939Z'
Number of updated asset objects reloaded before import = 0Number of asset objects unloaded after import = 0

========================================================================
Received Import Request.
  Time since last request: 0.000023 seconds.
  path: Assets/Scripts/UI/PlayerPanelUI.cs
  artifactKey: Guid(afacdfdfe7572954f85b60af6e8dda54) Importer(815301076,1909f56bfc062723c751e8b465ee728b)
Start importing Assets/Scripts/UI/PlayerPanelUI.cs using Guid(afacdfdfe7572954f85b60af6e8dda54) Importer(815301076,1909f56bfc062723c751e8b465ee728b) (PreviewImporter) -> (artifact id: '00000000000000000000000000000000') in 0.0006025 seconds
Import Error Code:(4)
Message: Build asset version error: assets/scripts/ui/playerpanelui.cs in SourceAssetDB has modification time of '2026-09-16T09:00:09.2695907Z' while content on disk has modification time of '2026-09-16T09:00:15.7744939Z'
  ERROR: Build asset version error: assets/scripts/ui/playerpanelui.cs in SourceAssetDB has modification time of '2026-09-16T09:00:09.2695907Z' while content on disk has modification time of '2026-09-16T09:00:15.7744939Z'
Number of updated asset objects reloaded before import = 0Number of asset objects unloaded after import = 0

========================================================================
Received Import Request.
  Time since last request: 0.000020 seconds.
  path: Assets/Scripts/UI/PlayerPanelUI.cs
  artifactKey: Guid(afacdfdfe7572954f85b60af6e8dda54) Importer(815301076,1909f56bfc062723c751e8b465ee728b)
Start importing Assets/Scripts/UI/PlayerPanelUI.cs using Guid(afacdfdfe7572954f85b60af6e8dda54) Importer(815301076,1909f56bfc062723c751e8b465ee728b) (PreviewImporter) -> (artifact id: '00000000000000000000000000000000') in 0.0005482 seconds
Import Error Code:(4)
Message: Build asset version error: assets/scripts/ui/playerpanelui.cs in SourceAssetDB has modification time of '2026-09-16T09:00:09.2695907Z' while content on disk has modification time of '2026-09-16T09:00:15.7744939Z'
  ERROR: Build asset version error: assets/scripts/ui/playerpanelui.cs in SourceAssetDB has modification time of '2026-09-16T09:00:09.2695907Z' while content on disk has modification time of '2026-09-16T09:00:15.7744939Z'
Number of updated asset objects reloaded before import = 0Number of asset objects unloaded after import = 0

========================================================================
Received Import Request.
  Time since last request: 0.000029 seconds.
  path: Assets/Scripts/UI/PlayerPanelUI.cs
  artifactKey: Guid(afacdfdfe7572954f85b60af6e8dda54) Importer(815301076,1909f56bfc062723c751e8b465ee728b)
Start importing Assets/Scripts/UI/PlayerPanelUI.cs using Guid(afacdfdfe7572954f85b60af6e8dda54) Importer(815301076,1909f56bfc062723c751e8b465ee728b) (PreviewImporter) -> (artifact id: '00000000000000000000000000000000') in 0.0006762 seconds
Import Error Code:(4)
Message: Build asset version error: assets/scripts/ui/playerpanelui.cs in SourceAssetDB has modification time of '2026-09-16T09:00:09.2695907Z' while content on disk has modification time of '2026-09-16T09:00:15.7744939Z'
  ERROR: Build asset version error: assets/scripts/ui/playerpanelui.cs in SourceAssetDB has modification time of '2026-09-16T09:00:09.2695907Z' while content on disk has modification time of '2026-09-16T09:00:15.7744939Z'
Number of updated asset objects reloaded before import = 0Number of asset objects unloaded after import = 0

========================================================================
Received Import Request.
  Time since last request: 0.000019 seconds.
  path: Assets/Scripts/UI/PlayerPanelUI.cs
  artifactKey: Guid(afacdfdfe7572954f85b60af6e8dda54) Importer(815301076,1909f56bfc062723c751e8b465ee728b)
Start importing Assets/Scripts/UI/PlayerPanelUI.cs using Guid(afacdfdfe7572954f85b60af6e8dda54) Importer(815301076,1909f56bfc062723c751e8b465ee728b) (PreviewImporter) -> (artifact id: '00000000000000000000000000000000') in 0.0006514 seconds
Import Error Code:(4)
Message: Build asset version error: assets/scripts/ui/playerpanelui.cs in SourceAssetDB has modification time of '2026-09-16T09:00:09.2695907Z' while content on disk has modification time of '2026-09-16T09:00:15.7744939Z'
  ERROR: Build asset version error: assets/scripts/ui/playerpanelui.cs in SourceAssetDB has modification time of '2026-09-16T09:00:09.2695907Z' while content on disk has modification time of '2026-09-16T09:00:15.7744939Z'
Number of updated asset objects reloaded before import = 0Number of asset objects unloaded after import = 0

========================================================================
Received Import Request.
  Time since last request: 0.000018 seconds.
  path: Assets/Scripts/UI/PlayerPanelUI.cs
  artifactKey: Guid(afacdfdfe7572954f85b60af6e8dda54) Importer(815301076,1909f56bfc062723c751e8b465ee728b)
Start importing Assets/Scripts/UI/PlayerPanelUI.cs using Guid(afacdfdfe7572954f85b60af6e8dda54) Importer(815301076,1909f56bfc062723c751e8b465ee728b) (PreviewImporter) -> (artifact id: '00000000000000000000000000000000') in 0.00072 seconds
Import Error Code:(4)
Message: Build asset version error: assets/scripts/ui/playerpanelui.cs in SourceAssetDB has modification time of '2026-09-16T09:00:09.2695907Z' while content on disk has modification time of '2026-09-16T09:00:15.7744939Z'
  ERROR: Build asset version error: assets/scripts/ui/playerpanelui.cs in SourceAssetDB has modification time of '2026-09-16T09:00:09.2695907Z' while content on disk has modification time of '2026-09-16T09:00:15.7744939Z'
Number of updated asset objects reloaded before import = 0Number of asset objects unloaded after import = 0

========================================================================
Received Import Request.
  Time since last request: 0.000021 seconds.
  path: Assets/Scripts/UI/PlayerPanelUI.cs
  artifactKey: Guid(afacdfdfe7572954f85b60af6e8dda54) Importer(815301076,1909f56bfc062723c751e8b465ee728b)
Start importing Assets/Scripts/UI/PlayerPanelUI.cs using Guid(afacdfdfe7572954f85b60af6e8dda54) Importer(815301076,1909f56bfc062723c751e8b465ee728b) (PreviewImporter) -> (artifact id: '00000000000000000000000000000000') in 0.0007605 seconds
Import Error Code:(4)
Message: Build asset version error: assets/scripts/ui/playerpanelui.cs in SourceAssetDB has modification time of '2026-09-16T09:00:09.2695907Z' while content on disk has modification time of '2026-09-16T09:00:15.7744939Z'
  ERROR: Build asset version error: assets/scripts/ui/playerpanelui.cs in SourceAssetDB has modification time of '2026-09-16T09:00:09.2695907Z' while content on disk has modification time of '2026-09-16T09:00:15.7744939Z'
Number of updated asset objects reloaded before import = 0Number of asset objects unloaded after import = 0

========================================================================
Received Import Request.
  Time since last request: 0.000024 seconds.
  path: Assets/Scripts/UI/PlayerPanelUI.cs
  artifactKey: Guid(afacdfdfe7572954f85b60af6e8dda54) Importer(815301076,1909f56bfc062723c751e8b465ee728b)
Start importing Assets/Scripts/UI/PlayerPanelUI.cs using Guid(afacdfdfe7572954f85b60af6e8dda54) Importer(815301076,1909f56bfc062723c751e8b465ee728b) (PreviewImporter) -> (artifact id: '00000000000000000000000000000000') in 0.0006893 seconds
Import Error Code:(4)
Message: Build asset version error: assets/scripts/ui/playerpanelui.cs in SourceAssetDB has modification time of '2026-09-16T09:00:09.2695907Z' while content on disk has modification time of '2026-09-16T09:00:15.7744939Z'
  ERROR: Build asset version error: assets/scripts/ui/playerpanelui.cs in SourceAssetDB has modification time of '2026-09-16T09:00:09.2695907Z' while content on disk has modification time of '2026-09-16T09:00:15.7744939Z'
Number of updated asset objects reloaded before import = 0Number of asset objects unloaded after import = 0

========================================================================
Received Import Request.
  Time since last request: 0.000033 seconds.
  path: Assets/Scripts/UI/PlayerPanelUI.cs
  artifactKey: Guid(afacdfdfe7572954f85b60af6e8dda54) Importer(815301076,1909f56bfc062723c751e8b465ee728b)
Start importing Assets/Scripts/UI/PlayerPanelUI.cs using Guid(afacdfdfe7572954f85b60af6e8dda54) Importer(815301076,1909f56bfc062723c751e8b465ee728b) (PreviewImporter) -> (artifact id: '00000000000000000000000000000000') in 0.0006309 seconds
Import Error Code:(4)
Message: Build asset version error: assets/scripts/ui/playerpanelui.cs in SourceAssetDB has modification time of '2026-09-16T09:00:09.2695907Z' while content on disk has modification time of '2026-09-16T09:00:15.7744939Z'
  ERROR: Build asset version error: assets/scripts/ui/playerpanelui.cs in SourceAssetDB has modification time of '2026-09-16T09:00:09.2695907Z' while content on disk has modification time of '2026-09-16T09:00:15.7744939Z'
Number of updated asset objects reloaded before import = 0Number of asset objects unloaded after import = 0

========================================================================
Received Import Request.
  Time since last request: 0.000018 seconds.
  path: Assets/Scripts/UI/PlayerPanelUI.cs
  artifactKey: Guid(afacdfdfe7572954f85b60af6e8dda54) Importer(815301076,1909f56bfc062723c751e8b465ee728b)
Start importing Assets/Scripts/UI/PlayerPanelUI.cs using Guid(afacdfdfe7572954f85b60af6e8dda54) Importer(815301076,1909f56bfc062723c751e8b465ee728b) (PreviewImporter) -> (artifact id: '00000000000000000000000000000000') in 0.0005823 seconds
Import Error Code:(4)
Message: Build asset version error: assets/scripts/ui/playerpanelui.cs in SourceAssetDB has modification time of '2026-09-16T09:00:09.2695907Z' while content on disk has modification time of '2026-09-16T09:00:15.7744939Z'
  ERROR: Build asset version error: assets/scripts/ui/playerpanelui.cs in SourceAssetDB has modification time of '2026-09-16T09:00:09.2695907Z' while content on disk has modification time of '2026-09-16T09:00:15.7744939Z'
Number of updated asset objects reloaded before import = 0Number of asset objects unloaded after import = 0

========================================================================
Received Import Request.
  Time since last request: 0.000021 seconds.
  path: Assets/Scripts/UI/PlayerPanelUI.cs
  artifactKey: Guid(afacdfdfe7572954f85b60af6e8dda54) Importer(815301076,1909f56bfc062723c751e8b465ee728b)
Start importing Assets/Scripts/UI/PlayerPanelUI.cs using Guid(afacdfdfe7572954f85b60af6e8dda54) Importer(815301076,1909f56bfc062723c751e8b465ee728b) (PreviewImporter) -> (artifact id: '00000000000000000000000000000000') in 0.0008325 seconds
Import Error Code:(4)
Message: Build asset version error: assets/scripts/ui/playerpanelui.cs in SourceAssetDB has modification time of '2026-09-16T09:00:09.2695907Z' while content on disk has modification time of '2026-09-16T09:00:15.7744939Z'
  ERROR: Build asset version error: assets/scripts/ui/playerpanelui.cs in SourceAssetDB has modification time of '2026-09-16T09:00:09.2695907Z' while content on disk has modification time of '2026-09-16T09:00:15.7744939Z'
Number of updated asset objects reloaded before import = 0Number of asset objects unloaded after import = 0

========================================================================
Received Import Request.
  Time since last request: 0.000023 seconds.
  path: Assets/Scripts/UI/PlayerPanelUI.cs
  artifactKey: Guid(afacdfdfe7572954f85b60af6e8dda54) Importer(815301076,1909f56bfc062723c751e8b465ee728b)
Start importing Assets/Scripts/UI/PlayerPanelUI.cs using Guid(afacdfdfe7572954f85b60af6e8dda54) Importer(815301076,1909f56bfc062723c751e8b465ee728b) (PreviewImporter) -> (artifact id: '00000000000000000000000000000000') in 0.0006868 seconds
Import Error Code:(4)
Message: Build asset version error: assets/scripts/ui/playerpanelui.cs in SourceAssetDB has modification time of '2026-09-16T09:00:09.2695907Z' while content on disk has modification time of '2026-09-16T09:00:15.7744939Z'
  ERROR: Build asset version error: assets/scripts/ui/playerpanelui.cs in SourceAssetDB has modification time of '2026-09-16T09:00:09.2695907Z' while content on disk has modification time of '2026-09-16T09:00:15.7744939Z'
Number of updated asset objects reloaded before import = 0Number of asset objects unloaded after import = 0

========================================================================
Received Import Request.
  Time since last request: 0.000024 seconds.
  path: Assets/Scripts/UI/PlayerPanelUI.cs
  artifactKey: Guid(afacdfdfe7572954f85b60af6e8dda54) Importer(815301076,1909f56bfc062723c751e8b465ee728b)
Start importing Assets/Scripts/UI/PlayerPanelUI.cs using Guid(afacdfdfe7572954f85b60af6e8dda54) Importer(815301076,1909f56bfc062723c751e8b465ee728b) (PreviewImporter) -> (artifact id: '00000000000000000000000000000000') in 0.0006892 seconds
Import Error Code:(4)
Message: Build asset version error: assets/scripts/ui/playerpanelui.cs in SourceAssetDB has modification time of '2026-09-16T09:00:09.2695907Z' while content on disk has modification time of '2026-09-16T09:00:15.7744939Z'
  ERROR: Build asset version error: assets/scripts/ui/playerpanelui.cs in SourceAssetDB has modification time of '2026-09-16T09:00:09.2695907Z' while content on disk has modification time of '2026-09-16T09:00:15.7744939Z'
Number of updated asset objects reloaded before import = 0Number of asset objects unloaded after import = 0

========================================================================
Received Import Request.
  Time since last request: 0.000041 seconds.
  path: Assets/Scripts/UI/PlayerPanelUI.cs
  artifactKey: Guid(afacdfdfe7572954f85b60af6e8dda54) Importer(815301076,1909f56bfc062723c751e8b465ee728b)
Start importing Assets/Scripts/UI/PlayerPanelUI.cs using Guid(afacdfdfe7572954f85b60af6e8dda54) Importer(815301076,1909f56bfc062723c751e8b465ee728b) (PreviewImporter) -> (artifact id: '00000000000000000000000000000000') in 0.0005804 seconds
Import Error Code:(4)
Message: Build asset version error: assets/scripts/ui/playerpanelui.cs in SourceAssetDB has modification time of '2026-09-16T09:00:09.2695907Z' while content on disk has modification time of '2026-09-16T09:00:15.7744939Z'
  ERROR: Build asset version error: assets/scripts/ui/playerpanelui.cs in SourceAssetDB has modification time of '2026-09-16T09:00:09.2695907Z' while content on disk has modification time of '2026-09-16T09:00:15.7744939Z'
Number of updated asset objects reloaded before import = 0Number of asset objects unloaded after import = 0

========================================================================
Received Import Request.
  Time since last request: 0.000017 seconds.
  path: Assets/Scripts/UI/PlayerPanelUI.cs
  artifactKey: Guid(afacdfdfe7572954f85b60af6e8dda54) Importer(815301076,1909f56bfc062723c751e8b465ee728b)
Start importing Assets/Scripts/UI/PlayerPanelUI.cs using Guid(afacdfdfe7572954f85b60af6e8dda54) Importer(815301076,1909f56bfc062723c751e8b465ee728b) (PreviewImporter) -> (artifact id: '00000000000000000000000000000000') in 0.0006302 seconds
Import Error Code:(4)
Message: Build asset version error: assets/scripts/ui/playerpanelui.cs in SourceAssetDB has modification time of '2026-09-16T09:00:09.2695907Z' while content on disk has modification time of '2026-09-16T09:00:15.7744939Z'
  ERROR: Build asset version error: assets/scripts/ui/playerpanelui.cs in SourceAssetDB has modification time of '2026-09-16T09:00:09.2695907Z' while content on disk has modification time of '2026-09-16T09:00:15.7744939Z'
Number of updated asset objects reloaded before import = 0Number of asset objects unloaded after import = 0

========================================================================
Received Import Request.
  Time since last request: 0.000017 seconds.
  path: Assets/Scripts/UI/PlayerPanelUI.cs
  artifactKey: Guid(afacdfdfe7572954f85b60af6e8dda54) Importer(815301076,1909f56bfc062723c751e8b465ee728b)
Start importing Assets/Scripts/UI/PlayerPanelUI.cs using Guid(afacdfdfe7572954f85b60af6e8dda54) Importer(815301076,1909f56bfc062723c751e8b465ee728b) (PreviewImporter) -> (artifact id: '00000000000000000000000000000000') in 0.0006562 seconds
Import Error Code:(4)
Message: Build asset version error: assets/scripts/ui/playerpanelui.cs in SourceAssetDB has modification time of '2026-09-16T09:00:09.2695907Z' while content on disk has modification time of '2026-09-16T09:00:15.7744939Z'
  ERROR: Build asset version error: assets/scripts/ui/playerpanelui.cs in SourceAssetDB has modification time of '2026-09-16T09:00:09.2695907Z' while content on disk has modification time of '2026-09-16T09:00:15.7744939Z'
Number of updated asset objects reloaded before import = 0Number of asset objects unloaded after import = 0

========================================================================
Received Import Request.
  Time since last request: 0.000017 seconds.
  path: Assets/Scripts/UI/PlayerPanelUI.cs
  artifactKey: Guid(afacdfdfe7572954f85b60af6e8dda54) Importer(815301076,1909f56bfc062723c751e8b465ee728b)
Start importing Assets/Scripts/UI/PlayerPanelUI.cs using Guid(afacdfdfe7572954f85b60af6e8dda54) Importer(815301076,1909f56bfc062723c751e8b465ee728b) (PreviewImporter) -> (artifact id: '00000000000000000000000000000000') in 0.0006125 seconds
Import Error Code:(4)
Message: Build asset version error: assets/scripts/ui/playerpanelui.cs in SourceAssetDB has modification time of '2026-09-16T09:00:09.2695907Z' while content on disk has modification time of '2026-09-16T09:00:15.7744939Z'
  ERROR: Build asset version error: assets/scripts/ui/playerpanelui.cs in SourceAssetDB has modification time of '2026-09-16T09:00:09.2695907Z' while content on disk has modification time of '2026-09-16T09:00:15.7744939Z'
Number of updated asset objects reloaded before import = 0Number of asset objects unloaded after import = 0

========================================================================
Received Import Request.
  Time since last request: 0.000022 seconds.
  path: Assets/Scripts/UI/PlayerPanelUI.cs
  artifactKey: Guid(afacdfdfe7572954f85b60af6e8dda54) Importer(815301076,1909f56bfc062723c751e8b465ee728b)
Start importing Assets/Scripts/UI/PlayerPanelUI.cs using Guid(afacdfdfe7572954f85b60af6e8dda54) Importer(815301076,1909f56bfc062723c751e8b465ee728b) (PreviewImporter) -> (artifact id: '00000000000000000000000000000000') in 0.0006039 seconds
Import Error Code:(4)
Message: Build asset version error: assets/scripts/ui/playerpanelui.cs in SourceAssetDB has modification time of '2026-09-16T09:00:09.2695907Z' while content on disk has modification time of '2026-09-16T09:00:15.7744939Z'
  ERROR: Build asset version error: assets/scripts/ui/playerpanelui.cs in SourceAssetDB has modification time of '2026-09-16T09:00:09.2695907Z' while content on disk has modification time of '2026-09-16T09:00:15.7744939Z'
Number of updated asset objects reloaded before import = 0Number of asset objects unloaded after import = 0

========================================================================
Received Import Request.
  Time since last request: 0.000020 seconds.
  path: Assets/Scripts/UI/PlayerPanelUI.cs
  artifactKey: Guid(afacdfdfe7572954f85b60af6e8dda54) Importer(815301076,1909f56bfc062723c751e8b465ee728b)
Start importing Assets/Scripts/UI/PlayerPanelUI.cs using Guid(afacdfdfe7572954f85b60af6e8dda54) Importer(815301076,1909f56bfc062723c751e8b465ee728b) (PreviewImporter) -> (artifact id: '00000000000000000000000000000000') in 0.0005561 seconds
Import Error Code:(4)
Message: Build asset version error: assets/scripts/ui/playerpanelui.cs in SourceAssetDB has modification time of '2026-09-16T09:00:09.2695907Z' while content on disk has modification time of '2026-09-16T09:00:15.7744939Z'
  ERROR: Build asset version error: assets/scripts/ui/playerpanelui.cs in SourceAssetDB has modification time of '2026-09-16T09:00:09.2695907Z' while content on disk has modification time of '2026-09-16T09:00:15.7744939Z'
Number of updated asset objects reloaded before import = 0Number of asset objects unloaded after import = 0

========================================================================
Received Import Request.
  Time since last request: 0.000038 seconds.
  path: Assets/Scripts/UI/PlayerPanelUI.cs
  artifactKey: Guid(afacdfdfe7572954f85b60af6e8dda54) Importer(815301076,1909f56bfc062723c751e8b465ee728b)
Start importing Assets/Scripts/UI/PlayerPanelUI.cs using Guid(afacdfdfe7572954f85b60af6e8dda54) Importer(815301076,1909f56bfc062723c751e8b465ee728b) (PreviewImporter) -> (artifact id: '00000000000000000000000000000000') in 0.0006631 seconds
Import Error Code:(4)
Message: Build asset version error: assets/scripts/ui/playerpanelui.cs in SourceAssetDB has modification time of '2026-09-16T09:00:09.2695907Z' while content on disk has modification time of '2026-09-16T09:00:15.7744939Z'
  ERROR: Build asset version error: assets/scripts/ui/playerpanelui.cs in SourceAssetDB has modification time of '2026-09-16T09:00:09.2695907Z' while content on disk has modification time of '2026-09-16T09:00:15.7744939Z'
Number of updated asset objects reloaded before import = 0Number of asset objects unloaded after import = 0

========================================================================
Received Import Request.
  Time since last request: 0.000023 seconds.
  path: Assets/Scripts/UI/PlayerPanelUI.cs
  artifactKey: Guid(afacdfdfe7572954f85b60af6e8dda54) Importer(815301076,1909f56bfc062723c751e8b465ee728b)
Start importing Assets/Scripts/UI/PlayerPanelUI.cs using Guid(afacdfdfe7572954f85b60af6e8dda54) Importer(815301076,1909f56bfc062723c751e8b465ee728b) (PreviewImporter) -> (artifact id: '00000000000000000000000000000000') in 0.000649 seconds
Import Error Code:(4)
Message: Build asset version error: assets/scripts/ui/playerpanelui.cs in SourceAssetDB has modification time of '2026-09-16T09:00:09.2695907Z' while content on disk has modification time of '2026-09-16T09:00:15.7744939Z'
  ERROR: Build asset version error: assets/scripts/ui/playerpanelui.cs in SourceAssetDB has modification time of '2026-09-16T09:00:09.2695907Z' while content on disk has modification time of '2026-09-16T09:00:15.7744939Z'
Number of updated asset objects reloaded before import = 0Number of asset objects unloaded after import = 0

========================================================================
Received Import Request.
  Time since last request: 0.000022 seconds.
  path: Assets/Scripts/UI/PlayerPanelUI.cs
  artifactKey: Guid(afacdfdfe7572954f85b60af6e8dda54) Importer(815301076,1909f56bfc062723c751e8b465ee728b)
Start importing Assets/Scripts/UI/PlayerPanelUI.cs using Guid(afacdfdfe7572954f85b60af6e8dda54) Importer(815301076,1909f56bfc062723c751e8b465ee728b) (PreviewImporter) -> (artifact id: '00000000000000000000000000000000') in 0.0005639 seconds
Import Error Code:(4)
Message: Build asset version error: assets/scripts/ui/playerpanelui.cs in SourceAssetDB has modification time of '2026-09-16T09:00:09.2695907Z' while content on disk has modification time of '2026-09-16T09:00:15.7744939Z'
  ERROR: Build asset version error: assets/scripts/ui/playerpanelui.cs in SourceAssetDB has modification time of '2026-09-16T09:00:09.2695907Z' while content on disk has modification time of '2026-09-16T09:00:15.7744939Z'
Number of updated asset objects reloaded before import = 0Number of asset objects unloaded after import = 0

========================================================================
Received Import Request.
  Time since last request: 0.000023 seconds.
  path: Assets/Scripts/UI/PlayerPanelUI.cs
  artifactKey: Guid(afacdfdfe7572954f85b60af6e8dda54) Importer(815301076,1909f56bfc062723c751e8b465ee728b)
Start importing Assets/Scripts/UI/PlayerPanelUI.cs using Guid(afacdfdfe7572954f85b60af6e8dda54) Importer(815301076,1909f56bfc062723c751e8b465ee728b) (PreviewImporter) -> (artifact id: '00000000000000000000000000000000') in 0.0006059 seconds
Import Error Code:(4)
Message: Build asset version error: assets/scripts/ui/playerpanelui.cs in SourceAssetDB has modification time of '2026-09-16T09:00:09.2695907Z' while content on disk has modification time of '2026-09-16T09:00:15.7744939Z'
  ERROR: Build asset version error: assets/scripts/ui/playerpanelui.cs in SourceAssetDB has modification time of '2026-09-16T09:00:09.2695907Z' while content on disk has modification time of '2026-09-16T09:00:15.7744939Z'
Number of updated asset objects reloaded before import = 0Number of asset objects unloaded after import = 0

========================================================================
Received Import Request.
  Time since last request: 0.000019 seconds.
  path: Assets/Scripts/UI/PlayerPanelUI.cs
  artifactKey: Guid(afacdfdfe7572954f85b60af6e8dda54) Importer(815301076,1909f56bfc062723c751e8b465ee728b)
Start importing Assets/Scripts/UI/PlayerPanelUI.cs using Guid(afacdfdfe7572954f85b60af6e8dda54) Importer(815301076,1909f56bfc062723c751e8b465ee728b) (PreviewImporter) -> (artifact id: '00000000000000000000000000000000') in 0.0007142 seconds
Import Error Code:(4)
Message: Build asset version error: assets/scripts/ui/playerpanelui.cs in SourceAssetDB has modification time of '2026-09-16T09:00:09.2695907Z' while content on disk has modification time of '2026-09-16T09:00:15.7744939Z'
  ERROR: Build asset version error: assets/scripts/ui/playerpanelui.cs in SourceAssetDB has modification time of '2026-09-16T09:00:09.2695907Z' while content on disk has modification time of '2026-09-16T09:00:15.7744939Z'
Number of updated asset objects reloaded before import = 0Number of asset objects unloaded after import = 0

========================================================================
Received Import Request.
  Time since last request: 0.000022 seconds.
  path: Assets/Scripts/UI/PlayerPanelUI.cs
  artifactKey: Guid(afacdfdfe7572954f85b60af6e8dda54) Importer(815301076,1909f56bfc062723c751e8b465ee728b)
Start importing Assets/Scripts/UI/PlayerPanelUI.cs using Guid(afacdfdfe7572954f85b60af6e8dda54) Importer(815301076,1909f56bfc062723c751e8b465ee728b) (PreviewImporter) -> (artifact id: '00000000000000000000000000000000') in 0.0006855 seconds
Import Error Code:(4)
Message: Build asset version error: assets/scripts/ui/playerpanelui.cs in SourceAssetDB has modification time of '2026-09-16T09:00:09.2695907Z' while content on disk has modification time of '2026-09-16T09:00:15.7744939Z'
  ERROR: Build asset version error: assets/scripts/ui/playerpanelui.cs in SourceAssetDB has modification time of '2026-09-16T09:00:09.2695907Z' while content on disk has modification time of '2026-09-16T09:00:15.7744939Z'
Number of updated asset objects reloaded before import = 0Number of asset objects unloaded after import = 0

========================================================================
Received Import Request.
  Time since last request: 0.000035 seconds.
  path: Assets/Scripts/UI/PlayerPanelUI.cs
  artifactKey: Guid(afacdfdfe7572954f85b60af6e8dda54) Importer(815301076,1909f56bfc062723c751e8b465ee728b)
Start importing Assets/Scripts/UI/PlayerPanelUI.cs using Guid(afacdfdfe7572954f85b60af6e8dda54) Importer(815301076,1909f56bfc062723c751e8b465ee728b) (PreviewImporter) -> (artifact id: '00000000000000000000000000000000') in 0.0006717 seconds
Import Error Code:(4)
Message: Build asset version error: assets/scripts/ui/playerpanelui.cs in SourceAssetDB has modification time of '2026-09-16T09:00:09.2695907Z' while content on disk has modification time of '2026-09-16T09:00:15.7744939Z'
  ERROR: Build asset version error: assets/scripts/ui/playerpanelui.cs in SourceAssetDB has modification time of '2026-09-16T09:00:09.2695907Z' while content on disk has modification time of '2026-09-16T09:00:15.7744939Z'
Number of updated asset objects reloaded before import = 0Number of asset objects unloaded after import = 0

========================================================================
Received Import Request.
  Time since last request: 0.000017 seconds.
  path: Assets/Scripts/UI/PlayerPanelUI.cs
  artifactKey: Guid(afacdfdfe7572954f85b60af6e8dda54) Importer(815301076,1909f56bfc062723c751e8b465ee728b)
Start importing Assets/Scripts/UI/PlayerPanelUI.cs using Guid(afacdfdfe7572954f85b60af6e8dda54) Importer(815301076,1909f56bfc062723c751e8b465ee728b) (PreviewImporter) -> (artifact id: '00000000000000000000000000000000') in 0.0005862 seconds
Import Error Code:(4)
Message: Build asset version error: assets/scripts/ui/playerpanelui.cs in SourceAssetDB has modification time of '2026-09-16T09:00:09.2695907Z' while content on disk has modification time of '2026-09-16T09:00:15.7744939Z'
  ERROR: Build asset version error: assets/scripts/ui/playerpanelui.cs in SourceAssetDB has modification time of '2026-09-16T09:00:09.2695907Z' while content on disk has modification time of '2026-09-16T09:00:15.7744939Z'
Number of updated asset objects reloaded before import = 0Number of asset objects unloaded after import = 0

========================================================================
Received Import Request.
  Time since last request: 0.000026 seconds.
  path: Assets/Scripts/UI/PlayerPanelUI.cs
  artifactKey: Guid(afacdfdfe7572954f85b60af6e8dda54) Importer(815301076,1909f56bfc062723c751e8b465ee728b)
Start importing Assets/Scripts/UI/PlayerPanelUI.cs using Guid(afacdfdfe7572954f85b60af6e8dda54) Importer(815301076,1909f56bfc062723c751e8b465ee728b) (PreviewImporter) -> (artifact id: '00000000000000000000000000000000') in 0.0005907 seconds
Import Error Code:(4)
Message: Build asset version error: assets/scripts/ui/playerpanelui.cs in SourceAssetDB has modification time of '2026-09-16T09:00:09.2695907Z' while content on disk has modification time of '2026-09-16T09:00:15.7744939Z'
  ERROR: Build asset version error: assets/scripts/ui/playerpanelui.cs in SourceAssetDB has modification time of '2026-09-16T09:00:09.2695907Z' while content on disk has modification time of '2026-09-16T09:00:15.7744939Z'
Number of updated asset objects reloaded before import = 0Number of asset objects unloaded after import = 0

========================================================================
Received Import Request.
  Time since last request: 0.000017 seconds.
  path: Assets/Scripts/UI/PlayerPanelUI.cs
  artifactKey: Guid(afacdfdfe7572954f85b60af6e8dda54) Importer(815301076,1909f56bfc062723c751e8b465ee728b)
Start importing Assets/Scripts/UI/PlayerPanelUI.cs using Guid(afacdfdfe7572954f85b60af6e8dda54) Importer(815301076,1909f56bfc062723c751e8b465ee728b) (PreviewImporter) -> (artifact id: '00000000000000000000000000000000') in 0.0006388 seconds
Import Error Code:(4)
Message: Build asset version error: assets/scripts/ui/playerpanelui.cs in SourceAssetDB has modification time of '2026-09-16T09:00:09.2695907Z' while content on disk has modification time of '2026-09-16T09:00:15.7744939Z'
  ERROR: Build asset version error: assets/scripts/ui/playerpanelui.cs in SourceAssetDB has modification time of '2026-09-16T09:00:09.2695907Z' while content on disk has modification time of '2026-09-16T09:00:15.7744939Z'
Number of updated asset objects reloaded before import = 0Number of asset objects unloaded after import = 0

========================================================================
Received Import Request.
  Time since last request: 0.000019 seconds.
  path: Assets/Scripts/UI/PlayerPanelUI.cs
  artifactKey: Guid(afacdfdfe7572954f85b60af6e8dda54) Importer(815301076,1909f56bfc062723c751e8b465ee728b)
Start importing Assets/Scripts/UI/PlayerPanelUI.cs using Guid(afacdfdfe7572954f85b60af6e8dda54) Importer(815301076,1909f56bfc062723c751e8b465ee728b) (PreviewImporter) -> (artifact id: '00000000000000000000000000000000') in 0.0005835 seconds
Import Error Code:(4)
Message: Build asset version error: assets/scripts/ui/playerpanelui.cs in SourceAssetDB has modification time of '2026-09-16T09:00:09.2695907Z' while content on disk has modification time of '2026-09-16T09:00:15.7744939Z'
  ERROR: Build asset version error: assets/scripts/ui/playerpanelui.cs in SourceAssetDB has modification time of '2026-09-16T09:00:09.2695907Z' while content on disk has modification time of '2026-09-16T09:00:15.7744939Z'
Number of updated asset objects reloaded before import = 0Number of asset objects unloaded after import = 0

========================================================================
Received Import Request.
  Time since last request: 0.000021 seconds.
  path: Assets/Scripts/UI/PlayerPanelUI.cs
  artifactKey: Guid(afacdfdfe7572954f85b60af6e8dda54) Importer(815301076,1909f56bfc062723c751e8b465ee728b)
Start importing Assets/Scripts/UI/PlayerPanelUI.cs using Guid(afacdfdfe7572954f85b60af6e8dda54) Importer(815301076,1909f56bfc062723c751e8b465ee728b) (PreviewImporter) -> (artifact id: '00000000000000000000000000000000') in 0.0005759 seconds
Import Error Code:(4)
Message: Build asset version error: assets/scripts/ui/playerpanelui.cs in SourceAssetDB has modification time of '2026-09-16T09:00:09.2695907Z' while content on disk has modification time of '2026-09-16T09:00:15.7744939Z'
  ERROR: Build asset version error: assets/scripts/ui/playerpanelui.cs in SourceAssetDB has modification time of '2026-09-16T09:00:09.2695907Z' while content on disk has modification time of '2026-09-16T09:00:15.7744939Z'
Number of updated asset objects reloaded before import = 0Number of asset objects unloaded after import = 0

========================================================================
Received Import Request.
  Time since last request: 0.000035 seconds.
  path: Assets/Scripts/UI/PlayerPanelUI.cs
  artifactKey: Guid(afacdfdfe7572954f85b60af6e8dda54) Importer(815301076,1909f56bfc062723c751e8b465ee728b)
Start importing Assets/Scripts/UI/PlayerPanelUI.cs using Guid(afacdfdfe7572954f85b60af6e8dda54) Importer(815301076,1909f56bfc062723c751e8b465ee728b) (PreviewImporter) -> (artifact id: '00000000000000000000000000000000') in 0.0007376 seconds
Import Error Code:(4)
Message: Build asset version error: assets/scripts/ui/playerpanelui.cs in SourceAssetDB has modification time of '2026-09-16T09:00:09.2695907Z' while content on disk has modification time of '2026-09-16T09:00:15.7744939Z'
  ERROR: Build asset version error: assets/scripts/ui/playerpanelui.cs in SourceAssetDB has modification time of '2026-09-16T09:00:09.2695907Z' while content on disk has modification time of '2026-09-16T09:00:15.7744939Z'
Number of updated asset objects reloaded before import = 0Number of asset objects unloaded after import = 0

========================================================================
Received Import Request.
  Time since last request: 0.000023 seconds.
  path: Assets/Scripts/UI/PlayerPanelUI.cs
  artifactKey: Guid(afacdfdfe7572954f85b60af6e8dda54) Importer(815301076,1909f56bfc062723c751e8b465ee728b)
Start importing Assets/Scripts/UI/PlayerPanelUI.cs using Guid(afacdfdfe7572954f85b60af6e8dda54) Importer(815301076,1909f56bfc062723c751e8b465ee728b) (PreviewImporter) -> (artifact id: '00000000000000000000000000000000') in 0.0007243 seconds
Import Error Code:(4)
Message: Build asset version error: assets/scripts/ui/playerpanelui.cs in SourceAssetDB has modification time of '2026-09-16T09:00:09.2695907Z' while content on disk has modification time of '2026-09-16T09:00:15.7744939Z'
  ERROR: Build asset version error: assets/scripts/ui/playerpanelui.cs in SourceAssetDB has modification time of '2026-09-16T09:00:09.2695907Z' while content on disk has modification time of '2026-09-16T09:00:15.7744939Z'
Number of updated asset objects reloaded before import = 0Number of asset objects unloaded after import = 0

========================================================================
Received Import Request.
  Time since last request: 0.000018 seconds.
  path: Assets/Scripts/UI/PlayerPanelUI.cs
  artifactKey: Guid(afacdfdfe7572954f85b60af6e8dda54) Importer(815301076,1909f56bfc062723c751e8b465ee728b)
Start importing Assets/Scripts/UI/PlayerPanelUI.cs using Guid(afacdfdfe7572954f85b60af6e8dda54) Importer(815301076,1909f56bfc062723c751e8b465ee728b) (PreviewImporter) -> (artifact id: '00000000000000000000000000000000') in 0.0006111 seconds
Import Error Code:(4)
Message: Build asset version error: assets/scripts/ui/playerpanelui.cs in SourceAssetDB has modification time of '2026-09-16T09:00:09.2695907Z' while content on disk has modification time of '2026-09-16T09:00:15.7744939Z'
  ERROR: Build asset version error: assets/scripts/ui/playerpanelui.cs in SourceAssetDB has modification time of '2026-09-16T09:00:09.2695907Z' while content on disk has modification time of '2026-09-16T09:00:15.7744939Z'
Number of updated asset objects reloaded before import = 0Number of asset objects unloaded after import = 0

========================================================================
Received Import Request.
  Time since last request: 0.000020 seconds.
  path: Assets/Scripts/UI/PlayerPanelUI.cs
  artifactKey: Guid(afacdfdfe7572954f85b60af6e8dda54) Importer(815301076,1909f56bfc062723c751e8b465ee728b)
Start importing Assets/Scripts/UI/PlayerPanelUI.cs using Guid(afacdfdfe7572954f85b60af6e8dda54) Importer(815301076,1909f56bfc062723c751e8b465ee728b) (PreviewImporter) -> (artifact id: '00000000000000000000000000000000') in 0.0006941 seconds
Import Error Code:(4)
Message: Build asset version error: assets/scripts/ui/playerpanelui.cs in SourceAssetDB has modification time of '2026-09-16T09:00:09.2695907Z' while content on disk has modification time of '2026-09-16T09:00:15.7744939Z'
  ERROR: Build asset version error: assets/scripts/ui/playerpanelui.cs in SourceAssetDB has modification time of '2026-09-16T09:00:09.2695907Z' while content on disk has modification time of '2026-09-16T09:00:15.7744939Z'
Number of updated asset objects reloaded before import = 0Number of asset objects unloaded after import = 0

========================================================================
Received Import Request.
  Time since last request: 0.000020 seconds.
  path: Assets/Scripts/UI/PlayerPanelUI.cs
  artifactKey: Guid(afacdfdfe7572954f85b60af6e8dda54) Importer(815301076,1909f56bfc062723c751e8b465ee728b)
Start importing Assets/Scripts/UI/PlayerPanelUI.cs using Guid(afacdfdfe7572954f85b60af6e8dda54) Importer(815301076,1909f56bfc062723c751e8b465ee728b) (PreviewImporter) -> (artifact id: '00000000000000000000000000000000') in 0.0005908 seconds
Import Error Code:(4)
Message: Build asset version error: assets/scripts/ui/playerpanelui.cs in SourceAssetDB has modification time of '2026-09-16T09:00:09.2695907Z' while content on disk has modification time of '2026-09-16T09:00:15.7744939Z'
  ERROR: Build asset version error: assets/scripts/ui/playerpanelui.cs in SourceAssetDB has modification time of '2026-09-16T09:00:09.2695907Z' while content on disk has modification time of '2026-09-16T09:00:15.7744939Z'
Number of updated asset objects reloaded before import = 0Number of asset objects unloaded after import = 0

========================================================================
Received Import Request.
  Time since last request: 0.000029 seconds.
  path: Assets/Scripts/UI/PlayerPanelUI.cs
  artifactKey: Guid(afacdfdfe7572954f85b60af6e8dda54) Importer(815301076,1909f56bfc062723c751e8b465ee728b)
Start importing Assets/Scripts/UI/PlayerPanelUI.cs using Guid(afacdfdfe7572954f85b60af6e8dda54) Importer(815301076,1909f56bfc062723c751e8b465ee728b) (PreviewImporter) -> (artifact id: '00000000000000000000000000000000') in 0.0005806 seconds
Import Error Code:(4)
Message: Build asset version error: assets/scripts/ui/playerpanelui.cs in SourceAssetDB has modification time of '2026-09-16T09:00:09.2695907Z' while content on disk has modification time of '2026-09-16T09:00:15.7744939Z'
  ERROR: Build asset version error: assets/scripts/ui/playerpanelui.cs in SourceAssetDB has modification time of '2026-09-16T09:00:09.2695907Z' while content on disk has modification time of '2026-09-16T09:00:15.7744939Z'
Number of updated asset objects reloaded before import = 0Number of asset objects unloaded after import = 0

========================================================================
Received Import Request.
  Time since last request: 0.000022 seconds.
  path: Assets/Scripts/UI/PlayerPanelUI.cs
  artifactKey: Guid(afacdfdfe7572954f85b60af6e8dda54) Importer(815301076,1909f56bfc062723c751e8b465ee728b)
Start importing Assets/Scripts/UI/PlayerPanelUI.cs using Guid(afacdfdfe7572954f85b60af6e8dda54) Importer(815301076,1909f56bfc062723c751e8b465ee728b) (PreviewImporter) -> (artifact id: '00000000000000000000000000000000') in 0.0006064 seconds
Import Error Code:(4)
Message: Build asset version error: assets/scripts/ui/playerpanelui.cs in SourceAssetDB has modification time of '2026-09-16T09:00:09.2695907Z' while content on disk has modification time of '2026-09-16T09:00:15.7744939Z'
  ERROR: Build asset version error: assets/scripts/ui/playerpanelui.cs in SourceAssetDB has modification time of '2026-09-16T09:00:09.2695907Z' while content on disk has modification time of '2026-09-16T09:00:15.7744939Z'
Number of updated asset objects reloaded before import = 0Number of asset objects unloaded after import = 0

========================================================================
Received Import Request.
  Time since last request: 0.000021 seconds.
  path: Assets/Scripts/UI/PlayerPanelUI.cs
  artifactKey: Guid(afacdfdfe7572954f85b60af6e8dda54) Importer(815301076,1909f56bfc062723c751e8b465ee728b)
Start importing Assets/Scripts/UI/PlayerPanelUI.cs using Guid(afacdfdfe7572954f85b60af6e8dda54) Importer(815301076,1909f56bfc062723c751e8b465ee728b) (PreviewImporter) -> (artifact id: '00000000000000000000000000000000') in 0.0006976 seconds
Import Error Code:(4)
Message: Build asset version error: assets/scripts/ui/playerpanelui.cs in SourceAssetDB has modification time of '2026-09-16T09:00:09.2695907Z' while content on disk has modification time of '2026-09-16T09:00:15.7744939Z'
  ERROR: Build asset version error: assets/scripts/ui/playerpanelui.cs in SourceAssetDB has modification time of '2026-09-16T09:00:09.2695907Z' while content on disk has modification time of '2026-09-16T09:00:15.7744939Z'
Number of updated asset objects reloaded before import = 0Number of asset objects unloaded after import = 0

========================================================================
Received Import Request.
  Time since last request: 0.000018 seconds.
  path: Assets/Scripts/UI/PlayerPanelUI.cs
  artifactKey: Guid(afacdfdfe7572954f85b60af6e8dda54) Importer(815301076,1909f56bfc062723c751e8b465ee728b)
Start importing Assets/Scripts/UI/PlayerPanelUI.cs using Guid(afacdfdfe7572954f85b60af6e8dda54) Importer(815301076,1909f56bfc062723c751e8b465ee728b) (PreviewImporter) -> (artifact id: '00000000000000000000000000000000') in 0.0005734 seconds
Import Error Code:(4)
Message: Build asset version error: assets/scripts/ui/playerpanelui.cs in SourceAssetDB has modification time of '2026-09-16T09:00:09.2695907Z' while content on disk has modification time of '2026-09-16T09:00:15.7744939Z'
  ERROR: Build asset version error: assets/scripts/ui/playerpanelui.cs in SourceAssetDB has modification time of '2026-09-16T09:00:09.2695907Z' while content on disk has modification time of '2026-09-16T09:00:15.7744939Z'
Number of updated asset objects reloaded before import = 0Number of asset objects unloaded after import = 0

========================================================================
Received Import Request.
  Time since last request: 0.000022 seconds.
  path: Assets/Scripts/UI/PlayerPanelUI.cs
  artifactKey: Guid(afacdfdfe7572954f85b60af6e8dda54) Importer(815301076,1909f56bfc062723c751e8b465ee728b)
Start importing Assets/Scripts/UI/PlayerPanelUI.cs using Guid(afacdfdfe7572954f85b60af6e8dda54) Importer(815301076,1909f56bfc062723c751e8b465ee728b) (PreviewImporter) -> (artifact id: '00000000000000000000000000000000') in 0.0005531 seconds
Import Error Code:(4)
Message: Build asset version error: assets/scripts/ui/playerpanelui.cs in SourceAssetDB has modification time of '2026-09-16T09:00:09.2695907Z' while content on disk has modification time of '2026-09-16T09:00:15.7744939Z'
  ERROR: Build asset version error: assets/scripts/ui/playerpanelui.cs in SourceAssetDB has modification time of '2026-09-16T09:00:09.2695907Z' while content on disk has modification time of '2026-09-16T09:00:15.7744939Z'
Number of updated asset objects reloaded before import = 0Number of asset objects unloaded after import = 0

========================================================================
Received Import Request.
  Time since last request: 0.000072 seconds.
  path: Assets/Scripts/UI/PlayerPanelUI.cs
  artifactKey: Guid(afacdfdfe7572954f85b60af6e8dda54) Importer(815301076,1909f56bfc062723c751e8b465ee728b)
Start importing Assets/Scripts/UI/PlayerPanelUI.cs using Guid(afacdfdfe7572954f85b60af6e8dda54) Importer(815301076,1909f56bfc062723c751e8b465ee728b) (PreviewImporter) -> (artifact id: '00000000000000000000000000000000') in 0.0005825 seconds
Import Error Code:(4)
Message: Build asset version error: assets/scripts/ui/playerpanelui.cs in SourceAssetDB has modification time of '2026-09-16T09:00:09.2695907Z' while content on disk has modification time of '2026-09-16T09:00:15.7744939Z'
  ERROR: Build asset version error: assets/scripts/ui/playerpanelui.cs in SourceAssetDB has modification time of '2026-09-16T09:00:09.2695907Z' while content on disk has modification time of '2026-09-16T09:00:15.7744939Z'
Number of updated asset objects reloaded before import = 0Number of asset objects unloaded after import = 0

========================================================================
Received Import Request.
  Time since last request: 0.000021 seconds.
  path: Assets/Scripts/UI/PlayerPanelUI.cs
  artifactKey: Guid(afacdfdfe7572954f85b60af6e8dda54) Importer(815301076,1909f56bfc062723c751e8b465ee728b)
Start importing Assets/Scripts/UI/PlayerPanelUI.cs using Guid(afacdfdfe7572954f85b60af6e8dda54) Importer(815301076,1909f56bfc062723c751e8b465ee728b) (PreviewImporter) -> (artifact id: '00000000000000000000000000000000') in 0.000657 seconds
Import Error Code:(4)
Message: Build asset version error: assets/scripts/ui/playerpanelui.cs in SourceAssetDB has modification time of '2026-09-16T09:00:09.2695907Z' while content on disk has modification time of '2026-09-16T09:00:15.7744939Z'
  ERROR: Build asset version error: assets/scripts/ui/playerpanelui.cs in SourceAssetDB has modification time of '2026-09-16T09:00:09.2695907Z' while content on disk has modification time of '2026-09-16T09:00:15.7744939Z'
Number of updated asset objects reloaded before import = 0Number of asset objects unloaded after import = 0

========================================================================
Received Import Request.
  Time since last request: 0.000019 seconds.
  path: Assets/Scripts/UI/PlayerPanelUI.cs
  artifactKey: Guid(afacdfdfe7572954f85b60af6e8dda54) Importer(815301076,1909f56bfc062723c751e8b465ee728b)
Start importing Assets/Scripts/UI/PlayerPanelUI.cs using Guid(afacdfdfe7572954f85b60af6e8dda54) Importer(815301076,1909f56bfc062723c751e8b465ee728b) (PreviewImporter) -> (artifact id: '00000000000000000000000000000000') in 0.000572 seconds
Import Error Code:(4)
Message: Build asset version error: assets/scripts/ui/playerpanelui.cs in SourceAssetDB has modification time of '2026-09-16T09:00:09.2695907Z' while content on disk has modification time of '2026-09-16T09:00:15.7744939Z'
  ERROR: Build asset version error: assets/scripts/ui/playerpanelui.cs in SourceAssetDB has modification time of '2026-09-16T09:00:09.2695907Z' while content on disk has modification time of '2026-09-16T09:00:15.7744939Z'
Number of updated asset objects reloaded before import = 0Number of asset objects unloaded after import = 0

========================================================================
Received Import Request.
  Time since last request: 0.000017 seconds.
  path: Assets/Scripts/UI/PlayerPanelUI.cs
  artifactKey: Guid(afacdfdfe7572954f85b60af6e8dda54) Importer(815301076,1909f56bfc062723c751e8b465ee728b)
Start importing Assets/Scripts/UI/PlayerPanelUI.cs using Guid(afacdfdfe7572954f85b60af6e8dda54) Importer(815301076,1909f56bfc062723c751e8b465ee728b) (PreviewImporter) -> (artifact id: '00000000000000000000000000000000') in 0.0006485 seconds
Import Error Code:(4)
Message: Build asset version error: assets/scripts/ui/playerpanelui.cs in SourceAssetDB has modification time of '2026-09-16T09:00:09.2695907Z' while content on disk has modification time of '2026-09-16T09:00:15.7744939Z'
  ERROR: Build asset version error: assets/scripts/ui/playerpanelui.cs in SourceAssetDB has modification time of '2026-09-16T09:00:09.2695907Z' while content on disk has modification time of '2026-09-16T09:00:15.7744939Z'
Number of updated asset objects reloaded before import = 0Number of asset objects unloaded after import = 0

========================================================================
Received Import Request.
  Time since last request: 0.000021 seconds.
  path: Assets/Scripts/UI/PlayerPanelUI.cs
  artifactKey: Guid(afacdfdfe7572954f85b60af6e8dda54) Importer(815301076,1909f56bfc062723c751e8b465ee728b)
Start importing Assets/Scripts/UI/PlayerPanelUI.cs using Guid(afacdfdfe7572954f85b60af6e8dda54) Importer(815301076,1909f56bfc062723c751e8b465ee728b) (PreviewImporter) -> (artifact id: '00000000000000000000000000000000') in 0.0006838 seconds
Import Error Code:(4)
Message: Build asset version error: assets/scripts/ui/playerpanelui.cs in SourceAssetDB has modification time of '2026-09-16T09:00:09.2695907Z' while content on disk has modification time of '2026-09-16T09:00:15.7744939Z'
  ERROR: Build asset version error: assets/scripts/ui/playerpanelui.cs in SourceAssetDB has modification time of '2026-09-16T09:00:09.2695907Z' while content on disk has modification time of '2026-09-16T09:00:15.7744939Z'
Number of updated asset objects reloaded before import = 0Number of asset objects unloaded after import = 0

========================================================================
Received Import Request.
  Time since last request: 0.000025 seconds.
  path: Assets/Scripts/UI/PlayerPanelUI.cs
  artifactKey: Guid(afacdfdfe7572954f85b60af6e8dda54) Importer(815301076,1909f56bfc062723c751e8b465ee728b)
Start importing Assets/Scripts/UI/PlayerPanelUI.cs using Guid(afacdfdfe7572954f85b60af6e8dda54) Importer(815301076,1909f56bfc062723c751e8b465ee728b) (PreviewImporter) -> (artifact id: '00000000000000000000000000000000') in 0.0005488 seconds
Import Error Code:(4)
Message: Build asset version error: assets/scripts/ui/playerpanelui.cs in SourceAssetDB has modification time of '2026-09-16T09:00:09.2695907Z' while content on disk has modification time of '2026-09-16T09:00:15.7744939Z'
  ERROR: Build asset version error: assets/scripts/ui/playerpanelui.cs in SourceAssetDB has modification time of '2026-09-16T09:00:09.2695907Z' while content on disk has modification time of '2026-09-16T09:00:15.7744939Z'
Number of updated asset objects reloaded before import = 0Number of asset objects unloaded after import = 0

========================================================================
Received Import Request.
  Time since last request: 0.000029 seconds.
  path: Assets/Scripts/UI/PlayerPanelUI.cs
  artifactKey: Guid(afacdfdfe7572954f85b60af6e8dda54) Importer(815301076,1909f56bfc062723c751e8b465ee728b)
Start importing Assets/Scripts/UI/PlayerPanelUI.cs using Guid(afacdfdfe7572954f85b60af6e8dda54) Importer(815301076,1909f56bfc062723c751e8b465ee728b) (PreviewImporter) -> (artifact id: '00000000000000000000000000000000') in 0.0007367 seconds
Import Error Code:(4)
Message: Build asset version error: assets/scripts/ui/playerpanelui.cs in SourceAssetDB has modification time of '2026-09-16T09:00:09.2695907Z' while content on disk has modification time of '2026-09-16T09:00:15.7744939Z'
  ERROR: Build asset version error: assets/scripts/ui/playerpanelui.cs in SourceAssetDB has modification time of '2026-09-16T09:00:09.2695907Z' while content on disk has modification time of '2026-09-16T09:00:15.7744939Z'
Number of updated asset objects reloaded before import = 0Number of asset objects unloaded after import = 0

========================================================================
Received Import Request.
  Time since last request: 0.000018 seconds.
  path: Assets/Scripts/UI/PlayerPanelUI.cs
  artifactKey: Guid(afacdfdfe7572954f85b60af6e8dda54) Importer(815301076,1909f56bfc062723c751e8b465ee728b)
Start importing Assets/Scripts/UI/PlayerPanelUI.cs using Guid(afacdfdfe7572954f85b60af6e8dda54) Importer(815301076,1909f56bfc062723c751e8b465ee728b) (PreviewImporter) -> (artifact id: '00000000000000000000000000000000') in 0.0007127 seconds
Import Error Code:(4)
Message: Build asset version error: assets/scripts/ui/playerpanelui.cs in SourceAssetDB has modification time of '2026-09-16T09:00:09.2695907Z' while content on disk has modification time of '2026-09-16T09:00:15.7744939Z'
  ERROR: Build asset version error: assets/scripts/ui/playerpanelui.cs in SourceAssetDB has modification time of '2026-09-16T09:00:09.2695907Z' while content on disk has modification time of '2026-09-16T09:00:15.7744939Z'
Number of updated asset objects reloaded before import = 0Number of asset objects unloaded after import = 0

========================================================================
Received Import Request.
  Time since last request: 0.000017 seconds.
  path: Assets/Scripts/UI/PlayerPanelUI.cs
  artifactKey: Guid(afacdfdfe7572954f85b60af6e8dda54) Importer(815301076,1909f56bfc062723c751e8b465ee728b)
Start importing Assets/Scripts/UI/PlayerPanelUI.cs using Guid(afacdfdfe7572954f85b60af6e8dda54) Importer(815301076,1909f56bfc062723c751e8b465ee728b) (PreviewImporter) -> (artifact id: '00000000000000000000000000000000') in 0.0005575 seconds
Import Error Code:(4)
Message: Build asset version error: assets/scripts/ui/playerpanelui.cs in SourceAssetDB has modification time of '2026-09-16T09:00:09.2695907Z' while content on disk has modification time of '2026-09-16T09:00:15.7744939Z'
  ERROR: Build asset version error: assets/scripts/ui/playerpanelui.cs in SourceAssetDB has modification time of '2026-09-16T09:00:09.2695907Z' while content on disk has modification time of '2026-09-16T09:00:15.7744939Z'
Number of updated asset objects reloaded before import = 0Number of asset objects unloaded after import = 0

========================================================================
Received Import Request.
  Time since last request: 0.000027 seconds.
  path: Assets/Scripts/UI/PlayerPanelUI.cs
  artifactKey: Guid(afacdfdfe7572954f85b60af6e8dda54) Importer(815301076,1909f56bfc062723c751e8b465ee728b)
Start importing Assets/Scripts/UI/PlayerPanelUI.cs using Guid(afacdfdfe7572954f85b60af6e8dda54) Importer(815301076,1909f56bfc062723c751e8b465ee728b) (PreviewImporter) -> (artifact id: '00000000000000000000000000000000') in 0.0007239 seconds
Import Error Code:(4)
Message: Build asset version error: assets/scripts/ui/playerpanelui.cs in SourceAssetDB has modification time of '2026-09-16T09:00:09.2695907Z' while content on disk has modification time of '2026-09-16T09:00:15.7744939Z'
  ERROR: Build asset version error: assets/scripts/ui/playerpanelui.cs in SourceAssetDB has modification time of '2026-09-16T09:00:09.2695907Z' while content on disk has modification time of '2026-09-16T09:00:15.7744939Z'
Number of updated asset objects reloaded before import = 0Number of asset objects unloaded after import = 0

========================================================================
Received Import Request.
  Time since last request: 0.000025 seconds.
  path: Assets/Scripts/UI/PlayerPanelUI.cs
  artifactKey: Guid(afacdfdfe7572954f85b60af6e8dda54) Importer(815301076,1909f56bfc062723c751e8b465ee728b)
Start importing Assets/Scripts/UI/PlayerPanelUI.cs using Guid(afacdfdfe7572954f85b60af6e8dda54) Importer(815301076,1909f56bfc062723c751e8b465ee728b) (PreviewImporter) -> (artifact id: '00000000000000000000000000000000') in 0.0005548 seconds
Import Error Code:(4)
Message: Build asset version error: assets/scripts/ui/playerpanelui.cs in SourceAssetDB has modification time of '2026-09-16T09:00:09.2695907Z' while content on disk has modification time of '2026-09-16T09:00:15.7744939Z'
  ERROR: Build asset version error: assets/scripts/ui/playerpanelui.cs in SourceAssetDB has modification time of '2026-09-16T09:00:09.2695907Z' while content on disk has modification time of '2026-09-16T09:00:15.7744939Z'
Number of updated asset objects reloaded before import = 0Number of asset objects unloaded after import = 0

========================================================================
Received Import Request.
  Time since last request: 0.000032 seconds.
  path: Assets/Scripts/UI/PlayerPanelUI.cs
  artifactKey: Guid(afacdfdfe7572954f85b60af6e8dda54) Importer(815301076,1909f56bfc062723c751e8b465ee728b)
Start importing Assets/Scripts/UI/PlayerPanelUI.cs using Guid(afacdfdfe7572954f85b60af6e8dda54) Importer(815301076,1909f56bfc062723c751e8b465ee728b) (PreviewImporter) -> (artifact id: '00000000000000000000000000000000') in 0.0005687 seconds
Import Error Code:(4)
Message: Build asset version error: assets/scripts/ui/playerpanelui.cs in SourceAssetDB has modification time of '2026-09-16T09:00:09.2695907Z' while content on disk has modification time of '2026-09-16T09:00:15.7744939Z'
  ERROR: Build asset version error: assets/scripts/ui/playerpanelui.cs in SourceAssetDB has modification time of '2026-09-16T09:00:09.2695907Z' while content on disk has modification time of '2026-09-16T09:00:15.7744939Z'
Number of updated asset objects reloaded before import = 0Number of asset objects unloaded after import = 0

========================================================================
Received Import Request.
  Time since last request: 0.000027 seconds.
  path: Assets/Scripts/UI/PlayerPanelUI.cs
  artifactKey: Guid(afacdfdfe7572954f85b60af6e8dda54) Importer(815301076,1909f56bfc062723c751e8b465ee728b)
Start importing Assets/Scripts/UI/PlayerPanelUI.cs using Guid(afacdfdfe7572954f85b60af6e8dda54) Importer(815301076,1909f56bfc062723c751e8b465ee728b) (PreviewImporter) -> (artifact id: '00000000000000000000000000000000') in 0.0007324 seconds
Import Error Code:(4)
Message: Build asset version error: assets/scripts/ui/playerpanelui.cs in SourceAssetDB has modification time of '2026-09-16T09:00:09.2695907Z' while content on disk has modification time of '2026-09-16T09:00:15.7744939Z'
  ERROR: Build asset version error: assets/scripts/ui/playerpanelui.cs in SourceAssetDB has modification time of '2026-09-16T09:00:09.2695907Z' while content on disk has modification time of '2026-09-16T09:00:15.7744939Z'
Number of updated asset objects reloaded before import = 0Number of asset objects unloaded after import = 0

========================================================================
Received Import Request.
  Time since last request: 0.000023 seconds.
  path: Assets/Scripts/UI/PlayerPanelUI.cs
  artifactKey: Guid(afacdfdfe7572954f85b60af6e8dda54) Importer(815301076,1909f56bfc062723c751e8b465ee728b)
Start importing Assets/Scripts/UI/PlayerPanelUI.cs using Guid(afacdfdfe7572954f85b60af6e8dda54) Importer(815301076,1909f56bfc062723c751e8b465ee728b) (PreviewImporter) -> (artifact id: '00000000000000000000000000000000') in 0.0006462 seconds
Import Error Code:(4)
Message: Build asset version error: assets/scripts/ui/playerpanelui.cs in SourceAssetDB has modification time of '2026-09-16T09:00:09.2695907Z' while content on disk has modification time of '2026-09-16T09:00:15.7744939Z'
  ERROR: Build asset version error: assets/scripts/ui/playerpanelui.cs in SourceAssetDB has modification time of '2026-09-16T09:00:09.2695907Z' while content on disk has modification time of '2026-09-16T09:00:15.7744939Z'
Number of updated asset objects reloaded before import = 0Number of asset objects unloaded after import = 0

========================================================================
Received Import Request.
  Time since last request: 0.000019 seconds.
  path: Assets/Scripts/UI/PlayerPanelUI.cs
  artifactKey: Guid(afacdfdfe7572954f85b60af6e8dda54) Importer(815301076,1909f56bfc062723c751e8b465ee728b)
Start importing Assets/Scripts/UI/PlayerPanelUI.cs using Guid(afacdfdfe7572954f85b60af6e8dda54) Importer(815301076,1909f56bfc062723c751e8b465ee728b) (PreviewImporter) -> (artifact id: '00000000000000000000000000000000') in 0.0006442 seconds
Import Error Code:(4)
Message: Build asset version error: assets/scripts/ui/playerpanelui.cs in SourceAssetDB has modification time of '2026-09-16T09:00:09.2695907Z' while content on disk has modification time of '2026-09-16T09:00:15.7744939Z'
  ERROR: Build asset version error: assets/scripts/ui/playerpanelui.cs in SourceAssetDB has modification time of '2026-09-16T09:00:09.2695907Z' while content on disk has modification time of '2026-09-16T09:00:15.7744939Z'
Number of updated asset objects reloaded before import = 0Number of asset objects unloaded after import = 0

========================================================================
Received Import Request.
  Time since last request: 0.000021 seconds.
  path: Assets/Scripts/UI/PlayerPanelUI.cs
  artifactKey: Guid(afacdfdfe7572954f85b60af6e8dda54) Importer(815301076,1909f56bfc062723c751e8b465ee728b)
Start importing Assets/Scripts/UI/PlayerPanelUI.cs using Guid(afacdfdfe7572954f85b60af6e8dda54) Importer(815301076,1909f56bfc062723c751e8b465ee728b) (PreviewImporter) -> (artifact id: '00000000000000000000000000000000') in 0.0007145 seconds
Import Error Code:(4)
Message: Build asset version error: assets/scripts/ui/playerpanelui.cs in SourceAssetDB has modification time of '2026-09-16T09:00:09.2695907Z' while content on disk has modification time of '2026-09-16T09:00:15.7744939Z'
  ERROR: Build asset version error: assets/scripts/ui/playerpanelui.cs in SourceAssetDB has modification time of '2026-09-16T09:00:09.2695907Z' while content on disk has modification time of '2026-09-16T09:00:15.7744939Z'
Number of updated asset objects reloaded before import = 0Number of asset objects unloaded after import = 0

========================================================================
Received Import Request.
  Time since last request: 0.000031 seconds.
  path: Assets/Scripts/UI/PlayerPanelUI.cs
  artifactKey: Guid(afacdfdfe7572954f85b60af6e8dda54) Importer(815301076,1909f56bfc062723c751e8b465ee728b)
Start importing Assets/Scripts/UI/PlayerPanelUI.cs using Guid(afacdfdfe7572954f85b60af6e8dda54) Importer(815301076,1909f56bfc062723c751e8b465ee728b) (PreviewImporter) -> (artifact id: '00000000000000000000000000000000') in 0.0006226 seconds
Import Error Code:(4)
Message: Build asset version error: assets/scripts/ui/playerpanelui.cs in SourceAssetDB has modification time of '2026-09-16T09:00:09.2695907Z' while content on disk has modification time of '2026-09-16T09:00:15.7744939Z'
  ERROR: Build asset version error: assets/scripts/ui/playerpanelui.cs in SourceAssetDB has modification time of '2026-09-16T09:00:09.2695907Z' while content on disk has modification time of '2026-09-16T09:00:15.7744939Z'
Number of updated asset objects reloaded before import = 0Number of asset objects unloaded after import = 0

========================================================================
Received Import Request.
  Time since last request: 0.000021 seconds.
  path: Assets/Scripts/UI/PlayerPanelUI.cs
  artifactKey: Guid(afacdfdfe7572954f85b60af6e8dda54) Importer(815301076,1909f56bfc062723c751e8b465ee728b)
Start importing Assets/Scripts/UI/PlayerPanelUI.cs using Guid(afacdfdfe7572954f85b60af6e8dda54) Importer(815301076,1909f56bfc062723c751e8b465ee728b) (PreviewImporter) -> (artifact id: '00000000000000000000000000000000') in 0.0006829 seconds
Import Error Code:(4)
Message: Build asset version error: assets/scripts/ui/playerpanelui.cs in SourceAssetDB has modification time of '2026-09-16T09:00:09.2695907Z' while content on disk has modification time of '2026-09-16T09:00:15.7744939Z'
  ERROR: Build asset version error: assets/scripts/ui/playerpanelui.cs in SourceAssetDB has modification time of '2026-09-16T09:00:09.2695907Z' while content on disk has modification time of '2026-09-16T09:00:15.7744939Z'
Number of updated asset objects reloaded before import = 0Number of asset objects unloaded after import = 0

========================================================================
Received Import Request.
  Time since last request: 0.000023 seconds.
  path: Assets/Scripts/UI/PlayerPanelUI.cs
  artifactKey: Guid(afacdfdfe7572954f85b60af6e8dda54) Importer(815301076,1909f56bfc062723c751e8b465ee728b)
Start importing Assets/Scripts/UI/PlayerPanelUI.cs using Guid(afacdfdfe7572954f85b60af6e8dda54) Importer(815301076,1909f56bfc062723c751e8b465ee728b) (PreviewImporter) -> (artifact id: '00000000000000000000000000000000') in 0.0006275 seconds
Import Error Code:(4)
Message: Build asset version error: assets/scripts/ui/playerpanelui.cs in SourceAssetDB has modification time of '2026-09-16T09:00:09.2695907Z' while content on disk has modification time of '2026-09-16T09:00:15.7744939Z'
  ERROR: Build asset version error: assets/scripts/ui/playerpanelui.cs in SourceAssetDB has modification time of '2026-09-16T09:00:09.2695907Z' while content on disk has modification time of '2026-09-16T09:00:15.7744939Z'
Number of updated asset objects reloaded before import = 0Number of asset objects unloaded after import = 0

========================================================================
Received Import Request.
  Time since last request: 0.000020 seconds.
  path: Assets/Scripts/UI/PlayerPanelUI.cs
  artifactKey: Guid(afacdfdfe7572954f85b60af6e8dda54) Importer(815301076,1909f56bfc062723c751e8b465ee728b)
Start importing Assets/Scripts/UI/PlayerPanelUI.cs using Guid(afacdfdfe7572954f85b60af6e8dda54) Importer(815301076,1909f56bfc062723c751e8b465ee728b) (PreviewImporter) -> (artifact id: '00000000000000000000000000000000') in 0.0005239 seconds
Import Error Code:(4)
Message: Build asset version error: assets/scripts/ui/playerpanelui.cs in SourceAssetDB has modification time of '2026-09-16T09:00:09.2695907Z' while content on disk has modification time of '2026-09-16T09:00:15.7744939Z'
  ERROR: Build asset version error: assets/scripts/ui/playerpanelui.cs in SourceAssetDB has modification time of '2026-09-16T09:00:09.2695907Z' while content on disk has modification time of '2026-09-16T09:00:15.7744939Z'
Number of updated asset objects reloaded before import = 0Number of asset objects unloaded after import = 0

========================================================================
Received Import Request.
  Time since last request: 0.000020 seconds.
  path: Assets/Scripts/UI/PlayerPanelUI.cs
  artifactKey: Guid(afacdfdfe7572954f85b60af6e8dda54) Importer(815301076,1909f56bfc062723c751e8b465ee728b)
Start importing Assets/Scripts/UI/PlayerPanelUI.cs using Guid(afacdfdfe7572954f85b60af6e8dda54) Importer(815301076,1909f56bfc062723c751e8b465ee728b) (PreviewImporter) -> (artifact id: '00000000000000000000000000000000') in 0.0007845 seconds
Import Error Code:(4)
Message: Build asset version error: assets/scripts/ui/playerpanelui.cs in SourceAssetDB has modification time of '2026-09-16T09:00:09.2695907Z' while content on disk has modification time of '2026-09-16T09:00:15.7744939Z'
  ERROR: Build asset version error: assets/scripts/ui/playerpanelui.cs in SourceAssetDB has modification time of '2026-09-16T09:00:09.2695907Z' while content on disk has modification time of '2026-09-16T09:00:15.7744939Z'
Number of updated asset objects reloaded before import = 0Number of asset objects unloaded after import = 0

========================================================================
Received Import Request.
  Time since last request: 0.000028 seconds.
  path: Assets/Scripts/UI/PlayerPanelUI.cs
  artifactKey: Guid(afacdfdfe7572954f85b60af6e8dda54) Importer(815301076,1909f56bfc062723c751e8b465ee728b)
Start importing Assets/Scripts/UI/PlayerPanelUI.cs using Guid(afacdfdfe7572954f85b60af6e8dda54) Importer(815301076,1909f56bfc062723c751e8b465ee728b) (PreviewImporter) -> (artifact id: '00000000000000000000000000000000') in 0.000592 seconds
Import Error Code:(4)
Message: Build asset version error: assets/scripts/ui/playerpanelui.cs in SourceAssetDB has modification time of '2026-09-16T09:00:09.2695907Z' while content on disk has modification time of '2026-09-16T09:00:15.7744939Z'
  ERROR: Build asset version error: assets/scripts/ui/playerpanelui.cs in SourceAssetDB has modification time of '2026-09-16T09:00:09.2695907Z' while content on disk has modification time of '2026-09-16T09:00:15.7744939Z'
Number of updated asset objects reloaded before import = 0Number of asset objects unloaded after import = 0

========================================================================
Received Import Request.
  Time since last request: 0.000021 seconds.
  path: Assets/Scripts/UI/PlayerPanelUI.cs
  artifactKey: Guid(afacdfdfe7572954f85b60af6e8dda54) Importer(815301076,1909f56bfc062723c751e8b465ee728b)
Start importing Assets/Scripts/UI/PlayerPanelUI.cs using Guid(afacdfdfe7572954f85b60af6e8dda54) Importer(815301076,1909f56bfc062723c751e8b465ee728b) (PreviewImporter) -> (artifact id: '00000000000000000000000000000000') in 0.0007126 seconds
Import Error Code:(4)
Message: Build asset version error: assets/scripts/ui/playerpanelui.cs in SourceAssetDB has modification time of '2026-09-16T09:00:09.2695907Z' while content on disk has modification time of '2026-09-16T09:00:15.7744939Z'
  ERROR: Build asset version error: assets/scripts/ui/playerpanelui.cs in SourceAssetDB has modification time of '2026-09-16T09:00:09.2695907Z' while content on disk has modification time of '2026-09-16T09:00:15.7744939Z'
Number of updated asset objects reloaded before import = 0Number of asset objects unloaded after import = 0

========================================================================
Received Import Request.
  Time since last request: 0.000019 seconds.
  path: Assets/Scripts/UI/PlayerPanelUI.cs
  artifactKey: Guid(afacdfdfe7572954f85b60af6e8dda54) Importer(815301076,1909f56bfc062723c751e8b465ee728b)
Start importing Assets/Scripts/UI/PlayerPanelUI.cs using Guid(afacdfdfe7572954f85b60af6e8dda54) Importer(815301076,1909f56bfc062723c751e8b465ee728b) (PreviewImporter) -> (artifact id: '00000000000000000000000000000000') in 0.0007001 seconds
Import Error Code:(4)
Message: Build asset version error: assets/scripts/ui/playerpanelui.cs in SourceAssetDB has modification time of '2026-09-16T09:00:09.2695907Z' while content on disk has modification time of '2026-09-16T09:00:15.7744939Z'
  ERROR: Build asset version error: assets/scripts/ui/playerpanelui.cs in SourceAssetDB has modification time of '2026-09-16T09:00:09.2695907Z' while content on disk has modification time of '2026-09-16T09:00:15.7744939Z'
Number of updated asset objects reloaded before import = 0Number of asset objects unloaded after import = 0

========================================================================
Received Import Request.
  Time since last request: 0.000020 seconds.
  path: Assets/Scripts/UI/PlayerPanelUI.cs
  artifactKey: Guid(afacdfdfe7572954f85b60af6e8dda54) Importer(815301076,1909f56bfc062723c751e8b465ee728b)
Start importing Assets/Scripts/UI/PlayerPanelUI.cs using Guid(afacdfdfe7572954f85b60af6e8dda54) Importer(815301076,1909f56bfc062723c751e8b465ee728b) (PreviewImporter) -> (artifact id: '00000000000000000000000000000000') in 0.0007496 seconds
Import Error Code:(4)
Message: Build asset version error: assets/scripts/ui/playerpanelui.cs in SourceAssetDB has modification time of '2026-09-16T09:00:09.2695907Z' while content on disk has modification time of '2026-09-16T09:00:15.7744939Z'
  ERROR: Build asset version error: assets/scripts/ui/playerpanelui.cs in SourceAssetDB has modification time of '2026-09-16T09:00:09.2695907Z' while content on disk has modification time of '2026-09-16T09:00:15.7744939Z'
Number of updated asset objects reloaded before import = 0Number of asset objects unloaded after import = 0

========================================================================
Received Import Request.
  Time since last request: 0.000027 seconds.
  path: Assets/Scripts/UI/PlayerPanelUI.cs
  artifactKey: Guid(afacdfdfe7572954f85b60af6e8dda54) Importer(815301076,1909f56bfc062723c751e8b465ee728b)
Start importing Assets/Scripts/UI/PlayerPanelUI.cs using Guid(afacdfdfe7572954f85b60af6e8dda54) Importer(815301076,1909f56bfc062723c751e8b465ee728b) (PreviewImporter) -> (artifact id: '00000000000000000000000000000000') in 0.0005463 seconds
Import Error Code:(4)
Message: Build asset version error: assets/scripts/ui/playerpanelui.cs in SourceAssetDB has modification time of '2026-09-16T09:00:09.2695907Z' while content on disk has modification time of '2026-09-16T09:00:15.7744939Z'
  ERROR: Build asset version error: assets/scripts/ui/playerpanelui.cs in SourceAssetDB has modification time of '2026-09-16T09:00:09.2695907Z' while content on disk has modification time of '2026-09-16T09:00:15.7744939Z'
Number of updated asset objects reloaded before import = 0Number of asset objects unloaded after import = 0

========================================================================
Received Import Request.
  Time since last request: 0.000029 seconds.
  path: Assets/Scripts/UI/PlayerPanelUI.cs
  artifactKey: Guid(afacdfdfe7572954f85b60af6e8dda54) Importer(815301076,1909f56bfc062723c751e8b465ee728b)
Start importing Assets/Scripts/UI/PlayerPanelUI.cs using Guid(afacdfdfe7572954f85b60af6e8dda54) Importer(815301076,1909f56bfc062723c751e8b465ee728b) (PreviewImporter) -> (artifact id: '00000000000000000000000000000000') in 0.0005759 seconds
Import Error Code:(4)
Message: Build asset version error: assets/scripts/ui/playerpanelui.cs in SourceAssetDB has modification time of '2026-09-16T09:00:09.2695907Z' while content on disk has modification time of '2026-09-16T09:00:15.7744939Z'
  ERROR: Build asset version error: assets/scripts/ui/playerpanelui.cs in SourceAssetDB has modification time of '2026-09-16T09:00:09.2695907Z' while content on disk has modification time of '2026-09-16T09:00:15.7744939Z'
Number of updated asset objects reloaded before import = 0Number of asset objects unloaded after import = 0

========================================================================
Received Import Request.
  Time since last request: 0.000017 seconds.
  path: Assets/Scripts/UI/PlayerPanelUI.cs
  artifactKey: Guid(afacdfdfe7572954f85b60af6e8dda54) Importer(815301076,1909f56bfc062723c751e8b465ee728b)
Start importing Assets/Scripts/UI/PlayerPanelUI.cs using Guid(afacdfdfe7572954f85b60af6e8dda54) Importer(815301076,1909f56bfc062723c751e8b465ee728b) (PreviewImporter) -> (artifact id: '00000000000000000000000000000000') in 0.0007245 seconds
Import Error Code:(4)
Message: Build asset version error: assets/scripts/ui/playerpanelui.cs in SourceAssetDB has modification time of '2026-09-16T09:00:09.2695907Z' while content on disk has modification time of '2026-09-16T09:00:15.7744939Z'
  ERROR: Build asset version error: assets/scripts/ui/playerpanelui.cs in SourceAssetDB has modification time of '2026-09-16T09:00:09.2695907Z' while content on disk has modification time of '2026-09-16T09:00:15.7744939Z'
Number of updated asset objects reloaded before import = 0Number of asset objects unloaded after import = 0

========================================================================
Received Import Request.
  Time since last request: 0.000019 seconds.
  path: Assets/Scripts/UI/PlayerPanelUI.cs
  artifactKey: Guid(afacdfdfe7572954f85b60af6e8dda54) Importer(815301076,1909f56bfc062723c751e8b465ee728b)
Start importing Assets/Scripts/UI/PlayerPanelUI.cs using Guid(afacdfdfe7572954f85b60af6e8dda54) Importer(815301076,1909f56bfc062723c751e8b465ee728b) (PreviewImporter) -> (artifact id: '00000000000000000000000000000000') in 0.0006061 seconds
Import Error Code:(4)
Message: Build asset version error: assets/scripts/ui/playerpanelui.cs in SourceAssetDB has modification time of '2026-09-16T09:00:09.2695907Z' while content on disk has modification time of '2026-09-16T09:00:15.7744939Z'
  ERROR: Build asset version error: assets/scripts/ui/playerpanelui.cs in SourceAssetDB has modification time of '2026-09-16T09:00:09.2695907Z' while content on disk has modification time of '2026-09-16T09:00:15.7744939Z'
Number of updated asset objects reloaded before import = 0Number of asset objects unloaded after import = 0

========================================================================
Received Import Request.
  Time since last request: 0.000016 seconds.
  path: Assets/Scripts/UI/PlayerPanelUI.cs
  artifactKey: Guid(afacdfdfe7572954f85b60af6e8dda54) Importer(815301076,1909f56bfc062723c751e8b465ee728b)
Start importing Assets/Scripts/UI/PlayerPanelUI.cs using Guid(afacdfdfe7572954f85b60af6e8dda54) Importer(815301076,1909f56bfc062723c751e8b465ee728b) (PreviewImporter) -> (artifact id: '00000000000000000000000000000000') in 0.0005974 seconds
Import Error Code:(4)
Message: Build asset version error: assets/scripts/ui/playerpanelui.cs in SourceAssetDB has modification time of '2026-09-16T09:00:09.2695907Z' while content on disk has modification time of '2026-09-16T09:00:15.7744939Z'
  ERROR: Build asset version error: assets/scripts/ui/playerpanelui.cs in SourceAssetDB has modification time of '2026-09-16T09:00:09.2695907Z' while content on disk has modification time of '2026-09-16T09:00:15.7744939Z'
Number of updated asset objects reloaded before import = 0Number of asset objects unloaded after import = 0

========================================================================
Received Import Request.
  Time since last request: 0.000018 seconds.
  path: Assets/Scripts/UI/PlayerPanelUI.cs
  artifactKey: Guid(afacdfdfe7572954f85b60af6e8dda54) Importer(815301076,1909f56bfc062723c751e8b465ee728b)
Start importing Assets/Scripts/UI/PlayerPanelUI.cs using Guid(afacdfdfe7572954f85b60af6e8dda54) Importer(815301076,1909f56bfc062723c751e8b465ee728b) (PreviewImporter) -> (artifact id: '00000000000000000000000000000000') in 0.0006943 seconds
Import Error Code:(4)
Message: Build asset version error: assets/scripts/ui/playerpanelui.cs in SourceAssetDB has modification time of '2026-09-16T09:00:09.2695907Z' while content on disk has modification time of '2026-09-16T09:00:15.7744939Z'
  ERROR: Build asset version error: assets/scripts/ui/playerpanelui.cs in SourceAssetDB has modification time of '2026-09-16T09:00:09.2695907Z' while content on disk has modification time of '2026-09-16T09:00:15.7744939Z'
Number of updated asset objects reloaded before import = 0Number of asset objects unloaded after import = 0

========================================================================
Received Import Request.
  Time since last request: 0.000024 seconds.
  path: Assets/Scripts/UI/PlayerPanelUI.cs
  artifactKey: Guid(afacdfdfe7572954f85b60af6e8dda54) Importer(815301076,1909f56bfc062723c751e8b465ee728b)
Start importing Assets/Scripts/UI/PlayerPanelUI.cs using Guid(afacdfdfe7572954f85b60af6e8dda54) Importer(815301076,1909f56bfc062723c751e8b465ee728b) (PreviewImporter) -> (artifact id: '00000000000000000000000000000000') in 0.0005853 seconds
Import Error Code:(4)
Message: Build asset version error: assets/scripts/ui/playerpanelui.cs in SourceAssetDB has modification time of '2026-09-16T09:00:09.2695907Z' while content on disk has modification time of '2026-09-16T09:00:15.7744939Z'
  ERROR: Build asset version error: assets/scripts/ui/playerpanelui.cs in SourceAssetDB has modification time of '2026-09-16T09:00:09.2695907Z' while content on disk has modification time of '2026-09-16T09:00:15.7744939Z'
Number of updated asset objects reloaded before import = 0Number of asset objects unloaded after import = 0

========================================================================
Received Import Request.
  Time since last request: 0.000033 seconds.
  path: Assets/Scripts/UI/PlayerPanelUI.cs
  artifactKey: Guid(afacdfdfe7572954f85b60af6e8dda54) Importer(815301076,1909f56bfc062723c751e8b465ee728b)
Start importing Assets/Scripts/UI/PlayerPanelUI.cs using Guid(afacdfdfe7572954f85b60af6e8dda54) Importer(815301076,1909f56bfc062723c751e8b465ee728b) (PreviewImporter) -> (artifact id: '00000000000000000000000000000000') in 0.0007054 seconds
Import Error Code:(4)
Message: Build asset version error: assets/scripts/ui/playerpanelui.cs in SourceAssetDB has modification time of '2026-09-16T09:00:09.2695907Z' while content on disk has modification time of '2026-09-16T09:00:15.7744939Z'
  ERROR: Build asset version error: assets/scripts/ui/playerpanelui.cs in SourceAssetDB has modification time of '2026-09-16T09:00:09.2695907Z' while content on disk has modification time of '2026-09-16T09:00:15.7744939Z'
Number of updated asset objects reloaded before import = 0Number of asset objects unloaded after import = 0

========================================================================
Received Import Request.
  Time since last request: 0.000017 seconds.
  path: Assets/Scripts/UI/PlayerPanelUI.cs
  artifactKey: Guid(afacdfdfe7572954f85b60af6e8dda54) Importer(815301076,1909f56bfc062723c751e8b465ee728b)
Start importing Assets/Scripts/UI/PlayerPanelUI.cs using Guid(afacdfdfe7572954f85b60af6e8dda54) Importer(815301076,1909f56bfc062723c751e8b465ee728b) (PreviewImporter) -> (artifact id: '00000000000000000000000000000000') in 0.0006232 seconds
Import Error Code:(4)
Message: Build asset version error: assets/scripts/ui/playerpanelui.cs in SourceAssetDB has modification time of '2026-09-16T09:00:09.2695907Z' while content on disk has modification time of '2026-09-16T09:00:15.7744939Z'
  ERROR: Build asset version error: assets/scripts/ui/playerpanelui.cs in SourceAssetDB has modification time of '2026-09-16T09:00:09.2695907Z' while content on disk has modification time of '2026-09-16T09:00:15.7744939Z'
Number of updated asset objects reloaded before import = 0Number of asset objects unloaded after import = 0

========================================================================
Received Import Request.
  Time since last request: 0.000017 seconds.
  path: Assets/Scripts/UI/PlayerPanelUI.cs
  artifactKey: Guid(afacdfdfe7572954f85b60af6e8dda54) Importer(815301076,1909f56bfc062723c751e8b465ee728b)
Start importing Assets/Scripts/UI/PlayerPanelUI.cs using Guid(afacdfdfe7572954f85b60af6e8dda54) Importer(815301076,1909f56bfc062723c751e8b465ee728b) (PreviewImporter) -> (artifact id: '00000000000000000000000000000000') in 0.0009015 seconds
Import Error Code:(4)
Message: Build asset version error: assets/scripts/ui/playerpanelui.cs in SourceAssetDB has modification time of '2026-09-16T09:00:09.2695907Z' while content on disk has modification time of '2026-09-16T09:00:15.7744939Z'
  ERROR: Build asset version error: assets/scripts/ui/playerpanelui.cs in SourceAssetDB has modification time of '2026-09-16T09:00:09.2695907Z' while content on disk has modification time of '2026-09-16T09:00:15.7744939Z'
Number of updated asset objects reloaded before import = 0Number of asset objects unloaded after import = 0

========================================================================
Received Import Request.
  Time since last request: 0.000018 seconds.
  path: Assets/Scripts/UI/PlayerPanelUI.cs
  artifactKey: Guid(afacdfdfe7572954f85b60af6e8dda54) Importer(815301076,1909f56bfc062723c751e8b465ee728b)
Start importing Assets/Scripts/UI/PlayerPanelUI.cs using Guid(afacdfdfe7572954f85b60af6e8dda54) Importer(815301076,1909f56bfc062723c751e8b465ee728b) (PreviewImporter) -> (artifact id: '00000000000000000000000000000000') in 0.0005682 seconds
Import Error Code:(4)
Message: Build asset version error: assets/scripts/ui/playerpanelui.cs in SourceAssetDB has modification time of '2026-09-16T09:00:09.2695907Z' while content on disk has modification time of '2026-09-16T09:00:15.7744939Z'
  ERROR: Build asset version error: assets/scripts/ui/playerpanelui.cs in SourceAssetDB has modification time of '2026-09-16T09:00:09.2695907Z' while content on disk has modification time of '2026-09-16T09:00:15.7744939Z'
Number of updated asset objects reloaded before import = 0Number of asset objects unloaded after import = 0

========================================================================
Received Import Request.
  Time since last request: 0.000022 seconds.
  path: Assets/Scripts/UI/PlayerPanelUI.cs
  artifactKey: Guid(afacdfdfe7572954f85b60af6e8dda54) Importer(815301076,1909f56bfc062723c751e8b465ee728b)
Start importing Assets/Scripts/UI/PlayerPanelUI.cs using Guid(afacdfdfe7572954f85b60af6e8dda54) Importer(815301076,1909f56bfc062723c751e8b465ee728b) (PreviewImporter) -> (artifact id: '00000000000000000000000000000000') in 0.0006278 seconds
Import Error Code:(4)
Message: Build asset version error: assets/scripts/ui/playerpanelui.cs in SourceAssetDB has modification time of '2026-09-16T09:00:09.2695907Z' while content on disk has modification time of '2026-09-16T09:00:15.7744939Z'
  ERROR: Build asset version error: assets/scripts/ui/playerpanelui.cs in SourceAssetDB has modification time of '2026-09-16T09:00:09.2695907Z' while content on disk has modification time of '2026-09-16T09:00:15.7744939Z'
Number of updated asset objects reloaded before import = 0Number of asset objects unloaded after import = 0

========================================================================
Received Import Request.
  Time since last request: 0.000027 seconds.
  path: Assets/Scripts/UI/PlayerPanelUI.cs
  artifactKey: Guid(afacdfdfe7572954f85b60af6e8dda54) Importer(815301076,1909f56bfc062723c751e8b465ee728b)
Start importing Assets/Scripts/UI/PlayerPanelUI.cs using Guid(afacdfdfe7572954f85b60af6e8dda54) Importer(815301076,1909f56bfc062723c751e8b465ee728b) (PreviewImporter) -> (artifact id: '00000000000000000000000000000000') in 0.0005563 seconds
Import Error Code:(4)
Message: Build asset version error: assets/scripts/ui/playerpanelui.cs in SourceAssetDB has modification time of '2026-09-16T09:00:09.2695907Z' while content on disk has modification time of '2026-09-16T09:00:15.7744939Z'
  ERROR: Build asset version error: assets/scripts/ui/playerpanelui.cs in SourceAssetDB has modification time of '2026-09-16T09:00:09.2695907Z' while content on disk has modification time of '2026-09-16T09:00:15.7744939Z'
Number of updated asset objects reloaded before import = 0Number of asset objects unloaded after import = 0

========================================================================
Received Import Request.
  Time since last request: 0.000034 seconds.
  path: Assets/Scripts/UI/PlayerPanelUI.cs
  artifactKey: Guid(afacdfdfe7572954f85b60af6e8dda54) Importer(815301076,1909f56bfc062723c751e8b465ee728b)
Start importing Assets/Scripts/UI/PlayerPanelUI.cs using Guid(afacdfdfe7572954f85b60af6e8dda54) Importer(815301076,1909f56bfc062723c751e8b465ee728b) (PreviewImporter) -> (artifact id: '00000000000000000000000000000000') in 0.0006602 seconds
Import Error Code:(4)
Message: Build asset version error: assets/scripts/ui/playerpanelui.cs in SourceAssetDB has modification time of '2026-09-16T09:00:09.2695907Z' while content on disk has modification time of '2026-09-16T09:00:15.7744939Z'
  ERROR: Build asset version error: assets/scripts/ui/playerpanelui.cs in SourceAssetDB has modification time of '2026-09-16T09:00:09.2695907Z' while content on disk has modification time of '2026-09-16T09:00:15.7744939Z'
Number of updated asset objects reloaded before import = 0Number of asset objects unloaded after import = 0

========================================================================
Received Import Request.
  Time since last request: 0.000017 seconds.
  path: Assets/Scripts/UI/PlayerPanelUI.cs
  artifactKey: Guid(afacdfdfe7572954f85b60af6e8dda54) Importer(815301076,1909f56bfc062723c751e8b465ee728b)
Start importing Assets/Scripts/UI/PlayerPanelUI.cs using Guid(afacdfdfe7572954f85b60af6e8dda54) Importer(815301076,1909f56bfc062723c751e8b465ee728b) (PreviewImporter) -> (artifact id: '00000000000000000000000000000000') in 0.000556 seconds
Import Error Code:(4)
Message: Build asset version error: assets/scripts/ui/playerpanelui.cs in SourceAssetDB has modification time of '2026-09-16T09:00:09.2695907Z' while content on disk has modification time of '2026-09-16T09:00:15.7744939Z'
  ERROR: Build asset version error: assets/scripts/ui/playerpanelui.cs in SourceAssetDB has modification time of '2026-09-16T09:00:09.2695907Z' while content on disk has modification time of '2026-09-16T09:00:15.7744939Z'
Number of updated asset objects reloaded before import = 0Number of asset objects unloaded after import = 0

========================================================================
Received Import Request.
  Time since last request: 0.000021 seconds.
  path: Assets/Scripts/UI/PlayerPanelUI.cs
  artifactKey: Guid(afacdfdfe7572954f85b60af6e8dda54) Importer(815301076,1909f56bfc062723c751e8b465ee728b)
Start importing Assets/Scripts/UI/PlayerPanelUI.cs using Guid(afacdfdfe7572954f85b60af6e8dda54) Importer(815301076,1909f56bfc062723c751e8b465ee728b) (PreviewImporter) -> (artifact id: '00000000000000000000000000000000') in 0.0006857 seconds
Import Error Code:(4)
Message: Build asset version error: assets/scripts/ui/playerpanelui.cs in SourceAssetDB has modification time of '2026-09-16T09:00:09.2695907Z' while content on disk has modification time of '2026-09-16T09:00:15.7744939Z'
  ERROR: Build asset version error: assets/scripts/ui/playerpanelui.cs in SourceAssetDB has modification time of '2026-09-16T09:00:09.2695907Z' while content on disk has modification time of '2026-09-16T09:00:15.7744939Z'
Number of updated asset objects reloaded before import = 0Number of asset objects unloaded after import = 0

========================================================================
Received Import Request.
  Time since last request: 0.000018 seconds.
  path: Assets/Scripts/UI/PlayerPanelUI.cs
  artifactKey: Guid(afacdfdfe7572954f85b60af6e8dda54) Importer(815301076,1909f56bfc062723c751e8b465ee728b)
Start importing Assets/Scripts/UI/PlayerPanelUI.cs using Guid(afacdfdfe7572954f85b60af6e8dda54) Importer(815301076,1909f56bfc062723c751e8b465ee728b) (PreviewImporter) -> (artifact id: '00000000000000000000000000000000') in 0.000567 seconds
Import Error Code:(4)
Message: Build asset version error: assets/scripts/ui/playerpanelui.cs in SourceAssetDB has modification time of '2026-09-16T09:00:09.2695907Z' while content on disk has modification time of '2026-09-16T09:00:15.7744939Z'
  ERROR: Build asset version error: assets/scripts/ui/playerpanelui.cs in SourceAssetDB has modification time of '2026-09-16T09:00:09.2695907Z' while content on disk has modification time of '2026-09-16T09:00:15.7744939Z'
Number of updated asset objects reloaded before import = 0Number of asset objects unloaded after import = 0

========================================================================
Received Import Request.
  Time since last request: 0.000021 seconds.
  path: Assets/Scripts/UI/PlayerPanelUI.cs
  artifactKey: Guid(afacdfdfe7572954f85b60af6e8dda54) Importer(815301076,1909f56bfc062723c751e8b465ee728b)
Start importing Assets/Scripts/UI/PlayerPanelUI.cs using Guid(afacdfdfe7572954f85b60af6e8dda54) Importer(815301076,1909f56bfc062723c751e8b465ee728b) (PreviewImporter) -> (artifact id: '00000000000000000000000000000000') in 0.0006173 seconds
Import Error Code:(4)
Message: Build asset version error: assets/scripts/ui/playerpanelui.cs in SourceAssetDB has modification time of '2026-09-16T09:00:09.2695907Z' while content on disk has modification time of '2026-09-16T09:00:15.7744939Z'
  ERROR: Build asset version error: assets/scripts/ui/playerpanelui.cs in SourceAssetDB has modification time of '2026-09-16T09:00:09.2695907Z' while content on disk has modification time of '2026-09-16T09:00:15.7744939Z'
Number of updated asset objects reloaded before import = 0Number of asset objects unloaded after import = 0

========================================================================
Received Import Request.
  Time since last request: 0.000035 seconds.
  path: Assets/Scripts/UI/PlayerPanelUI.cs
  artifactKey: Guid(afacdfdfe7572954f85b60af6e8dda54) Importer(815301076,1909f56bfc062723c751e8b465ee728b)
Start importing Assets/Scripts/UI/PlayerPanelUI.cs using Guid(afacdfdfe7572954f85b60af6e8dda54) Importer(815301076,1909f56bfc062723c751e8b465ee728b) (PreviewImporter) -> (artifact id: '00000000000000000000000000000000') in 0.000581 seconds
Import Error Code:(4)
Message: Build asset version error: assets/scripts/ui/playerpanelui.cs in SourceAssetDB has modification time of '2026-09-16T09:00:09.2695907Z' while content on disk has modification time of '2026-09-16T09:00:15.7744939Z'
  ERROR: Build asset version error: assets/scripts/ui/playerpanelui.cs in SourceAssetDB has modification time of '2026-09-16T09:00:09.2695907Z' while content on disk has modification time of '2026-09-16T09:00:15.7744939Z'
Number of updated asset objects reloaded before import = 0Number of asset objects unloaded after import = 0

========================================================================
Received Import Request.
  Time since last request: 0.000020 seconds.
  path: Assets/Scripts/UI/PlayerPanelUI.cs
  artifactKey: Guid(afacdfdfe7572954f85b60af6e8dda54) Importer(815301076,1909f56bfc062723c751e8b465ee728b)
Start importing Assets/Scripts/UI/PlayerPanelUI.cs using Guid(afacdfdfe7572954f85b60af6e8dda54) Importer(815301076,1909f56bfc062723c751e8b465ee728b) (PreviewImporter) -> (artifact id: '00000000000000000000000000000000') in 0.0006784 seconds
Import Error Code:(4)
Message: Build asset version error: assets/scripts/ui/playerpanelui.cs in SourceAssetDB has modification time of '2026-09-16T09:00:09.2695907Z' while content on disk has modification time of '2026-09-16T09:00:15.7744939Z'
  ERROR: Build asset version error: assets/scripts/ui/playerpanelui.cs in SourceAssetDB has modification time of '2026-09-16T09:00:09.2695907Z' while content on disk has modification time of '2026-09-16T09:00:15.7744939Z'
Number of updated asset objects reloaded before import = 0Number of asset objects unloaded after import = 0

========================================================================
Received Import Request.
  Time since last request: 0.000022 seconds.
  path: Assets/Scripts/UI/PlayerPanelUI.cs
  artifactKey: Guid(afacdfdfe7572954f85b60af6e8dda54) Importer(815301076,1909f56bfc062723c751e8b465ee728b)
Start importing Assets/Scripts/UI/PlayerPanelUI.cs using Guid(afacdfdfe7572954f85b60af6e8dda54) Importer(815301076,1909f56bfc062723c751e8b465ee728b) (PreviewImporter) -> (artifact id: '00000000000000000000000000000000') in 0.0007005 seconds
Import Error Code:(4)
Message: Build asset version error: assets/scripts/ui/playerpanelui.cs in SourceAssetDB has modification time of '2026-09-16T09:00:09.2695907Z' while content on disk has modification time of '2026-09-16T09:00:15.7744939Z'
  ERROR: Build asset version error: assets/scripts/ui/playerpanelui.cs in SourceAssetDB has modification time of '2026-09-16T09:00:09.2695907Z' while content on disk has modification time of '2026-09-16T09:00:15.7744939Z'
Number of updated asset objects reloaded before import = 0Number of asset objects unloaded after import = 0

========================================================================
Received Import Request.
  Time since last request: 0.000018 seconds.
  path: Assets/Scripts/UI/PlayerPanelUI.cs
  artifactKey: Guid(afacdfdfe7572954f85b60af6e8dda54) Importer(815301076,1909f56bfc062723c751e8b465ee728b)
Start importing Assets/Scripts/UI/PlayerPanelUI.cs using Guid(afacdfdfe7572954f85b60af6e8dda54) Importer(815301076,1909f56bfc062723c751e8b465ee728b) (PreviewImporter) -> (artifact id: '00000000000000000000000000000000') in 0.0006985 seconds
Import Error Code:(4)
Message: Build asset version error: assets/scripts/ui/playerpanelui.cs in SourceAssetDB has modification time of '2026-09-16T09:00:09.2695907Z' while content on disk has modification time of '2026-09-16T09:00:15.7744939Z'
  ERROR: Build asset version error: assets/scripts/ui/playerpanelui.cs in SourceAssetDB has modification time of '2026-09-16T09:00:09.2695907Z' while content on disk has modification time of '2026-09-16T09:00:15.7744939Z'
Number of updated asset objects reloaded before import = 0Number of asset objects unloaded after import = 0

========================================================================
Received Import Request.
  Time since last request: 0.000022 seconds.
  path: Assets/Scripts/UI/PlayerPanelUI.cs
  artifactKey: Guid(afacdfdfe7572954f85b60af6e8dda54) Importer(815301076,1909f56bfc062723c751e8b465ee728b)
Start importing Assets/Scripts/UI/PlayerPanelUI.cs using Guid(afacdfdfe7572954f85b60af6e8dda54) Importer(815301076,1909f56bfc062723c751e8b465ee728b) (PreviewImporter) -> (artifact id: '00000000000000000000000000000000') in 0.0006382 seconds
Import Error Code:(4)
Message: Build asset version error: assets/scripts/ui/playerpanelui.cs in SourceAssetDB has modification time of '2026-09-16T09:00:09.2695907Z' while content on disk has modification time of '2026-09-16T09:00:15.7744939Z'
  ERROR: Build asset version error: assets/scripts/ui/playerpanelui.cs in SourceAssetDB has modification time of '2026-09-16T09:00:09.2695907Z' while content on disk has modification time of '2026-09-16T09:00:15.7744939Z'
Number of updated asset objects reloaded before import = 0Number of asset objects unloaded after import = 0

========================================================================
Received Import Request.
  Time since last request: 0.000032 seconds.
  path: Assets/Scripts/UI/PlayerPanelUI.cs
  artifactKey: Guid(afacdfdfe7572954f85b60af6e8dda54) Importer(815301076,1909f56bfc062723c751e8b465ee728b)
Start importing Assets/Scripts/UI/PlayerPanelUI.cs using Guid(afacdfdfe7572954f85b60af6e8dda54) Importer(815301076,1909f56bfc062723c751e8b465ee728b) (PreviewImporter) -> (artifact id: '00000000000000000000000000000000') in 0.0006367 seconds
Import Error Code:(4)
Message: Build asset version error: assets/scripts/ui/playerpanelui.cs in SourceAssetDB has modification time of '2026-09-16T09:00:09.2695907Z' while content on disk has modification time of '2026-09-16T09:00:15.7744939Z'
  ERROR: Build asset version error: assets/scripts/ui/playerpanelui.cs in SourceAssetDB has modification time of '2026-09-16T09:00:09.2695907Z' while content on disk has modification time of '2026-09-16T09:00:15.7744939Z'
Number of updated asset objects reloaded before import = 0Number of asset objects unloaded after import = 0

========================================================================
Received Import Request.
  Time since last request: 0.000020 seconds.
  path: Assets/Scripts/UI/PlayerPanelUI.cs
  artifactKey: Guid(afacdfdfe7572954f85b60af6e8dda54) Importer(815301076,1909f56bfc062723c751e8b465ee728b)
Start importing Assets/Scripts/UI/PlayerPanelUI.cs using Guid(afacdfdfe7572954f85b60af6e8dda54) Importer(815301076,1909f56bfc062723c751e8b465ee728b) (PreviewImporter) -> (artifact id: '00000000000000000000000000000000') in 0.0007087 seconds
Import Error Code:(4)
Message: Build asset version error: assets/scripts/ui/playerpanelui.cs in SourceAssetDB has modification time of '2026-09-16T09:00:09.2695907Z' while content on disk has modification time of '2026-09-16T09:00:15.7744939Z'
  ERROR: Build asset version error: assets/scripts/ui/playerpanelui.cs in SourceAssetDB has modification time of '2026-09-16T09:00:09.2695907Z' while content on disk has modification time of '2026-09-16T09:00:15.7744939Z'
Number of updated asset objects reloaded before import = 0Number of asset objects unloaded after import = 0

========================================================================
Received Import Request.
  Time since last request: 0.000022 seconds.
  path: Assets/Scripts/UI/PlayerPanelUI.cs
  artifactKey: Guid(afacdfdfe7572954f85b60af6e8dda54) Importer(815301076,1909f56bfc062723c751e8b465ee728b)
Start importing Assets/Scripts/UI/PlayerPanelUI.cs using Guid(afacdfdfe7572954f85b60af6e8dda54) Importer(815301076,1909f56bfc062723c751e8b465ee728b) (PreviewImporter) -> (artifact id: '00000000000000000000000000000000') in 0.0006924 seconds
Import Error Code:(4)
Message: Build asset version error: assets/scripts/ui/playerpanelui.cs in SourceAssetDB has modification time of '2026-09-16T09:00:09.2695907Z' while content on disk has modification time of '2026-09-16T09:00:15.7744939Z'
  ERROR: Build asset version error: assets/scripts/ui/playerpanelui.cs in SourceAssetDB has modification time of '2026-09-16T09:00:09.2695907Z' while content on disk has modification time of '2026-09-16T09:00:15.7744939Z'
Number of updated asset objects reloaded before import = 0Number of asset objects unloaded after import = 0

========================================================================
Received Import Request.
  Time since last request: 0.000017 seconds.
  path: Assets/Scripts/UI/PlayerPanelUI.cs
  artifactKey: Guid(afacdfdfe7572954f85b60af6e8dda54) Importer(815301076,1909f56bfc062723c751e8b465ee728b)
Start importing Assets/Scripts/UI/PlayerPanelUI.cs using Guid(afacdfdfe7572954f85b60af6e8dda54) Importer(815301076,1909f56bfc062723c751e8b465ee728b) (PreviewImporter) -> (artifact id: '00000000000000000000000000000000') in 0.0005485 seconds
Import Error Code:(4)
Message: Build asset version error: assets/scripts/ui/playerpanelui.cs in SourceAssetDB has modification time of '2026-09-16T09:00:09.2695907Z' while content on disk has modification time of '2026-09-16T09:00:15.7744939Z'
  ERROR: Build asset version error: assets/scripts/ui/playerpanelui.cs in SourceAssetDB has modification time of '2026-09-16T09:00:09.2695907Z' while content on disk has modification time of '2026-09-16T09:00:15.7744939Z'
Number of updated asset objects reloaded before import = 0Number of asset objects unloaded after import = 0

========================================================================
Received Import Request.
  Time since last request: 0.000024 seconds.
  path: Assets/Scripts/UI/PlayerPanelUI.cs
  artifactKey: Guid(afacdfdfe7572954f85b60af6e8dda54) Importer(815301076,1909f56bfc062723c751e8b465ee728b)
Start importing Assets/Scripts/UI/PlayerPanelUI.cs using Guid(afacdfdfe7572954f85b60af6e8dda54) Importer(815301076,1909f56bfc062723c751e8b465ee728b) (PreviewImporter) -> (artifact id: '00000000000000000000000000000000') in 0.0005543 seconds
Import Error Code:(4)
Message: Build asset version error: assets/scripts/ui/playerpanelui.cs in SourceAssetDB has modification time of '2026-09-16T09:00:09.2695907Z' while content on disk has modification time of '2026-09-16T09:00:15.7744939Z'
  ERROR: Build asset version error: assets/scripts/ui/playerpanelui.cs in SourceAssetDB has modification time of '2026-09-16T09:00:09.2695907Z' while content on disk has modification time of '2026-09-16T09:00:15.7744939Z'
Number of updated asset objects reloaded before import = 0Number of asset objects unloaded after import = 0

========================================================================
Received Import Request.
  Time since last request: 0.000034 seconds.
  path: Assets/Scripts/UI/PlayerPanelUI.cs
  artifactKey: Guid(afacdfdfe7572954f85b60af6e8dda54) Importer(815301076,1909f56bfc062723c751e8b465ee728b)
Start importing Assets/Scripts/UI/PlayerPanelUI.cs using Guid(afacdfdfe7572954f85b60af6e8dda54) Importer(815301076,1909f56bfc062723c751e8b465ee728b) (PreviewImporter) -> (artifact id: '00000000000000000000000000000000') in 0.0005672 seconds
Import Error Code:(4)
Message: Build asset version error: assets/scripts/ui/playerpanelui.cs in SourceAssetDB has modification time of '2026-09-16T09:00:09.2695907Z' while content on disk has modification time of '2026-09-16T09:00:15.7744939Z'
  ERROR: Build asset version error: assets/scripts/ui/playerpanelui.cs in SourceAssetDB has modification time of '2026-09-16T09:00:09.2695907Z' while content on disk has modification time of '2026-09-16T09:00:15.7744939Z'
Number of updated asset objects reloaded before import = 0Number of asset objects unloaded after import = 0

========================================================================
Received Import Request.
  Time since last request: 0.000017 seconds.
  path: Assets/Scripts/UI/PlayerPanelUI.cs
  artifactKey: Guid(afacdfdfe7572954f85b60af6e8dda54) Importer(815301076,1909f56bfc062723c751e8b465ee728b)
Start importing Assets/Scripts/UI/PlayerPanelUI.cs using Guid(afacdfdfe7572954f85b60af6e8dda54) Importer(815301076,1909f56bfc062723c751e8b465ee728b) (PreviewImporter) -> (artifact id: '00000000000000000000000000000000') in 0.0006945 seconds
Import Error Code:(4)
Message: Build asset version error: assets/scripts/ui/playerpanelui.cs in SourceAssetDB has modification time of '2026-09-16T09:00:09.2695907Z' while content on disk has modification time of '2026-09-16T09:00:15.7744939Z'
  ERROR: Build asset version error: assets/scripts/ui/playerpanelui.cs in SourceAssetDB has modification time of '2026-09-16T09:00:09.2695907Z' while content on disk has modification time of '2026-09-16T09:00:15.7744939Z'
Number of updated asset objects reloaded before import = 0Number of asset objects unloaded after import = 0

========================================================================
Received Import Request.
  Time since last request: 0.000018 seconds.
  path: Assets/Scripts/UI/PlayerPanelUI.cs
  artifactKey: Guid(afacdfdfe7572954f85b60af6e8dda54) Importer(815301076,1909f56bfc062723c751e8b465ee728b)
Start importing Assets/Scripts/UI/PlayerPanelUI.cs using Guid(afacdfdfe7572954f85b60af6e8dda54) Importer(815301076,1909f56bfc062723c751e8b465ee728b) (PreviewImporter) -> (artifact id: '00000000000000000000000000000000') in 0.000717 seconds
Import Error Code:(4)
Message: Build asset version error: assets/scripts/ui/playerpanelui.cs in SourceAssetDB has modification time of '2026-09-16T09:00:09.2695907Z' while content on disk has modification time of '2026-09-16T09:00:15.7744939Z'
  ERROR: Build asset version error: assets/scripts/ui/playerpanelui.cs in SourceAssetDB has modification time of '2026-09-16T09:00:09.2695907Z' while content on disk has modification time of '2026-09-16T09:00:15.7744939Z'
Number of updated asset objects reloaded before import = 0Number of asset objects unloaded after import = 0

========================================================================
Received Import Request.
  Time since last request: 0.000019 seconds.
  path: Assets/Scripts/UI/PlayerPanelUI.cs
  artifactKey: Guid(afacdfdfe7572954f85b60af6e8dda54) Importer(815301076,1909f56bfc062723c751e8b465ee728b)
Start importing Assets/Scripts/UI/PlayerPanelUI.cs using Guid(afacdfdfe7572954f85b60af6e8dda54) Importer(815301076,1909f56bfc062723c751e8b465ee728b) (PreviewImporter) -> (artifact id: '00000000000000000000000000000000') in 0.0005841 seconds
Import Error Code:(4)
Message: Build asset version error: assets/scripts/ui/playerpanelui.cs in SourceAssetDB has modification time of '2026-09-16T09:00:09.2695907Z' while content on disk has modification time of '2026-09-16T09:00:15.7744939Z'
  ERROR: Build asset version error: assets/scripts/ui/playerpanelui.cs in SourceAssetDB has modification time of '2026-09-16T09:00:09.2695907Z' while content on disk has modification time of '2026-09-16T09:00:15.7744939Z'
Number of updated asset objects reloaded before import = 0Number of asset objects unloaded after import = 0

========================================================================
Received Import Request.
  Time since last request: 0.000022 seconds.
  path: Assets/Scripts/UI/PlayerPanelUI.cs
  artifactKey: Guid(afacdfdfe7572954f85b60af6e8dda54) Importer(815301076,1909f56bfc062723c751e8b465ee728b)
Start importing Assets/Scripts/UI/PlayerPanelUI.cs using Guid(afacdfdfe7572954f85b60af6e8dda54) Importer(815301076,1909f56bfc062723c751e8b465ee728b) (PreviewImporter) -> (artifact id: '00000000000000000000000000000000') in 0.0007208 seconds
Import Error Code:(4)
Message: Build asset version error: assets/scripts/ui/playerpanelui.cs in SourceAssetDB has modification time of '2026-09-16T09:00:09.2695907Z' while content on disk has modification time of '2026-09-16T09:00:15.7744939Z'
  ERROR: Build asset version error: assets/scripts/ui/playerpanelui.cs in SourceAssetDB has modification time of '2026-09-16T09:00:09.2695907Z' while content on disk has modification time of '2026-09-16T09:00:15.7744939Z'
Number of updated asset objects reloaded before import = 0Number of asset objects unloaded after import = 0

========================================================================
Received Import Request.
  Time since last request: 0.000035 seconds.
  path: Assets/Scripts/UI/PlayerPanelUI.cs
  artifactKey: Guid(afacdfdfe7572954f85b60af6e8dda54) Importer(815301076,1909f56bfc062723c751e8b465ee728b)
Start importing Assets/Scripts/UI/PlayerPanelUI.cs using Guid(afacdfdfe7572954f85b60af6e8dda54) Importer(815301076,1909f56bfc062723c751e8b465ee728b) (PreviewImporter) -> (artifact id: '00000000000000000000000000000000') in 0.0006025 seconds
Import Error Code:(4)
Message: Build asset version error: assets/scripts/ui/playerpanelui.cs in SourceAssetDB has modification time of '2026-09-16T09:00:09.2695907Z' while content on disk has modification time of '2026-09-16T09:00:15.7744939Z'
  ERROR: Build asset version error: assets/scripts/ui/playerpanelui.cs in SourceAssetDB has modification time of '2026-09-16T09:00:09.2695907Z' while content on disk has modification time of '2026-09-16T09:00:15.7744939Z'
Number of updated asset objects reloaded before import = 0Number of asset objects unloaded after import = 0

========================================================================
Received Import Request.
  Time since last request: 0.000019 seconds.
  path: Assets/Scripts/UI/PlayerPanelUI.cs
  artifactKey: Guid(afacdfdfe7572954f85b60af6e8dda54) Importer(815301076,1909f56bfc062723c751e8b465ee728b)
Start importing Assets/Scripts/UI/PlayerPanelUI.cs using Guid(afacdfdfe7572954f85b60af6e8dda54) Importer(815301076,1909f56bfc062723c751e8b465ee728b) (PreviewImporter) -> (artifact id: '00000000000000000000000000000000') in 0.0007828 seconds
Import Error Code:(4)
Message: Build asset version error: assets/scripts/ui/playerpanelui.cs in SourceAssetDB has modification time of '2026-09-16T09:00:09.2695907Z' while content on disk has modification time of '2026-09-16T09:00:15.7744939Z'
  ERROR: Build asset version error: assets/scripts/ui/playerpanelui.cs in SourceAssetDB has modification time of '2026-09-16T09:00:09.2695907Z' while content on disk has modification time of '2026-09-16T09:00:15.7744939Z'
Number of updated asset objects reloaded before import = 0Number of asset objects unloaded after import = 0

========================================================================
Received Import Request.
  Time since last request: 0.000021 seconds.
  path: Assets/Scripts/UI/PlayerPanelUI.cs
  artifactKey: Guid(afacdfdfe7572954f85b60af6e8dda54) Importer(815301076,1909f56bfc062723c751e8b465ee728b)
Start importing Assets/Scripts/UI/PlayerPanelUI.cs using Guid(afacdfdfe7572954f85b60af6e8dda54) Importer(815301076,1909f56bfc062723c751e8b465ee728b) (PreviewImporter) -> (artifact id: '00000000000000000000000000000000') in 0.0007463 seconds
Import Error Code:(4)
Message: Build asset version error: assets/scripts/ui/playerpanelui.cs in SourceAssetDB has modification time of '2026-09-16T09:00:09.2695907Z' while content on disk has modification time of '2026-09-16T09:00:15.7744939Z'
  ERROR: Build asset version error: assets/scripts/ui/playerpanelui.cs in SourceAssetDB has modification time of '2026-09-16T09:00:09.2695907Z' while content on disk has modification time of '2026-09-16T09:00:15.7744939Z'
Number of updated asset objects reloaded before import = 0Number of asset objects unloaded after import = 0

========================================================================
Received Import Request.
  Time since last request: 0.000018 seconds.
  path: Assets/Scripts/UI/PlayerPanelUI.cs
  artifactKey: Guid(afacdfdfe7572954f85b60af6e8dda54) Importer(815301076,1909f56bfc062723c751e8b465ee728b)
Start importing Assets/Scripts/UI/PlayerPanelUI.cs using Guid(afacdfdfe7572954f85b60af6e8dda54) Importer(815301076,1909f56bfc062723c751e8b465ee728b) (PreviewImporter) -> (artifact id: '00000000000000000000000000000000') in 0.0007097 seconds
Import Error Code:(4)
Message: Build asset version error: assets/scripts/ui/playerpanelui.cs in SourceAssetDB has modification time of '2026-09-16T09:00:09.2695907Z' while content on disk has modification time of '2026-09-16T09:00:15.7744939Z'
  ERROR: Build asset version error: assets/scripts/ui/playerpanelui.cs in SourceAssetDB has modification time of '2026-09-16T09:00:09.2695907Z' while content on disk has modification time of '2026-09-16T09:00:15.7744939Z'
Number of updated asset objects reloaded before import = 0Number of asset objects unloaded after import = 0

========================================================================
Received Import Request.
  Time since last request: 0.000023 seconds.
  path: Assets/Scripts/UI/PlayerPanelUI.cs
  artifactKey: Guid(afacdfdfe7572954f85b60af6e8dda54) Importer(815301076,1909f56bfc062723c751e8b465ee728b)
Start importing Assets/Scripts/UI/PlayerPanelUI.cs using Guid(afacdfdfe7572954f85b60af6e8dda54) Importer(815301076,1909f56bfc062723c751e8b465ee728b) (PreviewImporter) -> (artifact id: '00000000000000000000000000000000') in 0.0006169 seconds
Import Error Code:(4)
Message: Build asset version error: assets/scripts/ui/playerpanelui.cs in SourceAssetDB has modification time of '2026-09-16T09:00:09.2695907Z' while content on disk has modification time of '2026-09-16T09:00:15.7744939Z'
  ERROR: Build asset version error: assets/scripts/ui/playerpanelui.cs in SourceAssetDB has modification time of '2026-09-16T09:00:09.2695907Z' while content on disk has modification time of '2026-09-16T09:00:15.7744939Z'
Number of updated asset objects reloaded before import = 0Number of asset objects unloaded after import = 0

========================================================================
Received Import Request.
  Time since last request: 0.000020 seconds.
  path: Assets/Scripts/UI/PlayerPanelUI.cs
  artifactKey: Guid(afacdfdfe7572954f85b60af6e8dda54) Importer(815301076,1909f56bfc062723c751e8b465ee728b)
Start importing Assets/Scripts/UI/PlayerPanelUI.cs using Guid(afacdfdfe7572954f85b60af6e8dda54) Importer(815301076,1909f56bfc062723c751e8b465ee728b) (PreviewImporter) -> (artifact id: '00000000000000000000000000000000') in 0.0007105 seconds
Import Error Code:(4)
Message: Build asset version error: assets/scripts/ui/playerpanelui.cs in SourceAssetDB has modification time of '2026-09-16T09:00:09.2695907Z' while content on disk has modification time of '2026-09-16T09:00:15.7744939Z'
  ERROR: Build asset version error: assets/scripts/ui/playerpanelui.cs in SourceAssetDB has modification time of '2026-09-16T09:00:09.2695907Z' while content on disk has modification time of '2026-09-16T09:00:15.7744939Z'
Number of updated asset objects reloaded before import = 0Number of asset objects unloaded after import = 0

========================================================================
Received Import Request.
  Time since last request: 0.000031 seconds.
  path: Assets/Scripts/UI/PlayerPanelUI.cs
  artifactKey: Guid(afacdfdfe7572954f85b60af6e8dda54) Importer(815301076,1909f56bfc062723c751e8b465ee728b)
Start importing Assets/Scripts/UI/PlayerPanelUI.cs using Guid(afacdfdfe7572954f85b60af6e8dda54) Importer(815301076,1909f56bfc062723c751e8b465ee728b) (PreviewImporter) -> (artifact id: '00000000000000000000000000000000') in 0.0006492 seconds
Import Error Code:(4)
Message: Build asset version error: assets/scripts/ui/playerpanelui.cs in SourceAssetDB has modification time of '2026-09-16T09:00:09.2695907Z' while content on disk has modification time of '2026-09-16T09:00:15.7744939Z'
  ERROR: Build asset version error: assets/scripts/ui/playerpanelui.cs in SourceAssetDB has modification time of '2026-09-16T09:00:09.2695907Z' while content on disk has modification time of '2026-09-16T09:00:15.7744939Z'
Number of updated asset objects reloaded before import = 0Number of asset objects unloaded after import = 0

========================================================================
Received Import Request.
  Time since last request: 0.000020 seconds.
  path: Assets/Scripts/UI/PlayerPanelUI.cs
  artifactKey: Guid(afacdfdfe7572954f85b60af6e8dda54) Importer(815301076,1909f56bfc062723c751e8b465ee728b)
Start importing Assets/Scripts/UI/PlayerPanelUI.cs using Guid(afacdfdfe7572954f85b60af6e8dda54) Importer(815301076,1909f56bfc062723c751e8b465ee728b) (PreviewImporter) -> (artifact id: '00000000000000000000000000000000') in 0.0006518 seconds
Import Error Code:(4)
Message: Build asset version error: assets/scripts/ui/playerpanelui.cs in SourceAssetDB has modification time of '2026-09-16T09:00:09.2695907Z' while content on disk has modification time of '2026-09-16T09:00:15.7744939Z'
  ERROR: Build asset version error: assets/scripts/ui/playerpanelui.cs in SourceAssetDB has modification time of '2026-09-16T09:00:09.2695907Z' while content on disk has modification time of '2026-09-16T09:00:15.7744939Z'
Number of updated asset objects reloaded before import = 0Number of asset objects unloaded after import = 0

========================================================================
Received Import Request.
  Time since last request: 0.000022 seconds.
  path: Assets/Scripts/UI/PlayerPanelUI.cs
  artifactKey: Guid(afacdfdfe7572954f85b60af6e8dda54) Importer(815301076,1909f56bfc062723c751e8b465ee728b)
Start importing Assets/Scripts/UI/PlayerPanelUI.cs using Guid(afacdfdfe7572954f85b60af6e8dda54) Importer(815301076,1909f56bfc062723c751e8b465ee728b) (PreviewImporter) -> (artifact id: '00000000000000000000000000000000') in 0.0005917 seconds
Import Error Code:(4)
Message: Build asset version error: assets/scripts/ui/playerpanelui.cs in SourceAssetDB has modification time of '2026-09-16T09:00:09.2695907Z' while content on disk has modification time of '2026-09-16T09:00:15.7744939Z'
  ERROR: Build asset version error: assets/scripts/ui/playerpanelui.cs in SourceAssetDB has modification time of '2026-09-16T09:00:09.2695907Z' while content on disk has modification time of '2026-09-16T09:00:15.7744939Z'
Number of updated asset objects reloaded before import = 0Number of asset objects unloaded after import = 0

========================================================================
Received Import Request.
  Time since last request: 0.000018 seconds.
  path: Assets/Scripts/UI/PlayerPanelUI.cs
  artifactKey: Guid(afacdfdfe7572954f85b60af6e8dda54) Importer(815301076,1909f56bfc062723c751e8b465ee728b)
Start importing Assets/Scripts/UI/PlayerPanelUI.cs using Guid(afacdfdfe7572954f85b60af6e8dda54) Importer(815301076,1909f56bfc062723c751e8b465ee728b) (PreviewImporter) -> (artifact id: '00000000000000000000000000000000') in 0.0007596 seconds
Import Error Code:(4)
Message: Build asset version error: assets/scripts/ui/playerpanelui.cs in SourceAssetDB has modification time of '2026-09-16T09:00:09.2695907Z' while content on disk has modification time of '2026-09-16T09:00:15.7744939Z'
  ERROR: Build asset version error: assets/scripts/ui/playerpanelui.cs in SourceAssetDB has modification time of '2026-09-16T09:00:09.2695907Z' while content on disk has modification time of '2026-09-16T09:00:15.7744939Z'
Number of updated asset objects reloaded before import = 0Number of asset objects unloaded after import = 0

========================================================================
Received Import Request.
  Time since last request: 0.000025 seconds.
  path: Assets/Scripts/UI/PlayerPanelUI.cs
  artifactKey: Guid(afacdfdfe7572954f85b60af6e8dda54) Importer(815301076,1909f56bfc062723c751e8b465ee728b)
Start importing Assets/Scripts/UI/PlayerPanelUI.cs using Guid(afacdfdfe7572954f85b60af6e8dda54) Importer(815301076,1909f56bfc062723c751e8b465ee728b) (PreviewImporter) -> (artifact id: '00000000000000000000000000000000') in 0.0007184 seconds
Import Error Code:(4)
Message: Build asset version error: assets/scripts/ui/playerpanelui.cs in SourceAssetDB has modification time of '2026-09-16T09:00:09.2695907Z' while content on disk has modification time of '2026-09-16T09:00:15.7744939Z'
  ERROR: Build asset version error: assets/scripts/ui/playerpanelui.cs in SourceAssetDB has modification time of '2026-09-16T09:00:09.2695907Z' while content on disk has modification time of '2026-09-16T09:00:15.7744939Z'
Number of updated asset objects reloaded before import = 0Number of asset objects unloaded after import = 0

========================================================================
Received Import Request.
  Time since last request: 0.000025 seconds.
  path: Assets/Scripts/UI/PlayerPanelUI.cs
  artifactKey: Guid(afacdfdfe7572954f85b60af6e8dda54) Importer(815301076,1909f56bfc062723c751e8b465ee728b)
Start importing Assets/Scripts/UI/PlayerPanelUI.cs using Guid(afacdfdfe7572954f85b60af6e8dda54) Importer(815301076,1909f56bfc062723c751e8b465ee728b) (PreviewImporter) -> (artifact id: '00000000000000000000000000000000') in 0.0005743 seconds
Import Error Code:(4)
Message: Build asset version error: assets/scripts/ui/playerpanelui.cs in SourceAssetDB has modification time of '2026-09-16T09:00:09.2695907Z' while content on disk has modification time of '2026-09-16T09:00:15.7744939Z'
  ERROR: Build asset version error: assets/scripts/ui/playerpanelui.cs in SourceAssetDB has modification time of '2026-09-16T09:00:09.2695907Z' while content on disk has modification time of '2026-09-16T09:00:15.7744939Z'
Number of updated asset objects reloaded before import = 0Number of asset objects unloaded after import = 0

========================================================================
Received Import Request.
  Time since last request: 0.000033 seconds.
  path: Assets/Scripts/UI/PlayerPanelUI.cs
  artifactKey: Guid(afacdfdfe7572954f85b60af6e8dda54) Importer(815301076,1909f56bfc062723c751e8b465ee728b)
Start importing Assets/Scripts/UI/PlayerPanelUI.cs using Guid(afacdfdfe7572954f85b60af6e8dda54) Importer(815301076,1909f56bfc062723c751e8b465ee728b) (PreviewImporter) -> (artifact id: '00000000000000000000000000000000') in 0.0005898 seconds
Import Error Code:(4)
Message: Build asset version error: assets/scripts/ui/playerpanelui.cs in SourceAssetDB has modification time of '2026-09-16T09:00:09.2695907Z' while content on disk has modification time of '2026-09-16T09:00:15.7744939Z'
  ERROR: Build asset version error: assets/scripts/ui/playerpanelui.cs in SourceAssetDB has modification time of '2026-09-16T09:00:09.2695907Z' while content on disk has modification time of '2026-09-16T09:00:15.7744939Z'
Number of updated asset objects reloaded before import = 0Number of asset objects unloaded after import = 0

========================================================================
Received Import Request.
  Time since last request: 0.000031 seconds.
  path: Assets/Scripts/UI/PlayerPanelUI.cs
  artifactKey: Guid(afacdfdfe7572954f85b60af6e8dda54) Importer(815301076,1909f56bfc062723c751e8b465ee728b)
Start importing Assets/Scripts/UI/PlayerPanelUI.cs using Guid(afacdfdfe7572954f85b60af6e8dda54) Importer(815301076,1909f56bfc062723c751e8b465ee728b) (PreviewImporter) -> (artifact id: '00000000000000000000000000000000') in 0.000637 seconds
Import Error Code:(4)
Message: Build asset version error: assets/scripts/ui/playerpanelui.cs in SourceAssetDB has modification time of '2026-09-16T09:00:09.2695907Z' while content on disk has modification time of '2026-09-16T09:00:15.7744939Z'
  ERROR: Build asset version error: assets/scripts/ui/playerpanelui.cs in SourceAssetDB has modification time of '2026-09-16T09:00:09.2695907Z' while content on disk has modification time of '2026-09-16T09:00:15.7744939Z'
Number of updated asset objects reloaded before import = 0Number of asset objects unloaded after import = 0

========================================================================
Received Import Request.
  Time since last request: 0.000018 seconds.
  path: Assets/Scripts/UI/PlayerPanelUI.cs
  artifactKey: Guid(afacdfdfe7572954f85b60af6e8dda54) Importer(815301076,1909f56bfc062723c751e8b465ee728b)
Start importing Assets/Scripts/UI/PlayerPanelUI.cs using Guid(afacdfdfe7572954f85b60af6e8dda54) Importer(815301076,1909f56bfc062723c751e8b465ee728b) (PreviewImporter) -> (artifact id: '00000000000000000000000000000000') in 0.0007676 seconds
Import Error Code:(4)
Message: Build asset version error: assets/scripts/ui/playerpanelui.cs in SourceAssetDB has modification time of '2026-09-16T09:00:09.2695907Z' while content on disk has modification time of '2026-09-16T09:00:15.7744939Z'
  ERROR: Build asset version error: assets/scripts/ui/playerpanelui.cs in SourceAssetDB has modification time of '2026-09-16T09:00:09.2695907Z' while content on disk has modification time of '2026-09-16T09:00:15.7744939Z'
Number of updated asset objects reloaded before import = 0Number of asset objects unloaded after import = 0

========================================================================
Received Import Request.
  Time since last request: 0.000017 seconds.
  path: Assets/Scripts/UI/PlayerPanelUI.cs
  artifactKey: Guid(afacdfdfe7572954f85b60af6e8dda54) Importer(815301076,1909f56bfc062723c751e8b465ee728b)
Start importing Assets/Scripts/UI/PlayerPanelUI.cs using Guid(afacdfdfe7572954f85b60af6e8dda54) Importer(815301076,1909f56bfc062723c751e8b465ee728b) (PreviewImporter) -> (artifact id: '00000000000000000000000000000000') in 0.0007561 seconds
Import Error Code:(4)
Message: Build asset version error: assets/scripts/ui/playerpanelui.cs in SourceAssetDB has modification time of '2026-09-16T09:00:09.2695907Z' while content on disk has modification time of '2026-09-16T09:00:15.7744939Z'
  ERROR: Build asset version error: assets/scripts/ui/playerpanelui.cs in SourceAssetDB has modification time of '2026-09-16T09:00:09.2695907Z' while content on disk has modification time of '2026-09-16T09:00:15.7744939Z'
Number of updated asset objects reloaded before import = 0Number of asset objects unloaded after import = 0

========================================================================
Received Import Request.
  Time since last request: 0.000022 seconds.
  path: Assets/Scripts/UI/PlayerPanelUI.cs
  artifactKey: Guid(afacdfdfe7572954f85b60af6e8dda54) Importer(815301076,1909f56bfc062723c751e8b465ee728b)
Start importing Assets/Scripts/UI/PlayerPanelUI.cs using Guid(afacdfdfe7572954f85b60af6e8dda54) Importer(815301076,1909f56bfc062723c751e8b465ee728b) (PreviewImporter) -> (artifact id: '00000000000000000000000000000000') in 0.0006247 seconds
Import Error Code:(4)
Message: Build asset version error: assets/scripts/ui/playerpanelui.cs in SourceAssetDB has modification time of '2026-09-16T09:00:09.2695907Z' while content on disk has modification time of '2026-09-16T09:00:15.7744939Z'
  ERROR: Build asset version error: assets/scripts/ui/playerpanelui.cs in SourceAssetDB has modification time of '2026-09-16T09:00:09.2695907Z' while content on disk has modification time of '2026-09-16T09:00:15.7744939Z'
Number of updated asset objects reloaded before import = 0Number of asset objects unloaded after import = 0

========================================================================
Received Import Request.
  Time since last request: 0.000032 seconds.
  path: Assets/Scripts/UI/PlayerPanelUI.cs
  artifactKey: Guid(afacdfdfe7572954f85b60af6e8dda54) Importer(815301076,1909f56bfc062723c751e8b465ee728b)
Start importing Assets/Scripts/UI/PlayerPanelUI.cs using Guid(afacdfdfe7572954f85b60af6e8dda54) Importer(815301076,1909f56bfc062723c751e8b465ee728b) (PreviewImporter) -> (artifact id: '00000000000000000000000000000000') in 0.0007074 seconds
Import Error Code:(4)
Message: Build asset version error: assets/scripts/ui/playerpanelui.cs in SourceAssetDB has modification time of '2026-09-16T09:00:09.2695907Z' while content on disk has modification time of '2026-09-16T09:00:15.7744939Z'
  ERROR: Build asset version error: assets/scripts/ui/playerpanelui.cs in SourceAssetDB has modification time of '2026-09-16T09:00:09.2695907Z' while content on disk has modification time of '2026-09-16T09:00:15.7744939Z'
Number of updated asset objects reloaded before import = 0Number of asset objects unloaded after import = 0

========================================================================
Received Import Request.
  Time since last request: 0.000017 seconds.
  path: Assets/Scripts/UI/PlayerPanelUI.cs
  artifactKey: Guid(afacdfdfe7572954f85b60af6e8dda54) Importer(815301076,1909f56bfc062723c751e8b465ee728b)
Start importing Assets/Scripts/UI/PlayerPanelUI.cs using Guid(afacdfdfe7572954f85b60af6e8dda54) Importer(815301076,1909f56bfc062723c751e8b465ee728b) (PreviewImporter) -> (artifact id: '00000000000000000000000000000000') in 0.0007732 seconds
Import Error Code:(4)
Message: Build asset version error: assets/scripts/ui/playerpanelui.cs in SourceAssetDB has modification time of '2026-09-16T09:00:09.2695907Z' while content on disk has modification time of '2026-09-16T09:00:15.7744939Z'
  ERROR: Build asset version error: assets/scripts/ui/playerpanelui.cs in SourceAssetDB has modification time of '2026-09-16T09:00:09.2695907Z' while content on disk has modification time of '2026-09-16T09:00:15.7744939Z'
Number of updated asset objects reloaded before import = 0Number of asset objects unloaded after import = 0

========================================================================
Received Import Request.
  Time since last request: 0.026012 seconds.
  path: Assets/Scripts/UI/PlayerPanelUI.cs
  artifactKey: Guid(afacdfdfe7572954f85b60af6e8dda54) Importer(815301076,1909f56bfc062723c751e8b465ee728b)
Start importing Assets/Scripts/UI/PlayerPanelUI.cs using Guid(afacdfdfe7572954f85b60af6e8dda54) Importer(815301076,1909f56bfc062723c751e8b465ee728b) (PreviewImporter) -> (artifact id: '00000000000000000000000000000000') in 0.0007337 seconds
Import Error Code:(4)
Message: Build asset version error: assets/scripts/ui/playerpanelui.cs in SourceAssetDB has modification time of '2026-09-16T09:00:09.2695907Z' while content on disk has modification time of '2026-09-16T09:00:15.7744939Z'
  ERROR: Build asset version error: assets/scripts/ui/playerpanelui.cs in SourceAssetDB has modification time of '2026-09-16T09:00:09.2695907Z' while content on disk has modification time of '2026-09-16T09:00:15.7744939Z'
Number of updated asset objects reloaded before import = 0Number of asset objects unloaded after import = 0

========================================================================
Received Import Request.
  Time since last request: 0.000022 seconds.
  path: Assets/Scripts/UI/PlayerPanelUI.cs
  artifactKey: Guid(afacdfdfe7572954f85b60af6e8dda54) Importer(815301076,1909f56bfc062723c751e8b465ee728b)
Start importing Assets/Scripts/UI/PlayerPanelUI.cs using Guid(afacdfdfe7572954f85b60af6e8dda54) Importer(815301076,1909f56bfc062723c751e8b465ee728b) (PreviewImporter) -> (artifact id: '00000000000000000000000000000000') in 0.0007565 seconds
Import Error Code:(4)
Message: Build asset version error: assets/scripts/ui/playerpanelui.cs in SourceAssetDB has modification time of '2026-09-16T09:00:09.2695907Z' while content on disk has modification time of '2026-09-16T09:00:15.7744939Z'
  ERROR: Build asset version error: assets/scripts/ui/playerpanelui.cs in SourceAssetDB has modification time of '2026-09-16T09:00:09.2695907Z' while content on disk has modification time of '2026-09-16T09:00:15.7744939Z'
Number of updated asset objects reloaded before import = 0Number of asset objects unloaded after import = 0

========================================================================
Received Import Request.
  Time since last request: 0.000028 seconds.
  path: Assets/Scripts/UI/PlayerPanelUI.cs
  artifactKey: Guid(afacdfdfe7572954f85b60af6e8dda54) Importer(815301076,1909f56bfc062723c751e8b465ee728b)
Start importing Assets/Scripts/UI/PlayerPanelUI.cs using Guid(afacdfdfe7572954f85b60af6e8dda54) Importer(815301076,1909f56bfc062723c751e8b465ee728b) (PreviewImporter) -> (artifact id: '00000000000000000000000000000000') in 0.0006261 seconds
Import Error Code:(4)
Message: Build asset version error: assets/scripts/ui/playerpanelui.cs in SourceAssetDB has modification time of '2026-09-16T09:00:09.2695907Z' while content on disk has modification time of '2026-09-16T09:00:15.7744939Z'
  ERROR: Build asset version error: assets/scripts/ui/playerpanelui.cs in SourceAssetDB has modification time of '2026-09-16T09:00:09.2695907Z' while content on disk has modification time of '2026-09-16T09:00:15.7744939Z'
Number of updated asset objects reloaded before import = 0Number of asset objects unloaded after import = 0

========================================================================
Received Import Request.
  Time since last request: 0.000039 seconds.
  path: Assets/Scripts/UI/PlayerPanelUI.cs
  artifactKey: Guid(afacdfdfe7572954f85b60af6e8dda54) Importer(815301076,1909f56bfc062723c751e8b465ee728b)
Start importing Assets/Scripts/UI/PlayerPanelUI.cs using Guid(afacdfdfe7572954f85b60af6e8dda54) Importer(815301076,1909f56bfc062723c751e8b465ee728b) (PreviewImporter) -> (artifact id: '00000000000000000000000000000000') in 0.0006462 seconds
Import Error Code:(4)
Message: Build asset version error: assets/scripts/ui/playerpanelui.cs in SourceAssetDB has modification time of '2026-09-16T09:00:09.2695907Z' while content on disk has modification time of '2026-09-16T09:00:15.7744939Z'
  ERROR: Build asset version error: assets/scripts/ui/playerpanelui.cs in SourceAssetDB has modification time of '2026-09-16T09:00:09.2695907Z' while content on disk has modification time of '2026-09-16T09:00:15.7744939Z'
Number of updated asset objects reloaded before import = 0Number of asset objects unloaded after import = 0

========================================================================
Received Import Request.
  Time since last request: 0.000019 seconds.
  path: Assets/Scripts/UI/PlayerPanelUI.cs
  artifactKey: Guid(afacdfdfe7572954f85b60af6e8dda54) Importer(815301076,1909f56bfc062723c751e8b465ee728b)
Start importing Assets/Scripts/UI/PlayerPanelUI.cs using Guid(afacdfdfe7572954f85b60af6e8dda54) Importer(815301076,1909f56bfc062723c751e8b465ee728b) (PreviewImporter) -> (artifact id: '00000000000000000000000000000000') in 0.0006981 seconds
Import Error Code:(4)
Message: Build asset version error: assets/scripts/ui/playerpanelui.cs in SourceAssetDB has modification time of '2026-09-16T09:00:09.2695907Z' while content on disk has modification time of '2026-09-16T09:00:15.7744939Z'
  ERROR: Build asset version error: assets/scripts/ui/playerpanelui.cs in SourceAssetDB has modification time of '2026-09-16T09:00:09.2695907Z' while content on disk has modification time of '2026-09-16T09:00:15.7744939Z'
Number of updated asset objects reloaded before import = 0Number of asset objects unloaded after import = 0

========================================================================
Received Import Request.
  Time since last request: 0.000017 seconds.
  path: Assets/Scripts/UI/PlayerPanelUI.cs
  artifactKey: Guid(afacdfdfe7572954f85b60af6e8dda54) Importer(815301076,1909f56bfc062723c751e8b465ee728b)
Start importing Assets/Scripts/UI/PlayerPanelUI.cs using Guid(afacdfdfe7572954f85b60af6e8dda54) Importer(815301076,1909f56bfc062723c751e8b465ee728b) (PreviewImporter) -> (artifact id: '00000000000000000000000000000000') in 0.0010104 seconds
Import Error Code:(4)
Message: Build asset version error: assets/scripts/ui/playerpanelui.cs in SourceAssetDB has modification time of '2026-09-16T09:00:09.2695907Z' while content on disk has modification time of '2026-09-16T09:00:15.7744939Z'
  ERROR: Build asset version error: assets/scripts/ui/playerpanelui.cs in SourceAssetDB has modification time of '2026-09-16T09:00:09.2695907Z' while content on disk has modification time of '2026-09-16T09:00:15.7744939Z'
Number of updated asset objects reloaded before import = 0Number of asset objects unloaded after import = 0

========================================================================
Received Import Request.
  Time since last request: 0.000017 seconds.
  path: Assets/Scripts/UI/PlayerPanelUI.cs
  artifactKey: Guid(afacdfdfe7572954f85b60af6e8dda54) Importer(815301076,1909f56bfc062723c751e8b465ee728b)
Start importing Assets/Scripts/UI/PlayerPanelUI.cs using Guid(afacdfdfe7572954f85b60af6e8dda54) Importer(815301076,1909f56bfc062723c751e8b465ee728b) (PreviewImporter) -> (artifact id: '00000000000000000000000000000000') in 0.0006529 seconds
Import Error Code:(4)
Message: Build asset version error: assets/scripts/ui/playerpanelui.cs in SourceAssetDB has modification time of '2026-09-16T09:00:09.2695907Z' while content on disk has modification time of '2026-09-16T09:00:15.7744939Z'
  ERROR: Build asset version error: assets/scripts/ui/playerpanelui.cs in SourceAssetDB has modification time of '2026-09-16T09:00:09.2695907Z' while content on disk has modification time of '2026-09-16T09:00:15.7744939Z'
Number of updated asset objects reloaded before import = 0Number of asset objects unloaded after import = 0

========================================================================
Received Import Request.
  Time since last request: 0.000027 seconds.
  path: Assets/Scripts/UI/PlayerPanelUI.cs
  artifactKey: Guid(afacdfdfe7572954f85b60af6e8dda54) Importer(815301076,1909f56bfc062723c751e8b465ee728b)
Start importing Assets/Scripts/UI/PlayerPanelUI.cs using Guid(afacdfdfe7572954f85b60af6e8dda54) Importer(815301076,1909f56bfc062723c751e8b465ee728b) (PreviewImporter) -> (artifact id: '00000000000000000000000000000000') in 0.0006913 seconds
Import Error Code:(4)
Message: Build asset version error: assets/scripts/ui/playerpanelui.cs in SourceAssetDB has modification time of '2026-09-16T09:00:09.2695907Z' while content on disk has modification time of '2026-09-16T09:00:15.7744939Z'
  ERROR: Build asset version error: assets/scripts/ui/playerpanelui.cs in SourceAssetDB has modification time of '2026-09-16T09:00:09.2695907Z' while content on disk has modification time of '2026-09-16T09:00:15.7744939Z'
Number of updated asset objects reloaded before import = 0Number of asset objects unloaded after import = 0

========================================================================
Received Import Request.
  Time since last request: 0.000022 seconds.
  path: Assets/Scripts/UI/PlayerPanelUI.cs
  artifactKey: Guid(afacdfdfe7572954f85b60af6e8dda54) Importer(815301076,1909f56bfc062723c751e8b465ee728b)
Start importing Assets/Scripts/UI/PlayerPanelUI.cs using Guid(afacdfdfe7572954f85b60af6e8dda54) Importer(815301076,1909f56bfc062723c751e8b465ee728b) (PreviewImporter) -> (artifact id: '00000000000000000000000000000000') in 0.0006011 seconds
Import Error Code:(4)
Message: Build asset version error: assets/scripts/ui/playerpanelui.cs in SourceAssetDB has modification time of '2026-09-16T09:00:09.2695907Z' while content on disk has modification time of '2026-09-16T09:00:15.7744939Z'
  ERROR: Build asset version error: assets/scripts/ui/playerpanelui.cs in SourceAssetDB has modification time of '2026-09-16T09:00:09.2695907Z' while content on disk has modification time of '2026-09-16T09:00:15.7744939Z'
Number of updated asset objects reloaded before import = 0Number of asset objects unloaded after import = 0

========================================================================
Received Import Request.
  Time since last request: 0.000037 seconds.
  path: Assets/Scripts/UI/PlayerPanelUI.cs
  artifactKey: Guid(afacdfdfe7572954f85b60af6e8dda54) Importer(815301076,1909f56bfc062723c751e8b465ee728b)
Start importing Assets/Scripts/UI/PlayerPanelUI.cs using Guid(afacdfdfe7572954f85b60af6e8dda54) Importer(815301076,1909f56bfc062723c751e8b465ee728b) (PreviewImporter) -> (artifact id: '00000000000000000000000000000000') in 0.0005781 seconds
Import Error Code:(4)
Message: Build asset version error: assets/scripts/ui/playerpanelui.cs in SourceAssetDB has modification time of '2026-09-16T09:00:09.2695907Z' while content on disk has modification time of '2026-09-16T09:00:15.7744939Z'
  ERROR: Build asset version error: assets/scripts/ui/playerpanelui.cs in SourceAssetDB has modification time of '2026-09-16T09:00:09.2695907Z' while content on disk has modification time of '2026-09-16T09:00:15.7744939Z'
Number of updated asset objects reloaded before import = 0Number of asset objects unloaded after import = 0

========================================================================
Received Import Request.
  Time since last request: 0.000018 seconds.
  path: Assets/Scripts/UI/PlayerPanelUI.cs
  artifactKey: Guid(afacdfdfe7572954f85b60af6e8dda54) Importer(815301076,1909f56bfc062723c751e8b465ee728b)
Start importing Assets/Scripts/UI/PlayerPanelUI.cs using Guid(afacdfdfe7572954f85b60af6e8dda54) Importer(815301076,1909f56bfc062723c751e8b465ee728b) (PreviewImporter) -> (artifact id: '00000000000000000000000000000000') in 0.000838 seconds
Import Error Code:(4)
Message: Build asset version error: assets/scripts/ui/playerpanelui.cs in SourceAssetDB has modification time of '2026-09-16T09:00:09.2695907Z' while content on disk has modification time of '2026-09-16T09:00:15.7744939Z'
  ERROR: Build asset version error: assets/scripts/ui/playerpanelui.cs in SourceAssetDB has modification time of '2026-09-16T09:00:09.2695907Z' while content on disk has modification time of '2026-09-16T09:00:15.7744939Z'
Number of updated asset objects reloaded before import = 0Number of asset objects unloaded after import = 0

========================================================================
Received Import Request.
  Time since last request: 0.000026 seconds.
  path: Assets/Scripts/UI/PlayerPanelUI.cs
  artifactKey: Guid(afacdfdfe7572954f85b60af6e8dda54) Importer(815301076,1909f56bfc062723c751e8b465ee728b)
Start importing Assets/Scripts/UI/PlayerPanelUI.cs using Guid(afacdfdfe7572954f85b60af6e8dda54) Importer(815301076,1909f56bfc062723c751e8b465ee728b) (PreviewImporter) -> (artifact id: '00000000000000000000000000000000') in 0.0007647 seconds
Import Error Code:(4)
Message: Build asset version error: assets/scripts/ui/playerpanelui.cs in SourceAssetDB has modification time of '2026-09-16T09:00:09.2695907Z' while content on disk has modification time of '2026-09-16T09:00:15.7744939Z'
  ERROR: Build asset version error: assets/scripts/ui/playerpanelui.cs in SourceAssetDB has modification time of '2026-09-16T09:00:09.2695907Z' while content on disk has modification time of '2026-09-16T09:00:15.7744939Z'
Number of updated asset objects reloaded before import = 0Number of asset objects unloaded after import = 0

========================================================================
Received Import Request.
  Time since last request: 0.000018 seconds.
  path: Assets/Scripts/UI/PlayerPanelUI.cs
  artifactKey: Guid(afacdfdfe7572954f85b60af6e8dda54) Importer(815301076,1909f56bfc062723c751e8b465ee728b)
Start importing Assets/Scripts/UI/PlayerPanelUI.cs using Guid(afacdfdfe7572954f85b60af6e8dda54) Importer(815301076,1909f56bfc062723c751e8b465ee728b) (PreviewImporter) -> (artifact id: '00000000000000000000000000000000') in 0.0006423 seconds
Import Error Code:(4)
Message: Build asset version error: assets/scripts/ui/playerpanelui.cs in SourceAssetDB has modification time of '2026-09-16T09:00:09.2695907Z' while content on disk has modification time of '2026-09-16T09:00:15.7744939Z'
  ERROR: Build asset version error: assets/scripts/ui/playerpanelui.cs in SourceAssetDB has modification time of '2026-09-16T09:00:09.2695907Z' while content on disk has modification time of '2026-09-16T09:00:15.7744939Z'
Number of updated asset objects reloaded before import = 0Number of asset objects unloaded after import = 0

========================================================================
Received Import Request.
  Time since last request: 0.000018 seconds.
  path: Assets/Scripts/UI/PlayerPanelUI.cs
  artifactKey: Guid(afacdfdfe7572954f85b60af6e8dda54) Importer(815301076,1909f56bfc062723c751e8b465ee728b)
Start importing Assets/Scripts/UI/PlayerPanelUI.cs using Guid(afacdfdfe7572954f85b60af6e8dda54) Importer(815301076,1909f56bfc062723c751e8b465ee728b) (PreviewImporter) -> (artifact id: '00000000000000000000000000000000') in 0.0006992 seconds
Import Error Code:(4)
Message: Build asset version error: assets/scripts/ui/playerpanelui.cs in SourceAssetDB has modification time of '2026-09-16T09:00:09.2695907Z' while content on disk has modification time of '2026-09-16T09:00:15.7744939Z'
  ERROR: Build asset version error: assets/scripts/ui/playerpanelui.cs in SourceAssetDB has modification time of '2026-09-16T09:00:09.2695907Z' while content on disk has modification time of '2026-09-16T09:00:15.7744939Z'
Number of updated asset objects reloaded before import = 0Number of asset objects unloaded after import = 0

========================================================================
Received Import Request.
  Time since last request: 0.000022 seconds.
  path: Assets/Scripts/UI/PlayerPanelUI.cs
  artifactKey: Guid(afacdfdfe7572954f85b60af6e8dda54) Importer(815301076,1909f56bfc062723c751e8b465ee728b)
Start importing Assets/Scripts/UI/PlayerPanelUI.cs using Guid(afacdfdfe7572954f85b60af6e8dda54) Importer(815301076,1909f56bfc062723c751e8b465ee728b) (PreviewImporter) -> (artifact id: '00000000000000000000000000000000') in 0.0006259 seconds
Import Error Code:(4)
Message: Build asset version error: assets/scripts/ui/playerpanelui.cs in SourceAssetDB has modification time of '2026-09-16T09:00:09.2695907Z' while content on disk has modification time of '2026-09-16T09:00:15.7744939Z'
  ERROR: Build asset version error: assets/scripts/ui/playerpanelui.cs in SourceAssetDB has modification time of '2026-09-16T09:00:09.2695907Z' while content on disk has modification time of '2026-09-16T09:00:15.7744939Z'
Number of updated asset objects reloaded before import = 0Number of asset objects unloaded after import = 0

========================================================================
Received Import Request.
  Time since last request: 0.000034 seconds.
  path: Assets/Scripts/UI/PlayerPanelUI.cs
  artifactKey: Guid(afacdfdfe7572954f85b60af6e8dda54) Importer(815301076,1909f56bfc062723c751e8b465ee728b)
Start importing Assets/Scripts/UI/PlayerPanelUI.cs using Guid(afacdfdfe7572954f85b60af6e8dda54) Importer(815301076,1909f56bfc062723c751e8b465ee728b) (PreviewImporter) -> (artifact id: '00000000000000000000000000000000') in 0.0006042 seconds
Import Error Code:(4)
Message: Build asset version error: assets/scripts/ui/playerpanelui.cs in SourceAssetDB has modification time of '2026-09-16T09:00:09.2695907Z' while content on disk has modification time of '2026-09-16T09:00:15.7744939Z'
  ERROR: Build asset version error: assets/scripts/ui/playerpanelui.cs in SourceAssetDB has modification time of '2026-09-16T09:00:09.2695907Z' while content on disk has modification time of '2026-09-16T09:00:15.7744939Z'
Number of updated asset objects reloaded before import = 0Number of asset objects unloaded after import = 0

========================================================================
Received Import Request.
  Time since last request: 0.000018 seconds.
  path: Assets/Scripts/UI/PlayerPanelUI.cs
  artifactKey: Guid(afacdfdfe7572954f85b60af6e8dda54) Importer(815301076,1909f56bfc062723c751e8b465ee728b)
Start importing Assets/Scripts/UI/PlayerPanelUI.cs using Guid(afacdfdfe7572954f85b60af6e8dda54) Importer(815301076,1909f56bfc062723c751e8b465ee728b) (PreviewImporter) -> (artifact id: '00000000000000000000000000000000') in 0.0007096 seconds
Import Error Code:(4)
Message: Build asset version error: assets/scripts/ui/playerpanelui.cs in SourceAssetDB has modification time of '2026-09-16T09:00:09.2695907Z' while content on disk has modification time of '2026-09-16T09:00:15.7744939Z'
  ERROR: Build asset version error: assets/scripts/ui/playerpanelui.cs in SourceAssetDB has modification time of '2026-09-16T09:00:09.2695907Z' while content on disk has modification time of '2026-09-16T09:00:15.7744939Z'
Number of updated asset objects reloaded before import = 0Number of asset objects unloaded after import = 0

========================================================================
Received Import Request.
  Time since last request: 0.000018 seconds.
  path: Assets/Scripts/UI/PlayerPanelUI.cs
  artifactKey: Guid(afacdfdfe7572954f85b60af6e8dda54) Importer(815301076,1909f56bfc062723c751e8b465ee728b)
Start importing Assets/Scripts/UI/PlayerPanelUI.cs using Guid(afacdfdfe7572954f85b60af6e8dda54) Importer(815301076,1909f56bfc062723c751e8b465ee728b) (PreviewImporter) -> (artifact id: '00000000000000000000000000000000') in 0.000538 seconds
Import Error Code:(4)
Message: Build asset version error: assets/scripts/ui/playerpanelui.cs in SourceAssetDB has modification time of '2026-09-16T09:00:09.2695907Z' while content on disk has modification time of '2026-09-16T09:00:15.7744939Z'
  ERROR: Build asset version error: assets/scripts/ui/playerpanelui.cs in SourceAssetDB has modification time of '2026-09-16T09:00:09.2695907Z' while content on disk has modification time of '2026-09-16T09:00:15.7744939Z'
Number of updated asset objects reloaded before import = 0Number of asset objects unloaded after import = 0

========================================================================
Received Import Request.
  Time since last request: 0.000017 seconds.
  path: Assets/Scripts/UI/PlayerPanelUI.cs
  artifactKey: Guid(afacdfdfe7572954f85b60af6e8dda54) Importer(815301076,1909f56bfc062723c751e8b465ee728b)
Start importing Assets/Scripts/UI/PlayerPanelUI.cs using Guid(afacdfdfe7572954f85b60af6e8dda54) Importer(815301076,1909f56bfc062723c751e8b465ee728b) (PreviewImporter) -> (artifact id: '00000000000000000000000000000000') in 0.000583 seconds
Import Error Code:(4)
Message: Build asset version error: assets/scripts/ui/playerpanelui.cs in SourceAssetDB has modification time of '2026-09-16T09:00:09.2695907Z' while content on disk has modification time of '2026-09-16T09:00:15.7744939Z'
  ERROR: Build asset version error: assets/scripts/ui/playerpanelui.cs in SourceAssetDB has modification time of '2026-09-16T09:00:09.2695907Z' while content on disk has modification time of '2026-09-16T09:00:15.7744939Z'
Number of updated asset objects reloaded before import = 0Number of asset objects unloaded after import = 0

========================================================================
Received Import Request.
  Time since last request: 0.000022 seconds.
  path: Assets/Scripts/UI/PlayerPanelUI.cs
  artifactKey: Guid(afacdfdfe7572954f85b60af6e8dda54) Importer(815301076,1909f56bfc062723c751e8b465ee728b)
Start importing Assets/Scripts/UI/PlayerPanelUI.cs using Guid(afacdfdfe7572954f85b60af6e8dda54) Importer(815301076,1909f56bfc062723c751e8b465ee728b) (PreviewImporter) -> (artifact id: '00000000000000000000000000000000') in 0.0005562 seconds
Import Error Code:(4)
Message: Build asset version error: assets/scripts/ui/playerpanelui.cs in SourceAssetDB has modification time of '2026-09-16T09:00:09.2695907Z' while content on disk has modification time of '2026-09-16T09:00:15.7744939Z'
  ERROR: Build asset version error: assets/scripts/ui/playerpanelui.cs in SourceAssetDB has modification time of '2026-09-16T09:00:09.2695907Z' while content on disk has modification time of '2026-09-16T09:00:15.7744939Z'
Number of updated asset objects reloaded before import = 0Number of asset objects unloaded after import = 0

========================================================================
Received Import Request.
  Time since last request: 0.000024 seconds.
  path: Assets/Scripts/UI/PlayerPanelUI.cs
  artifactKey: Guid(afacdfdfe7572954f85b60af6e8dda54) Importer(815301076,1909f56bfc062723c751e8b465ee728b)
Start importing Assets/Scripts/UI/PlayerPanelUI.cs using Guid(afacdfdfe7572954f85b60af6e8dda54) Importer(815301076,1909f56bfc062723c751e8b465ee728b) (PreviewImporter) -> (artifact id: '00000000000000000000000000000000') in 0.0007043 seconds
Import Error Code:(4)
Message: Build asset version error: assets/scripts/ui/playerpanelui.cs in SourceAssetDB has modification time of '2026-09-16T09:00:09.2695907Z' while content on disk has modification time of '2026-09-16T09:00:15.7744939Z'
  ERROR: Build asset version error: assets/scripts/ui/playerpanelui.cs in SourceAssetDB has modification time of '2026-09-16T09:00:09.2695907Z' while content on disk has modification time of '2026-09-16T09:00:15.7744939Z'
Number of updated asset objects reloaded before import = 0Number of asset objects unloaded after import = 0

========================================================================
Received Import Request.
  Time since last request: 0.000029 seconds.
  path: Assets/Scripts/UI/PlayerPanelUI.cs
  artifactKey: Guid(afacdfdfe7572954f85b60af6e8dda54) Importer(815301076,1909f56bfc062723c751e8b465ee728b)
Start importing Assets/Scripts/UI/PlayerPanelUI.cs using Guid(afacdfdfe7572954f85b60af6e8dda54) Importer(815301076,1909f56bfc062723c751e8b465ee728b) (PreviewImporter) -> (artifact id: '00000000000000000000000000000000') in 0.0006302 seconds
Import Error Code:(4)
Message: Build asset version error: assets/scripts/ui/playerpanelui.cs in SourceAssetDB has modification time of '2026-09-16T09:00:09.2695907Z' while content on disk has modification time of '2026-09-16T09:00:15.7744939Z'
  ERROR: Build asset version error: assets/scripts/ui/playerpanelui.cs in SourceAssetDB has modification time of '2026-09-16T09:00:09.2695907Z' while content on disk has modification time of '2026-09-16T09:00:15.7744939Z'
Number of updated asset objects reloaded before import = 0Number of asset objects unloaded after import = 0

========================================================================
Received Import Request.
  Time since last request: 0.000021 seconds.
  path: Assets/Scripts/UI/PlayerPanelUI.cs
  artifactKey: Guid(afacdfdfe7572954f85b60af6e8dda54) Importer(815301076,1909f56bfc062723c751e8b465ee728b)
Start importing Assets/Scripts/UI/PlayerPanelUI.cs using Guid(afacdfdfe7572954f85b60af6e8dda54) Importer(815301076,1909f56bfc062723c751e8b465ee728b) (PreviewImporter) -> (artifact id: '00000000000000000000000000000000') in 0.0006445 seconds
Import Error Code:(4)
Message: Build asset version error: assets/scripts/ui/playerpanelui.cs in SourceAssetDB has modification time of '2026-09-16T09:00:09.2695907Z' while content on disk has modification time of '2026-09-16T09:00:15.7744939Z'
  ERROR: Build asset version error: assets/scripts/ui/playerpanelui.cs in SourceAssetDB has modification time of '2026-09-16T09:00:09.2695907Z' while content on disk has modification time of '2026-09-16T09:00:15.7744939Z'
Number of updated asset objects reloaded before import = 0Number of asset objects unloaded after import = 0

========================================================================
Received Import Request.
  Time since last request: 0.000020 seconds.
  path: Assets/Scripts/UI/PlayerPanelUI.cs
  artifactKey: Guid(afacdfdfe7572954f85b60af6e8dda54) Importer(815301076,1909f56bfc062723c751e8b465ee728b)
Start importing Assets/Scripts/UI/PlayerPanelUI.cs using Guid(afacdfdfe7572954f85b60af6e8dda54) Importer(815301076,1909f56bfc062723c751e8b465ee728b) (PreviewImporter) -> (artifact id: '00000000000000000000000000000000') in 0.0006508 seconds
Import Error Code:(4)
Message: Build asset version error: assets/scripts/ui/playerpanelui.cs in SourceAssetDB has modification time of '2026-09-16T09:00:09.2695907Z' while content on disk has modification time of '2026-09-16T09:00:15.7744939Z'
  ERROR: Build asset version error: assets/scripts/ui/playerpanelui.cs in SourceAssetDB has modification time of '2026-09-16T09:00:09.2695907Z' while content on disk has modification time of '2026-09-16T09:00:15.7744939Z'
Number of updated asset objects reloaded before import = 0Number of asset objects unloaded after import = 0

========================================================================
Received Import Request.
  Time since last request: 0.000016 seconds.
  path: Assets/Scripts/UI/PlayerPanelUI.cs
  artifactKey: Guid(afacdfdfe7572954f85b60af6e8dda54) Importer(815301076,1909f56bfc062723c751e8b465ee728b)
Start importing Assets/Scripts/UI/PlayerPanelUI.cs using Guid(afacdfdfe7572954f85b60af6e8dda54) Importer(815301076,1909f56bfc062723c751e8b465ee728b) (PreviewImporter) -> (artifact id: '00000000000000000000000000000000') in 0.0006237 seconds
Import Error Code:(4)
Message: Build asset version error: assets/scripts/ui/playerpanelui.cs in SourceAssetDB has modification time of '2026-09-16T09:00:09.2695907Z' while content on disk has modification time of '2026-09-16T09:00:15.7744939Z'
  ERROR: Build asset version error: assets/scripts/ui/playerpanelui.cs in SourceAssetDB has modification time of '2026-09-16T09:00:09.2695907Z' while content on disk has modification time of '2026-09-16T09:00:15.7744939Z'
Number of updated asset objects reloaded before import = 0Number of asset objects unloaded after import = 0

========================================================================
Received Import Request.
  Time since last request: 0.000022 seconds.
  path: Assets/Scripts/UI/PlayerPanelUI.cs
  artifactKey: Guid(afacdfdfe7572954f85b60af6e8dda54) Importer(815301076,1909f56bfc062723c751e8b465ee728b)
Start importing Assets/Scripts/UI/PlayerPanelUI.cs using Guid(afacdfdfe7572954f85b60af6e8dda54) Importer(815301076,1909f56bfc062723c751e8b465ee728b) (PreviewImporter) -> (artifact id: '00000000000000000000000000000000') in 0.0005857 seconds
Import Error Code:(4)
Message: Build asset version error: assets/scripts/ui/playerpanelui.cs in SourceAssetDB has modification time of '2026-09-16T09:00:09.2695907Z' while content on disk has modification time of '2026-09-16T09:00:15.7744939Z'
  ERROR: Build asset version error: assets/scripts/ui/playerpanelui.cs in SourceAssetDB has modification time of '2026-09-16T09:00:09.2695907Z' while content on disk has modification time of '2026-09-16T09:00:15.7744939Z'
Number of updated asset objects reloaded before import = 0Number of asset objects unloaded after import = 0

========================================================================
Received Import Request.
  Time since last request: 0.000044 seconds.
  path: Assets/Scripts/UI/PlayerPanelUI.cs
  artifactKey: Guid(afacdfdfe7572954f85b60af6e8dda54) Importer(815301076,1909f56bfc062723c751e8b465ee728b)
Start importing Assets/Scripts/UI/PlayerPanelUI.cs using Guid(afacdfdfe7572954f85b60af6e8dda54) Importer(815301076,1909f56bfc062723c751e8b465ee728b) (PreviewImporter) -> (artifact id: '00000000000000000000000000000000') in 0.0006612 seconds
Import Error Code:(4)
Message: Build asset version error: assets/scripts/ui/playerpanelui.cs in SourceAssetDB has modification time of '2026-09-16T09:00:09.2695907Z' while content on disk has modification time of '2026-09-16T09:00:15.7744939Z'
  ERROR: Build asset version error: assets/scripts/ui/playerpanelui.cs in SourceAssetDB has modification time of '2026-09-16T09:00:09.2695907Z' while content on disk has modification time of '2026-09-16T09:00:15.7744939Z'
Number of updated asset objects reloaded before import = 0Number of asset objects unloaded after import = 0

========================================================================
Received Import Request.
  Time since last request: 0.000022 seconds.
  path: Assets/Scripts/UI/PlayerPanelUI.cs
  artifactKey: Guid(afacdfdfe7572954f85b60af6e8dda54) Importer(815301076,1909f56bfc062723c751e8b465ee728b)
Start importing Assets/Scripts/UI/PlayerPanelUI.cs using Guid(afacdfdfe7572954f85b60af6e8dda54) Importer(815301076,1909f56bfc062723c751e8b465ee728b) (PreviewImporter) -> (artifact id: '00000000000000000000000000000000') in 0.0006987 seconds
Import Error Code:(4)
Message: Build asset version error: assets/scripts/ui/playerpanelui.cs in SourceAssetDB has modification time of '2026-09-16T09:00:09.2695907Z' while content on disk has modification time of '2026-09-16T09:00:15.7744939Z'
  ERROR: Build asset version error: assets/scripts/ui/playerpanelui.cs in SourceAssetDB has modification time of '2026-09-16T09:00:09.2695907Z' while content on disk has modification time of '2026-09-16T09:00:15.7744939Z'
Number of updated asset objects reloaded before import = 0Number of asset objects unloaded after import = 0

========================================================================
Received Import Request.
  Time since last request: 0.000019 seconds.
  path: Assets/Scripts/UI/PlayerPanelUI.cs
  artifactKey: Guid(afacdfdfe7572954f85b60af6e8dda54) Importer(815301076,1909f56bfc062723c751e8b465ee728b)
Start importing Assets/Scripts/UI/PlayerPanelUI.cs using Guid(afacdfdfe7572954f85b60af6e8dda54) Importer(815301076,1909f56bfc062723c751e8b465ee728b) (PreviewImporter) -> (artifact id: '00000000000000000000000000000000') in 0.0006676 seconds
Import Error Code:(4)
Message: Build asset version error: assets/scripts/ui/playerpanelui.cs in SourceAssetDB has modification time of '2026-09-16T09:00:09.2695907Z' while content on disk has modification time of '2026-09-16T09:00:15.7744939Z'
  ERROR: Build asset version error: assets/scripts/ui/playerpanelui.cs in SourceAssetDB has modification time of '2026-09-16T09:00:09.2695907Z' while content on disk has modification time of '2026-09-16T09:00:15.7744939Z'
Number of updated asset objects reloaded before import = 0Number of asset objects unloaded after import = 0

========================================================================
Received Import Request.
  Time since last request: 0.000024 seconds.
  path: Assets/Scripts/UI/PlayerPanelUI.cs
  artifactKey: Guid(afacdfdfe7572954f85b60af6e8dda54) Importer(815301076,1909f56bfc062723c751e8b465ee728b)
Start importing Assets/Scripts/UI/PlayerPanelUI.cs using Guid(afacdfdfe7572954f85b60af6e8dda54) Importer(815301076,1909f56bfc062723c751e8b465ee728b) (PreviewImporter) -> (artifact id: '00000000000000000000000000000000') in 0.0006997 seconds
Import Error Code:(4)
Message: Build asset version error: assets/scripts/ui/playerpanelui.cs in SourceAssetDB has modification time of '2026-09-16T09:00:09.2695907Z' while content on disk has modification time of '2026-09-16T09:00:15.7744939Z'
  ERROR: Build asset version error: assets/scripts/ui/playerpanelui.cs in SourceAssetDB has modification time of '2026-09-16T09:00:09.2695907Z' while content on disk has modification time of '2026-09-16T09:00:15.7744939Z'
Number of updated asset objects reloaded before import = 0Number of asset objects unloaded after import = 0

========================================================================
Received Import Request.
  Time since last request: 0.000021 seconds.
  path: Assets/Scripts/UI/PlayerPanelUI.cs
  artifactKey: Guid(afacdfdfe7572954f85b60af6e8dda54) Importer(815301076,1909f56bfc062723c751e8b465ee728b)
Start importing Assets/Scripts/UI/PlayerPanelUI.cs using Guid(afacdfdfe7572954f85b60af6e8dda54) Importer(815301076,1909f56bfc062723c751e8b465ee728b) (PreviewImporter) -> (artifact id: '00000000000000000000000000000000') in 0.00059 seconds
Import Error Code:(4)
Message: Build asset version error: assets/scripts/ui/playerpanelui.cs in SourceAssetDB has modification time of '2026-09-16T09:00:09.2695907Z' while content on disk has modification time of '2026-09-16T09:00:15.7744939Z'
  ERROR: Build asset version error: assets/scripts/ui/playerpanelui.cs in SourceAssetDB has modification time of '2026-09-16T09:00:09.2695907Z' while content on disk has modification time of '2026-09-16T09:00:15.7744939Z'
Number of updated asset objects reloaded before import = 0Number of asset objects unloaded after import = 0

========================================================================
Received Import Request.
  Time since last request: 0.000025 seconds.
  path: Assets/Scripts/UI/PlayerPanelUI.cs
  artifactKey: Guid(afacdfdfe7572954f85b60af6e8dda54) Importer(815301076,1909f56bfc062723c751e8b465ee728b)
Start importing Assets/Scripts/UI/PlayerPanelUI.cs using Guid(afacdfdfe7572954f85b60af6e8dda54) Importer(815301076,1909f56bfc062723c751e8b465ee728b) (PreviewImporter) -> (artifact id: '00000000000000000000000000000000') in 0.0007663 seconds
Import Error Code:(4)
Message: Build asset version error: assets/scripts/ui/playerpanelui.cs in SourceAssetDB has modification time of '2026-09-16T09:00:09.2695907Z' while content on disk has modification time of '2026-09-16T09:00:15.7744939Z'
  ERROR: Build asset version error: assets/scripts/ui/playerpanelui.cs in SourceAssetDB has modification time of '2026-09-16T09:00:09.2695907Z' while content on disk has modification time of '2026-09-16T09:00:15.7744939Z'
Number of updated asset objects reloaded before import = 0Number of asset objects unloaded after import = 0

========================================================================
Received Import Request.
  Time since last request: 0.000029 seconds.
  path: Assets/Scripts/UI/PlayerPanelUI.cs
  artifactKey: Guid(afacdfdfe7572954f85b60af6e8dda54) Importer(815301076,1909f56bfc062723c751e8b465ee728b)
Start importing Assets/Scripts/UI/PlayerPanelUI.cs using Guid(afacdfdfe7572954f85b60af6e8dda54) Importer(815301076,1909f56bfc062723c751e8b465ee728b) (PreviewImporter) -> (artifact id: '00000000000000000000000000000000') in 0.0005816 seconds
Import Error Code:(4)
Message: Build asset version error: assets/scripts/ui/playerpanelui.cs in SourceAssetDB has modification time of '2026-09-16T09:00:09.2695907Z' while content on disk has modification time of '2026-09-16T09:00:15.7744939Z'
  ERROR: Build asset version error: assets/scripts/ui/playerpanelui.cs in SourceAssetDB has modification time of '2026-09-16T09:00:09.2695907Z' while content on disk has modification time of '2026-09-16T09:00:15.7744939Z'
Number of updated asset objects reloaded before import = 0Number of asset objects unloaded after import = 0

========================================================================
Received Import Request.
  Time since last request: 0.000022 seconds.
  path: Assets/Scripts/UI/PlayerPanelUI.cs
  artifactKey: Guid(afacdfdfe7572954f85b60af6e8dda54) Importer(815301076,1909f56bfc062723c751e8b465ee728b)
Start importing Assets/Scripts/UI/PlayerPanelUI.cs using Guid(afacdfdfe7572954f85b60af6e8dda54) Importer(815301076,1909f56bfc062723c751e8b465ee728b) (PreviewImporter) -> (artifact id: '00000000000000000000000000000000') in 0.0007408 seconds
Import Error Code:(4)
Message: Build asset version error: assets/scripts/ui/playerpanelui.cs in SourceAssetDB has modification time of '2026-09-16T09:00:09.2695907Z' while content on disk has modification time of '2026-09-16T09:00:15.7744939Z'
  ERROR: Build asset version error: assets/scripts/ui/playerpanelui.cs in SourceAssetDB has modification time of '2026-09-16T09:00:09.2695907Z' while content on disk has modification time of '2026-09-16T09:00:15.7744939Z'
Number of updated asset objects reloaded before import = 0Number of asset objects unloaded after import = 0

========================================================================
Received Import Request.
  Time since last request: 0.000016 seconds.
  path: Assets/Scripts/UI/PlayerPanelUI.cs
  artifactKey: Guid(afacdfdfe7572954f85b60af6e8dda54) Importer(815301076,1909f56bfc062723c751e8b465ee728b)
Start importing Assets/Scripts/UI/PlayerPanelUI.cs using Guid(afacdfdfe7572954f85b60af6e8dda54) Importer(815301076,1909f56bfc062723c751e8b465ee728b) (PreviewImporter) -> (artifact id: '00000000000000000000000000000000') in 0.0005673 seconds
Import Error Code:(4)
Message: Build asset version error: assets/scripts/ui/playerpanelui.cs in SourceAssetDB has modification time of '2026-09-16T09:00:09.2695907Z' while content on disk has modification time of '2026-09-16T09:00:15.7744939Z'
  ERROR: Build asset version error: assets/scripts/ui/playerpanelui.cs in SourceAssetDB has modification time of '2026-09-16T09:00:09.2695907Z' while content on disk has modification time of '2026-09-16T09:00:15.7744939Z'
Number of updated asset objects reloaded before import = 0Number of asset objects unloaded after import = 0

========================================================================
Received Import Request.
  Time since last request: 0.000017 seconds.
  path: Assets/Scripts/UI/PlayerPanelUI.cs
  artifactKey: Guid(afacdfdfe7572954f85b60af6e8dda54) Importer(815301076,1909f56bfc062723c751e8b465ee728b)
Start importing Assets/Scripts/UI/PlayerPanelUI.cs using Guid(afacdfdfe7572954f85b60af6e8dda54) Importer(815301076,1909f56bfc062723c751e8b465ee728b) (PreviewImporter) -> (artifact id: '00000000000000000000000000000000') in 0.0006091 seconds
Import Error Code:(4)
Message: Build asset version error: assets/scripts/ui/playerpanelui.cs in SourceAssetDB has modification time of '2026-09-16T09:00:09.2695907Z' while content on disk has modification time of '2026-09-16T09:00:15.7744939Z'
  ERROR: Build asset version error: assets/scripts/ui/playerpanelui.cs in SourceAssetDB has modification time of '2026-09-16T09:00:09.2695907Z' while content on disk has modification time of '2026-09-16T09:00:15.7744939Z'
Number of updated asset objects reloaded before import = 0Number of asset objects unloaded after import = 0

========================================================================
Received Import Request.
  Time since last request: 0.000022 seconds.
  path: Assets/Scripts/UI/PlayerPanelUI.cs
  artifactKey: Guid(afacdfdfe7572954f85b60af6e8dda54) Importer(815301076,1909f56bfc062723c751e8b465ee728b)
Start importing Assets/Scripts/UI/PlayerPanelUI.cs using Guid(afacdfdfe7572954f85b60af6e8dda54) Importer(815301076,1909f56bfc062723c751e8b465ee728b) (PreviewImporter) -> (artifact id: '00000000000000000000000000000000') in 0.0007602 seconds
Import Error Code:(4)
Message: Build asset version error: assets/scripts/ui/playerpanelui.cs in SourceAssetDB has modification time of '2026-09-16T09:00:09.2695907Z' while content on disk has modification time of '2026-09-16T09:00:15.7744939Z'
  ERROR: Build asset version error: assets/scripts/ui/playerpanelui.cs in SourceAssetDB has modification time of '2026-09-16T09:00:09.2695907Z' while content on disk has modification time of '2026-09-16T09:00:15.7744939Z'
Number of updated asset objects reloaded before import = 0Number of asset objects unloaded after import = 0

========================================================================
Received Import Request.
  Time since last request: 0.000020 seconds.
  path: Assets/Scripts/UI/PlayerPanelUI.cs
  artifactKey: Guid(afacdfdfe7572954f85b60af6e8dda54) Importer(815301076,1909f56bfc062723c751e8b465ee728b)
Start importing Assets/Scripts/UI/PlayerPanelUI.cs using Guid(afacdfdfe7572954f85b60af6e8dda54) Importer(815301076,1909f56bfc062723c751e8b465ee728b) (PreviewImporter) -> (artifact id: '00000000000000000000000000000000') in 0.000601 seconds
Import Error Code:(4)
Message: Build asset version error: assets/scripts/ui/playerpanelui.cs in SourceAssetDB has modification time of '2026-09-16T09:00:09.2695907Z' while content on disk has modification time of '2026-09-16T09:00:15.7744939Z'
  ERROR: Build asset version error: assets/scripts/ui/playerpanelui.cs in SourceAssetDB has modification time of '2026-09-16T09:00:09.2695907Z' while content on disk has modification time of '2026-09-16T09:00:15.7744939Z'
Number of updated asset objects reloaded before import = 0Number of asset objects unloaded after import = 0

========================================================================
Received Import Request.
  Time since last request: 0.000033 seconds.
  path: Assets/Scripts/UI/PlayerPanelUI.cs
  artifactKey: Guid(afacdfdfe7572954f85b60af6e8dda54) Importer(815301076,1909f56bfc062723c751e8b465ee728b)
Start importing Assets/Scripts/UI/PlayerPanelUI.cs using Guid(afacdfdfe7572954f85b60af6e8dda54) Importer(815301076,1909f56bfc062723c751e8b465ee728b) (PreviewImporter) -> (artifact id: '00000000000000000000000000000000') in 0.0006676 seconds
Import Error Code:(4)
Message: Build asset version error: assets/scripts/ui/playerpanelui.cs in SourceAssetDB has modification time of '2026-09-16T09:00:09.2695907Z' while content on disk has modification time of '2026-09-16T09:00:15.7744939Z'
  ERROR: Build asset version error: assets/scripts/ui/playerpanelui.cs in SourceAssetDB has modification time of '2026-09-16T09:00:09.2695907Z' while content on disk has modification time of '2026-09-16T09:00:15.7744939Z'
Number of updated asset objects reloaded before import = 0Number of asset objects unloaded after import = 0

========================================================================
Received Import Request.
  Time since last request: 0.000021 seconds.
  path: Assets/Scripts/UI/PlayerPanelUI.cs
  artifactKey: Guid(afacdfdfe7572954f85b60af6e8dda54) Importer(815301076,1909f56bfc062723c751e8b465ee728b)
Start importing Assets/Scripts/UI/PlayerPanelUI.cs using Guid(afacdfdfe7572954f85b60af6e8dda54) Importer(815301076,1909f56bfc062723c751e8b465ee728b) (PreviewImporter) -> (artifact id: '00000000000000000000000000000000') in 0.0005634 seconds
Import Error Code:(4)
Message: Build asset version error: assets/scripts/ui/playerpanelui.cs in SourceAssetDB has modification time of '2026-09-16T09:00:09.2695907Z' while content on disk has modification time of '2026-09-16T09:00:15.7744939Z'
  ERROR: Build asset version error: assets/scripts/ui/playerpanelui.cs in SourceAssetDB has modification time of '2026-09-16T09:00:09.2695907Z' while content on disk has modification time of '2026-09-16T09:00:15.7744939Z'
Number of updated asset objects reloaded before import = 0Number of asset objects unloaded after import = 0

========================================================================
Received Import Request.
  Time since last request: 0.000019 seconds.
  path: Assets/Scripts/UI/PlayerPanelUI.cs
  artifactKey: Guid(afacdfdfe7572954f85b60af6e8dda54) Importer(815301076,1909f56bfc062723c751e8b465ee728b)
Start importing Assets/Scripts/UI/PlayerPanelUI.cs using Guid(afacdfdfe7572954f85b60af6e8dda54) Importer(815301076,1909f56bfc062723c751e8b465ee728b) (PreviewImporter) -> (artifact id: '00000000000000000000000000000000') in 0.0008073 seconds
Import Error Code:(4)
Message: Build asset version error: assets/scripts/ui/playerpanelui.cs in SourceAssetDB has modification time of '2026-09-16T09:00:09.2695907Z' while content on disk has modification time of '2026-09-16T09:00:15.7744939Z'
  ERROR: Build asset version error: assets/scripts/ui/playerpanelui.cs in SourceAssetDB has modification time of '2026-09-16T09:00:09.2695907Z' while content on disk has modification time of '2026-09-16T09:00:15.7744939Z'
Number of updated asset objects reloaded before import = 0Number of asset objects unloaded after import = 0

========================================================================
Received Import Request.
  Time since last request: 0.000018 seconds.
  path: Assets/Scripts/UI/PlayerPanelUI.cs
  artifactKey: Guid(afacdfdfe7572954f85b60af6e8dda54) Importer(815301076,1909f56bfc062723c751e8b465ee728b)
Start importing Assets/Scripts/UI/PlayerPanelUI.cs using Guid(afacdfdfe7572954f85b60af6e8dda54) Importer(815301076,1909f56bfc062723c751e8b465ee728b) (PreviewImporter) -> (artifact id: '00000000000000000000000000000000') in 0.0005767 seconds
Import Error Code:(4)
Message: Build asset version error: assets/scripts/ui/playerpanelui.cs in SourceAssetDB has modification time of '2026-09-16T09:00:09.2695907Z' while content on disk has modification time of '2026-09-16T09:00:15.7744939Z'
  ERROR: Build asset version error: assets/scripts/ui/playerpanelui.cs in SourceAssetDB has modification time of '2026-09-16T09:00:09.2695907Z' while content on disk has modification time of '2026-09-16T09:00:15.7744939Z'
Number of updated asset objects reloaded before import = 0Number of asset objects unloaded after import = 0

========================================================================
Received Import Request.
  Time since last request: 0.000018 seconds.
  path: Assets/Scripts/UI/PlayerPanelUI.cs
  artifactKey: Guid(afacdfdfe7572954f85b60af6e8dda54) Importer(815301076,1909f56bfc062723c751e8b465ee728b)
Start importing Assets/Scripts/UI/PlayerPanelUI.cs using Guid(afacdfdfe7572954f85b60af6e8dda54) Importer(815301076,1909f56bfc062723c751e8b465ee728b) (PreviewImporter) -> (artifact id: '00000000000000000000000000000000') in 0.0006168 seconds
Import Error Code:(4)
Message: Build asset version error: assets/scripts/ui/playerpanelui.cs in SourceAssetDB has modification time of '2026-09-16T09:00:09.2695907Z' while content on disk has modification time of '2026-09-16T09:00:15.7744939Z'
  ERROR: Build asset version error: assets/scripts/ui/playerpanelui.cs in SourceAssetDB has modification time of '2026-09-16T09:00:09.2695907Z' while content on disk has modification time of '2026-09-16T09:00:15.7744939Z'
Number of updated asset objects reloaded before import = 0Number of asset objects unloaded after import = 0

========================================================================
Received Import Request.
  Time since last request: 0.000035 seconds.
  path: Assets/Scripts/UI/PlayerPanelUI.cs
  artifactKey: Guid(afacdfdfe7572954f85b60af6e8dda54) Importer(815301076,1909f56bfc062723c751e8b465ee728b)
Start importing Assets/Scripts/UI/PlayerPanelUI.cs using Guid(afacdfdfe7572954f85b60af6e8dda54) Importer(815301076,1909f56bfc062723c751e8b465ee728b) (PreviewImporter) -> (artifact id: '00000000000000000000000000000000') in 0.0007163 seconds
Import Error Code:(4)
Message: Build asset version error: assets/scripts/ui/playerpanelui.cs in SourceAssetDB has modification time of '2026-09-16T09:00:09.2695907Z' while content on disk has modification time of '2026-09-16T09:00:15.7744939Z'
  ERROR: Build asset version error: assets/scripts/ui/playerpanelui.cs in SourceAssetDB has modification time of '2026-09-16T09:00:09.2695907Z' while content on disk has modification time of '2026-09-16T09:00:15.7744939Z'
Number of updated asset objects reloaded before import = 0Number of asset objects unloaded after import = 0

========================================================================
Received Import Request.
  Time since last request: 0.000016 seconds.
  path: Assets/Scripts/UI/PlayerPanelUI.cs
  artifactKey: Guid(afacdfdfe7572954f85b60af6e8dda54) Importer(815301076,1909f56bfc062723c751e8b465ee728b)
Start importing Assets/Scripts/UI/PlayerPanelUI.cs using Guid(afacdfdfe7572954f85b60af6e8dda54) Importer(815301076,1909f56bfc062723c751e8b465ee728b) (PreviewImporter) -> (artifact id: '00000000000000000000000000000000') in 0.0006415 seconds
Import Error Code:(4)
Message: Build asset version error: assets/scripts/ui/playerpanelui.cs in SourceAssetDB has modification time of '2026-09-16T09:00:09.2695907Z' while content on disk has modification time of '2026-09-16T09:00:15.7744939Z'
  ERROR: Build asset version error: assets/scripts/ui/playerpanelui.cs in SourceAssetDB has modification time of '2026-09-16T09:00:09.2695907Z' while content on disk has modification time of '2026-09-16T09:00:15.7744939Z'
Number of updated asset objects reloaded before import = 0Number of asset objects unloaded after import = 0

========================================================================
Received Import Request.
  Time since last request: 0.000018 seconds.
  path: Assets/Scripts/UI/PlayerPanelUI.cs
  artifactKey: Guid(afacdfdfe7572954f85b60af6e8dda54) Importer(815301076,1909f56bfc062723c751e8b465ee728b)
Start importing Assets/Scripts/UI/PlayerPanelUI.cs using Guid(afacdfdfe7572954f85b60af6e8dda54) Importer(815301076,1909f56bfc062723c751e8b465ee728b) (PreviewImporter) -> (artifact id: '00000000000000000000000000000000') in 0.0005801 seconds
Import Error Code:(4)
Message: Build asset version error: assets/scripts/ui/playerpanelui.cs in SourceAssetDB has modification time of '2026-09-16T09:00:09.2695907Z' while content on disk has modification time of '2026-09-16T09:00:15.7744939Z'
  ERROR: Build asset version error: assets/scripts/ui/playerpanelui.cs in SourceAssetDB has modification time of '2026-09-16T09:00:09.2695907Z' while content on disk has modification time of '2026-09-16T09:00:15.7744939Z'
Number of updated asset objects reloaded before import = 0Number of asset objects unloaded after import = 0

========================================================================
Received Import Request.
  Time since last request: 0.000022 seconds.
  path: Assets/Scripts/UI/PlayerPanelUI.cs
  artifactKey: Guid(afacdfdfe7572954f85b60af6e8dda54) Importer(815301076,1909f56bfc062723c751e8b465ee728b)
Start importing Assets/Scripts/UI/PlayerPanelUI.cs using Guid(afacdfdfe7572954f85b60af6e8dda54) Importer(815301076,1909f56bfc062723c751e8b465ee728b) (PreviewImporter) -> (artifact id: '00000000000000000000000000000000') in 0.0007898 seconds
Import Error Code:(4)
Message: Build asset version error: assets/scripts/ui/playerpanelui.cs in SourceAssetDB has modification time of '2026-09-16T09:00:09.2695907Z' while content on disk has modification time of '2026-09-16T09:00:15.7744939Z'
  ERROR: Build asset version error: assets/scripts/ui/playerpanelui.cs in SourceAssetDB has modification time of '2026-09-16T09:00:09.2695907Z' while content on disk has modification time of '2026-09-16T09:00:15.7744939Z'
Number of updated asset objects reloaded before import = 0Number of asset objects unloaded after import = 0

========================================================================
Received Import Request.
  Time since last request: 0.000022 seconds.
  path: Assets/Scripts/UI/PlayerPanelUI.cs
  artifactKey: Guid(afacdfdfe7572954f85b60af6e8dda54) Importer(815301076,1909f56bfc062723c751e8b465ee728b)
Start importing Assets/Scripts/UI/PlayerPanelUI.cs using Guid(afacdfdfe7572954f85b60af6e8dda54) Importer(815301076,1909f56bfc062723c751e8b465ee728b) (PreviewImporter) -> (artifact id: '00000000000000000000000000000000') in 0.0006774 seconds
Import Error Code:(4)
Message: Build asset version error: assets/scripts/ui/playerpanelui.cs in SourceAssetDB has modification time of '2026-09-16T09:00:09.2695907Z' while content on disk has modification time of '2026-09-16T09:00:15.7744939Z'
  ERROR: Build asset version error: assets/scripts/ui/playerpanelui.cs in SourceAssetDB has modification time of '2026-09-16T09:00:09.2695907Z' while content on disk has modification time of '2026-09-16T09:00:15.7744939Z'
Number of updated asset objects reloaded before import = 0Number of asset objects unloaded after import = 0

========================================================================
Received Import Request.
  Time since last request: 0.000031 seconds.
  path: Assets/Scripts/UI/PlayerPanelUI.cs
  artifactKey: Guid(afacdfdfe7572954f85b60af6e8dda54) Importer(815301076,1909f56bfc062723c751e8b465ee728b)
Start importing Assets/Scripts/UI/PlayerPanelUI.cs using Guid(afacdfdfe7572954f85b60af6e8dda54) Importer(815301076,1909f56bfc062723c751e8b465ee728b) (PreviewImporter) -> (artifact id: '00000000000000000000000000000000') in 0.0006772 seconds
Import Error Code:(4)
Message: Build asset version error: assets/scripts/ui/playerpanelui.cs in SourceAssetDB has modification time of '2026-09-16T09:00:09.2695907Z' while content on disk has modification time of '2026-09-16T09:00:15.7744939Z'
  ERROR: Build asset version error: assets/scripts/ui/playerpanelui.cs in SourceAssetDB has modification time of '2026-09-16T09:00:09.2695907Z' while content on disk has modification time of '2026-09-16T09:00:15.7744939Z'
Number of updated asset objects reloaded before import = 0Number of asset objects unloaded after import = 0

========================================================================
Received Import Request.
  Time since last request: 0.000019 seconds.
  path: Assets/Scripts/UI/PlayerPanelUI.cs
  artifactKey: Guid(afacdfdfe7572954f85b60af6e8dda54) Importer(815301076,1909f56bfc062723c751e8b465ee728b)
Start importing Assets/Scripts/UI/PlayerPanelUI.cs using Guid(afacdfdfe7572954f85b60af6e8dda54) Importer(815301076,1909f56bfc062723c751e8b465ee728b) (PreviewImporter) -> (artifact id: '00000000000000000000000000000000') in 0.0005965 seconds
Import Error Code:(4)
Message: Build asset version error: assets/scripts/ui/playerpanelui.cs in SourceAssetDB has modification time of '2026-09-16T09:00:09.2695907Z' while content on disk has modification time of '2026-09-16T09:00:15.7744939Z'
  ERROR: Build asset version error: assets/scripts/ui/playerpanelui.cs in SourceAssetDB has modification time of '2026-09-16T09:00:09.2695907Z' while content on disk has modification time of '2026-09-16T09:00:15.7744939Z'
Number of updated asset objects reloaded before import = 0Number of asset objects unloaded after import = 0

========================================================================
Received Import Request.
  Time since last request: 0.000022 seconds.
  path: Assets/Scripts/UI/PlayerPanelUI.cs
  artifactKey: Guid(afacdfdfe7572954f85b60af6e8dda54) Importer(815301076,1909f56bfc062723c751e8b465ee728b)
Start importing Assets/Scripts/UI/PlayerPanelUI.cs using Guid(afacdfdfe7572954f85b60af6e8dda54) Importer(815301076,1909f56bfc062723c751e8b465ee728b) (PreviewImporter) -> (artifact id: '00000000000000000000000000000000') in 0.000727 seconds
Import Error Code:(4)
Message: Build asset version error: assets/scripts/ui/playerpanelui.cs in SourceAssetDB has modification time of '2026-09-16T09:00:09.2695907Z' while content on disk has modification time of '2026-09-16T09:00:15.7744939Z'
  ERROR: Build asset version error: assets/scripts/ui/playerpanelui.cs in SourceAssetDB has modification time of '2026-09-16T09:00:09.2695907Z' while content on disk has modification time of '2026-09-16T09:00:15.7744939Z'
Number of updated asset objects reloaded before import = 0Number of asset objects unloaded after import = 0

========================================================================
Received Import Request.
  Time since last request: 0.000023 seconds.
  path: Assets/Scripts/UI/PlayerPanelUI.cs
  artifactKey: Guid(afacdfdfe7572954f85b60af6e8dda54) Importer(815301076,1909f56bfc062723c751e8b465ee728b)
Start importing Assets/Scripts/UI/PlayerPanelUI.cs using Guid(afacdfdfe7572954f85b60af6e8dda54) Importer(815301076,1909f56bfc062723c751e8b465ee728b) (PreviewImporter) -> (artifact id: '00000000000000000000000000000000') in 0.0006135 seconds
Import Error Code:(4)
Message: Build asset version error: assets/scripts/ui/playerpanelui.cs in SourceAssetDB has modification time of '2026-09-16T09:00:09.2695907Z' while content on disk has modification time of '2026-09-16T09:00:15.7744939Z'
  ERROR: Build asset version error: assets/scripts/ui/playerpanelui.cs in SourceAssetDB has modification time of '2026-09-16T09:00:09.2695907Z' while content on disk has modification time of '2026-09-16T09:00:15.7744939Z'
Number of updated asset objects reloaded before import = 0Number of asset objects unloaded after import = 0

========================================================================
Received Import Request.
  Time since last request: 0.000019 seconds.
  path: Assets/Scripts/UI/PlayerPanelUI.cs
  artifactKey: Guid(afacdfdfe7572954f85b60af6e8dda54) Importer(815301076,1909f56bfc062723c751e8b465ee728b)
Start importing Assets/Scripts/UI/PlayerPanelUI.cs using Guid(afacdfdfe7572954f85b60af6e8dda54) Importer(815301076,1909f56bfc062723c751e8b465ee728b) (PreviewImporter) -> (artifact id: '00000000000000000000000000000000') in 0.0006798 seconds
Import Error Code:(4)
Message: Build asset version error: assets/scripts/ui/playerpanelui.cs in SourceAssetDB has modification time of '2026-09-16T09:00:09.2695907Z' while content on disk has modification time of '2026-09-16T09:00:15.7744939Z'
  ERROR: Build asset version error: assets/scripts/ui/playerpanelui.cs in SourceAssetDB has modification time of '2026-09-16T09:00:09.2695907Z' while content on disk has modification time of '2026-09-16T09:00:15.7744939Z'
Number of updated asset objects reloaded before import = 0Number of asset objects unloaded after import = 0

========================================================================
Received Import Request.
  Time since last request: 0.000024 seconds.
  path: Assets/Scripts/UI/PlayerPanelUI.cs
  artifactKey: Guid(afacdfdfe7572954f85b60af6e8dda54) Importer(815301076,1909f56bfc062723c751e8b465ee728b)
Start importing Assets/Scripts/UI/PlayerPanelUI.cs using Guid(afacdfdfe7572954f85b60af6e8dda54) Importer(815301076,1909f56bfc062723c751e8b465ee728b) (PreviewImporter) -> (artifact id: '00000000000000000000000000000000') in 0.0005595 seconds
Import Error Code:(4)
Message: Build asset version error: assets/scripts/ui/playerpanelui.cs in SourceAssetDB has modification time of '2026-09-16T09:00:09.2695907Z' while content on disk has modification time of '2026-09-16T09:00:15.7744939Z'
  ERROR: Build asset version error: assets/scripts/ui/playerpanelui.cs in SourceAssetDB has modification time of '2026-09-16T09:00:09.2695907Z' while content on disk has modification time of '2026-09-16T09:00:15.7744939Z'
Number of updated asset objects reloaded before import = 0Number of asset objects unloaded after import = 0

========================================================================
Received Import Request.
  Time since last request: 0.000030 seconds.
  path: Assets/Scripts/UI/PlayerPanelUI.cs
  artifactKey: Guid(afacdfdfe7572954f85b60af6e8dda54) Importer(815301076,1909f56bfc062723c751e8b465ee728b)
Start importing Assets/Scripts/UI/PlayerPanelUI.cs using Guid(afacdfdfe7572954f85b60af6e8dda54) Importer(815301076,1909f56bfc062723c751e8b465ee728b) (PreviewImporter) -> (artifact id: '00000000000000000000000000000000') in 0.0005701 seconds
Import Error Code:(4)
Message: Build asset version error: assets/scripts/ui/playerpanelui.cs in SourceAssetDB has modification time of '2026-09-16T09:00:09.2695907Z' while content on disk has modification time of '2026-09-16T09:00:15.7744939Z'
  ERROR: Build asset version error: assets/scripts/ui/playerpanelui.cs in SourceAssetDB has modification time of '2026-09-16T09:00:09.2695907Z' while content on disk has modification time of '2026-09-16T09:00:15.7744939Z'
Number of updated asset objects reloaded before import = 0Number of asset objects unloaded after import = 0

========================================================================
Received Import Request.
  Time since last request: 0.000019 seconds.
  path: Assets/Scripts/UI/PlayerPanelUI.cs
  artifactKey: Guid(afacdfdfe7572954f85b60af6e8dda54) Importer(815301076,1909f56bfc062723c751e8b465ee728b)
Start importing Assets/Scripts/UI/PlayerPanelUI.cs using Guid(afacdfdfe7572954f85b60af6e8dda54) Importer(815301076,1909f56bfc062723c751e8b465ee728b) (PreviewImporter) -> (artifact id: '00000000000000000000000000000000') in 0.0006843 seconds
Import Error Code:(4)
Message: Build asset version error: assets/scripts/ui/playerpanelui.cs in SourceAssetDB has modification time of '2026-09-16T09:00:09.2695907Z' while content on disk has modification time of '2026-09-16T09:00:15.7744939Z'
  ERROR: Build asset version error: assets/scripts/ui/playerpanelui.cs in SourceAssetDB has modification time of '2026-09-16T09:00:09.2695907Z' while content on disk has modification time of '2026-09-16T09:00:15.7744939Z'
Number of updated asset objects reloaded before import = 0Number of asset objects unloaded after import = 0

========================================================================
Received Import Request.
  Time since last request: 0.000027 seconds.
  path: Assets/Scripts/UI/PlayerPanelUI.cs
  artifactKey: Guid(afacdfdfe7572954f85b60af6e8dda54) Importer(815301076,1909f56bfc062723c751e8b465ee728b)
Start importing Assets/Scripts/UI/PlayerPanelUI.cs using Guid(afacdfdfe7572954f85b60af6e8dda54) Importer(815301076,1909f56bfc062723c751e8b465ee728b) (PreviewImporter) -> (artifact id: '00000000000000000000000000000000') in 0.0007834 seconds
Import Error Code:(4)
Message: Build asset version error: assets/scripts/ui/playerpanelui.cs in SourceAssetDB has modification time of '2026-09-16T09:00:09.2695907Z' while content on disk has modification time of '2026-09-16T09:00:15.7744939Z'
  ERROR: Build asset version error: assets/scripts/ui/playerpanelui.cs in SourceAssetDB has modification time of '2026-09-16T09:00:09.2695907Z' while content on disk has modification time of '2026-09-16T09:00:15.7744939Z'
Number of updated asset objects reloaded before import = 0Number of asset objects unloaded after import = 0

========================================================================
Received Import Request.
  Time since last request: 0.000022 seconds.
  path: Assets/Scripts/UI/PlayerPanelUI.cs
  artifactKey: Guid(afacdfdfe7572954f85b60af6e8dda54) Importer(815301076,1909f56bfc062723c751e8b465ee728b)
Start importing Assets/Scripts/UI/PlayerPanelUI.cs using Guid(afacdfdfe7572954f85b60af6e8dda54) Importer(815301076,1909f56bfc062723c751e8b465ee728b) (PreviewImporter) -> (artifact id: '00000000000000000000000000000000') in 0.0006972 seconds
Import Error Code:(4)
Message: Build asset version error: assets/scripts/ui/playerpanelui.cs in SourceAssetDB has modification time of '2026-09-16T09:00:09.2695907Z' while content on disk has modification time of '2026-09-16T09:00:15.7744939Z'
  ERROR: Build asset version error: assets/scripts/ui/playerpanelui.cs in SourceAssetDB has modification time of '2026-09-16T09:00:09.2695907Z' while content on disk has modification time of '2026-09-16T09:00:15.7744939Z'
Number of updated asset objects reloaded before import = 0Number of asset objects unloaded after import = 0

========================================================================
Received Import Request.
  Time since last request: 0.000017 seconds.
  path: Assets/Scripts/UI/PlayerPanelUI.cs
  artifactKey: Guid(afacdfdfe7572954f85b60af6e8dda54) Importer(815301076,1909f56bfc062723c751e8b465ee728b)
Start importing Assets/Scripts/UI/PlayerPanelUI.cs using Guid(afacdfdfe7572954f85b60af6e8dda54) Importer(815301076,1909f56bfc062723c751e8b465ee728b) (PreviewImporter) -> (artifact id: '00000000000000000000000000000000') in 0.0005388 seconds
Import Error Code:(4)
Message: Build asset version error: assets/scripts/ui/playerpanelui.cs in SourceAssetDB has modification time of '2026-09-16T09:00:09.2695907Z' while content on disk has modification time of '2026-09-16T09:00:15.7744939Z'
  ERROR: Build asset version error: assets/scripts/ui/playerpanelui.cs in SourceAssetDB has modification time of '2026-09-16T09:00:09.2695907Z' while content on disk has modification time of '2026-09-16T09:00:15.7744939Z'
Number of updated asset objects reloaded before import = 0Number of asset objects unloaded after import = 0

========================================================================
Received Import Request.
  Time since last request: 0.000022 seconds.
  path: Assets/Scripts/UI/PlayerPanelUI.cs
  artifactKey: Guid(afacdfdfe7572954f85b60af6e8dda54) Importer(815301076,1909f56bfc062723c751e8b465ee728b)
Start importing Assets/Scripts/UI/PlayerPanelUI.cs using Guid(afacdfdfe7572954f85b60af6e8dda54) Importer(815301076,1909f56bfc062723c751e8b465ee728b) (PreviewImporter) -> (artifact id: '00000000000000000000000000000000') in 0.0005619 seconds
Import Error Code:(4)
Message: Build asset version error: assets/scripts/ui/playerpanelui.cs in SourceAssetDB has modification time of '2026-09-16T09:00:09.2695907Z' while content on disk has modification time of '2026-09-16T09:00:15.7744939Z'
  ERROR: Build asset version error: assets/scripts/ui/playerpanelui.cs in SourceAssetDB has modification time of '2026-09-16T09:00:09.2695907Z' while content on disk has modification time of '2026-09-16T09:00:15.7744939Z'
Number of updated asset objects reloaded before import = 0Number of asset objects unloaded after import = 0

========================================================================
Received Import Request.
  Time since last request: 0.000033 seconds.
  path: Assets/Scripts/UI/PlayerPanelUI.cs
  artifactKey: Guid(afacdfdfe7572954f85b60af6e8dda54) Importer(815301076,1909f56bfc062723c751e8b465ee728b)
Start importing Assets/Scripts/UI/PlayerPanelUI.cs using Guid(afacdfdfe7572954f85b60af6e8dda54) Importer(815301076,1909f56bfc062723c751e8b465ee728b) (PreviewImporter) -> (artifact id: '00000000000000000000000000000000') in 0.0007224 seconds
Import Error Code:(4)
Message: Build asset version error: assets/scripts/ui/playerpanelui.cs in SourceAssetDB has modification time of '2026-09-16T09:00:09.2695907Z' while content on disk has modification time of '2026-09-16T09:00:15.7744939Z'
  ERROR: Build asset version error: assets/scripts/ui/playerpanelui.cs in SourceAssetDB has modification time of '2026-09-16T09:00:09.2695907Z' while content on disk has modification time of '2026-09-16T09:00:15.7744939Z'
Number of updated asset objects reloaded before import = 0Number of asset objects unloaded after import = 0

========================================================================
Received Import Request.
  Time since last request: 0.000018 seconds.
  path: Assets/Scripts/UI/PlayerPanelUI.cs
  artifactKey: Guid(afacdfdfe7572954f85b60af6e8dda54) Importer(815301076,1909f56bfc062723c751e8b465ee728b)
Start importing Assets/Scripts/UI/PlayerPanelUI.cs using Guid(afacdfdfe7572954f85b60af6e8dda54) Importer(815301076,1909f56bfc062723c751e8b465ee728b) (PreviewImporter) -> (artifact id: '00000000000000000000000000000000') in 0.0006111 seconds
Import Error Code:(4)
Message: Build asset version error: assets/scripts/ui/playerpanelui.cs in SourceAssetDB has modification time of '2026-09-16T09:00:09.2695907Z' while content on disk has modification time of '2026-09-16T09:00:15.7744939Z'
  ERROR: Build asset version error: assets/scripts/ui/playerpanelui.cs in SourceAssetDB has modification time of '2026-09-16T09:00:09.2695907Z' while content on disk has modification time of '2026-09-16T09:00:15.7744939Z'
Number of updated asset objects reloaded before import = 0Number of asset objects unloaded after import = 0

========================================================================
Received Import Request.
  Time since last request: 0.000018 seconds.
  path: Assets/Scripts/UI/PlayerPanelUI.cs
  artifactKey: Guid(afacdfdfe7572954f85b60af6e8dda54) Importer(815301076,1909f56bfc062723c751e8b465ee728b)
Start importing Assets/Scripts/UI/PlayerPanelUI.cs using Guid(afacdfdfe7572954f85b60af6e8dda54) Importer(815301076,1909f56bfc062723c751e8b465ee728b) (PreviewImporter) -> (artifact id: '00000000000000000000000000000000') in 0.0005937 seconds
Import Error Code:(4)
Message: Build asset version error: assets/scripts/ui/playerpanelui.cs in SourceAssetDB has modification time of '2026-09-16T09:00:09.2695907Z' while content on disk has modification time of '2026-09-16T09:00:15.7744939Z'
  ERROR: Build asset version error: assets/scripts/ui/playerpanelui.cs in SourceAssetDB has modification time of '2026-09-16T09:00:09.2695907Z' while content on disk has modification time of '2026-09-16T09:00:15.7744939Z'
Number of updated asset objects reloaded before import = 0Number of asset objects unloaded after import = 0

========================================================================
Received Import Request.
  Time since last request: 0.000019 seconds.
  path: Assets/Scripts/UI/PlayerPanelUI.cs
  artifactKey: Guid(afacdfdfe7572954f85b60af6e8dda54) Importer(815301076,1909f56bfc062723c751e8b465ee728b)
Start importing Assets/Scripts/UI/PlayerPanelUI.cs using Guid(afacdfdfe7572954f85b60af6e8dda54) Importer(815301076,1909f56bfc062723c751e8b465ee728b) (PreviewImporter) -> (artifact id: '00000000000000000000000000000000') in 0.0006834 seconds
Import Error Code:(4)
Message: Build asset version error: assets/scripts/ui/playerpanelui.cs in SourceAssetDB has modification time of '2026-09-16T09:00:09.2695907Z' while content on disk has modification time of '2026-09-16T09:00:15.7744939Z'
  ERROR: Build asset version error: assets/scripts/ui/playerpanelui.cs in SourceAssetDB has modification time of '2026-09-16T09:00:09.2695907Z' while content on disk has modification time of '2026-09-16T09:00:15.7744939Z'
Number of updated asset objects reloaded before import = 0Number of asset objects unloaded after import = 0

========================================================================
Received Import Request.
  Time since last request: 0.000019 seconds.
  path: Assets/Scripts/UI/PlayerPanelUI.cs
  artifactKey: Guid(afacdfdfe7572954f85b60af6e8dda54) Importer(815301076,1909f56bfc062723c751e8b465ee728b)
Start importing Assets/Scripts/UI/PlayerPanelUI.cs using Guid(afacdfdfe7572954f85b60af6e8dda54) Importer(815301076,1909f56bfc062723c751e8b465ee728b) (PreviewImporter) -> (artifact id: '00000000000000000000000000000000') in 0.0006305 seconds
Import Error Code:(4)
Message: Build asset version error: assets/scripts/ui/playerpanelui.cs in SourceAssetDB has modification time of '2026-09-16T09:00:09.2695907Z' while content on disk has modification time of '2026-09-16T09:00:15.7744939Z'
  ERROR: Build asset version error: assets/scripts/ui/playerpanelui.cs in SourceAssetDB has modification time of '2026-09-16T09:00:09.2695907Z' while content on disk has modification time of '2026-09-16T09:00:15.7744939Z'
Number of updated asset objects reloaded before import = 0Number of asset objects unloaded after import = 0

========================================================================
Received Import Request.
  Time since last request: 0.000027 seconds.
  path: Assets/Scripts/UI/PlayerPanelUI.cs
  artifactKey: Guid(afacdfdfe7572954f85b60af6e8dda54) Importer(815301076,1909f56bfc062723c751e8b465ee728b)
Start importing Assets/Scripts/UI/PlayerPanelUI.cs using Guid(afacdfdfe7572954f85b60af6e8dda54) Importer(815301076,1909f56bfc062723c751e8b465ee728b) (PreviewImporter) -> (artifact id: '00000000000000000000000000000000') in 0.0007543 seconds
Import Error Code:(4)
Message: Build asset version error: assets/scripts/ui/playerpanelui.cs in SourceAssetDB has modification time of '2026-09-16T09:00:09.2695907Z' while content on disk has modification time of '2026-09-16T09:00:15.7744939Z'
  ERROR: Build asset version error: assets/scripts/ui/playerpanelui.cs in SourceAssetDB has modification time of '2026-09-16T09:00:09.2695907Z' while content on disk has modification time of '2026-09-16T09:00:15.7744939Z'
Number of updated asset objects reloaded before import = 0Number of asset objects unloaded after import = 0

========================================================================
Received Import Request.
  Time since last request: 0.000020 seconds.
  path: Assets/Scripts/UI/PlayerPanelUI.cs
  artifactKey: Guid(afacdfdfe7572954f85b60af6e8dda54) Importer(815301076,1909f56bfc062723c751e8b465ee728b)
Start importing Assets/Scripts/UI/PlayerPanelUI.cs using Guid(afacdfdfe7572954f85b60af6e8dda54) Importer(815301076,1909f56bfc062723c751e8b465ee728b) (PreviewImporter) -> (artifact id: '00000000000000000000000000000000') in 0.0007548 seconds
Import Error Code:(4)
Message: Build asset version error: assets/scripts/ui/playerpanelui.cs in SourceAssetDB has modification time of '2026-09-16T09:00:09.2695907Z' while content on disk has modification time of '2026-09-16T09:00:15.7744939Z'
  ERROR: Build asset version error: assets/scripts/ui/playerpanelui.cs in SourceAssetDB has modification time of '2026-09-16T09:00:09.2695907Z' while content on disk has modification time of '2026-09-16T09:00:15.7744939Z'
Number of updated asset objects reloaded before import = 0Number of asset objects unloaded after import = 0

========================================================================
Received Import Request.
  Time since last request: 0.000023 seconds.
  path: Assets/Scripts/UI/PlayerPanelUI.cs
  artifactKey: Guid(afacdfdfe7572954f85b60af6e8dda54) Importer(815301076,1909f56bfc062723c751e8b465ee728b)
Start importing Assets/Scripts/UI/PlayerPanelUI.cs using Guid(afacdfdfe7572954f85b60af6e8dda54) Importer(815301076,1909f56bfc062723c751e8b465ee728b) (PreviewImporter) -> (artifact id: '00000000000000000000000000000000') in 0.0007177 seconds
Import Error Code:(4)
Message: Build asset version error: assets/scripts/ui/playerpanelui.cs in SourceAssetDB has modification time of '2026-09-16T09:00:09.2695907Z' while content on disk has modification time of '2026-09-16T09:00:15.7744939Z'
  ERROR: Build asset version error: assets/scripts/ui/playerpanelui.cs in SourceAssetDB has modification time of '2026-09-16T09:00:09.2695907Z' while content on disk has modification time of '2026-09-16T09:00:15.7744939Z'
Number of updated asset objects reloaded before import = 0Number of asset objects unloaded after import = 0

========================================================================
Received Import Request.
  Time since last request: 0.000023 seconds.
  path: Assets/Scripts/UI/PlayerPanelUI.cs
  artifactKey: Guid(afacdfdfe7572954f85b60af6e8dda54) Importer(815301076,1909f56bfc062723c751e8b465ee728b)
Start importing Assets/Scripts/UI/PlayerPanelUI.cs using Guid(afacdfdfe7572954f85b60af6e8dda54) Importer(815301076,1909f56bfc062723c751e8b465ee728b) (PreviewImporter) -> (artifact id: '00000000000000000000000000000000') in 0.0005933 seconds
Import Error Code:(4)
Message: Build asset version error: assets/scripts/ui/playerpanelui.cs in SourceAssetDB has modification time of '2026-09-16T09:00:09.2695907Z' while content on disk has modification time of '2026-09-16T09:00:15.7744939Z'
  ERROR: Build asset version error: assets/scripts/ui/playerpanelui.cs in SourceAssetDB has modification time of '2026-09-16T09:00:09.2695907Z' while content on disk has modification time of '2026-09-16T09:00:15.7744939Z'
Number of updated asset objects reloaded before import = 0Number of asset objects unloaded after import = 0

========================================================================
Received Import Request.
  Time since last request: 0.000018 seconds.
  path: Assets/Scripts/UI/PlayerPanelUI.cs
  artifactKey: Guid(afacdfdfe7572954f85b60af6e8dda54) Importer(815301076,1909f56bfc062723c751e8b465ee728b)
Start importing Assets/Scripts/UI/PlayerPanelUI.cs using Guid(afacdfdfe7572954f85b60af6e8dda54) Importer(815301076,1909f56bfc062723c751e8b465ee728b) (PreviewImporter) -> (artifact id: '00000000000000000000000000000000') in 0.0008079 seconds
Import Error Code:(4)
Message: Build asset version error: assets/scripts/ui/playerpanelui.cs in SourceAssetDB has modification time of '2026-09-16T09:00:09.2695907Z' while content on disk has modification time of '2026-09-16T09:00:15.7744939Z'
  ERROR: Build asset version error: assets/scripts/ui/playerpanelui.cs in SourceAssetDB has modification time of '2026-09-16T09:00:09.2695907Z' while content on disk has modification time of '2026-09-16T09:00:15.7744939Z'
Number of updated asset objects reloaded before import = 0Number of asset objects unloaded after import = 0

========================================================================
Received Import Request.
  Time since last request: 0.000023 seconds.
  path: Assets/Scripts/UI/PlayerPanelUI.cs
  artifactKey: Guid(afacdfdfe7572954f85b60af6e8dda54) Importer(815301076,1909f56bfc062723c751e8b465ee728b)
Start importing Assets/Scripts/UI/PlayerPanelUI.cs using Guid(afacdfdfe7572954f85b60af6e8dda54) Importer(815301076,1909f56bfc062723c751e8b465ee728b) (PreviewImporter) -> (artifact id: '00000000000000000000000000000000') in 0.000803 seconds
Import Error Code:(4)
Message: Build asset version error: assets/scripts/ui/playerpanelui.cs in SourceAssetDB has modification time of '2026-09-16T09:00:09.2695907Z' while content on disk has modification time of '2026-09-16T09:00:15.7744939Z'
  ERROR: Build asset version error: assets/scripts/ui/playerpanelui.cs in SourceAssetDB has modification time of '2026-09-16T09:00:09.2695907Z' while content on disk has modification time of '2026-09-16T09:00:15.7744939Z'
Number of updated asset objects reloaded before import = 0Number of asset objects unloaded after import = 0

========================================================================
Received Import Request.
  Time since last request: 0.000040 seconds.
  path: Assets/Scripts/UI/PlayerPanelUI.cs
  artifactKey: Guid(afacdfdfe7572954f85b60af6e8dda54) Importer(815301076,1909f56bfc062723c751e8b465ee728b)
Start importing Assets/Scripts/UI/PlayerPanelUI.cs using Guid(afacdfdfe7572954f85b60af6e8dda54) Importer(815301076,1909f56bfc062723c751e8b465ee728b) (PreviewImporter) -> (artifact id: '00000000000000000000000000000000') in 0.0007987 seconds
Import Error Code:(4)
Message: Build asset version error: assets/scripts/ui/playerpanelui.cs in SourceAssetDB has modification time of '2026-09-16T09:00:09.2695907Z' while content on disk has modification time of '2026-09-16T09:00:15.7744939Z'
  ERROR: Build asset version error: assets/scripts/ui/playerpanelui.cs in SourceAssetDB has modification time of '2026-09-16T09:00:09.2695907Z' while content on disk has modification time of '2026-09-16T09:00:15.7744939Z'
Number of updated asset objects reloaded before import = 0Number of asset objects unloaded after import = 0

========================================================================
Received Import Request.
  Time since last request: 0.000019 seconds.
  path: Assets/Scripts/UI/PlayerPanelUI.cs
  artifactKey: Guid(afacdfdfe7572954f85b60af6e8dda54) Importer(815301076,1909f56bfc062723c751e8b465ee728b)
Start importing Assets/Scripts/UI/PlayerPanelUI.cs using Guid(afacdfdfe7572954f85b60af6e8dda54) Importer(815301076,1909f56bfc062723c751e8b465ee728b) (PreviewImporter) -> (artifact id: '00000000000000000000000000000000') in 0.0006129 seconds
Import Error Code:(4)
Message: Build asset version error: assets/scripts/ui/playerpanelui.cs in SourceAssetDB has modification time of '2026-09-16T09:00:09.2695907Z' while content on disk has modification time of '2026-09-16T09:00:15.7744939Z'
  ERROR: Build asset version error: assets/scripts/ui/playerpanelui.cs in SourceAssetDB has modification time of '2026-09-16T09:00:09.2695907Z' while content on disk has modification time of '2026-09-16T09:00:15.7744939Z'
Number of updated asset objects reloaded before import = 0Number of asset objects unloaded after import = 0

========================================================================
Received Import Request.
  Time since last request: 0.000024 seconds.
  path: Assets/Scripts/UI/PlayerPanelUI.cs
  artifactKey: Guid(afacdfdfe7572954f85b60af6e8dda54) Importer(815301076,1909f56bfc062723c751e8b465ee728b)
Start importing Assets/Scripts/UI/PlayerPanelUI.cs using Guid(afacdfdfe7572954f85b60af6e8dda54) Importer(815301076,1909f56bfc062723c751e8b465ee728b) (PreviewImporter) -> (artifact id: '00000000000000000000000000000000') in 0.0006374 seconds
Import Error Code:(4)
Message: Build asset version error: assets/scripts/ui/playerpanelui.cs in SourceAssetDB has modification time of '2026-09-16T09:00:09.2695907Z' while content on disk has modification time of '2026-09-16T09:00:15.7744939Z'
  ERROR: Build asset version error: assets/scripts/ui/playerpanelui.cs in SourceAssetDB has modification time of '2026-09-16T09:00:09.2695907Z' while content on disk has modification time of '2026-09-16T09:00:15.7744939Z'
Number of updated asset objects reloaded before import = 0Number of asset objects unloaded after import = 0

========================================================================
Received Import Request.
  Time since last request: 0.000020 seconds.
  path: Assets/Scripts/UI/PlayerPanelUI.cs
  artifactKey: Guid(afacdfdfe7572954f85b60af6e8dda54) Importer(815301076,1909f56bfc062723c751e8b465ee728b)
Start importing Assets/Scripts/UI/PlayerPanelUI.cs using Guid(afacdfdfe7572954f85b60af6e8dda54) Importer(815301076,1909f56bfc062723c751e8b465ee728b) (PreviewImporter) -> (artifact id: '00000000000000000000000000000000') in 0.0006094 seconds
Import Error Code:(4)
Message: Build asset version error: assets/scripts/ui/playerpanelui.cs in SourceAssetDB has modification time of '2026-09-16T09:00:09.2695907Z' while content on disk has modification time of '2026-09-16T09:00:15.7744939Z'
  ERROR: Build asset version error: assets/scripts/ui/playerpanelui.cs in SourceAssetDB has modification time of '2026-09-16T09:00:09.2695907Z' while content on disk has modification time of '2026-09-16T09:00:15.7744939Z'
Number of updated asset objects reloaded before import = 0Number of asset objects unloaded after import = 0

========================================================================
Received Import Request.
  Time since last request: 0.000025 seconds.
  path: Assets/Scripts/UI/PlayerPanelUI.cs
  artifactKey: Guid(afacdfdfe7572954f85b60af6e8dda54) Importer(815301076,1909f56bfc062723c751e8b465ee728b)
Start importing Assets/Scripts/UI/PlayerPanelUI.cs using Guid(afacdfdfe7572954f85b60af6e8dda54) Importer(815301076,1909f56bfc062723c751e8b465ee728b) (PreviewImporter) -> (artifact id: '00000000000000000000000000000000') in 0.0006266 seconds
Import Error Code:(4)
Message: Build asset version error: assets/scripts/ui/playerpanelui.cs in SourceAssetDB has modification time of '2026-09-16T09:00:09.2695907Z' while content on disk has modification time of '2026-09-16T09:00:15.7744939Z'
  ERROR: Build asset version error: assets/scripts/ui/playerpanelui.cs in SourceAssetDB has modification time of '2026-09-16T09:00:09.2695907Z' while content on disk has modification time of '2026-09-16T09:00:15.7744939Z'
Number of updated asset objects reloaded before import = 0Number of asset objects unloaded after import = 0

========================================================================
Received Import Request.
  Time since last request: 0.000039 seconds.
  path: Assets/Scripts/UI/PlayerPanelUI.cs
  artifactKey: Guid(afacdfdfe7572954f85b60af6e8dda54) Importer(815301076,1909f56bfc062723c751e8b465ee728b)
Start importing Assets/Scripts/UI/PlayerPanelUI.cs using Guid(afacdfdfe7572954f85b60af6e8dda54) Importer(815301076,1909f56bfc062723c751e8b465ee728b) (PreviewImporter) -> (artifact id: '00000000000000000000000000000000') in 0.0006119 seconds
Import Error Code:(4)
Message: Build asset version error: assets/scripts/ui/playerpanelui.cs in SourceAssetDB has modification time of '2026-09-16T09:00:09.2695907Z' while content on disk has modification time of '2026-09-16T09:00:15.7744939Z'
  ERROR: Build asset version error: assets/scripts/ui/playerpanelui.cs in SourceAssetDB has modification time of '2026-09-16T09:00:09.2695907Z' while content on disk has modification time of '2026-09-16T09:00:15.7744939Z'
Number of updated asset objects reloaded before import = 0Number of asset objects unloaded after import = 0

========================================================================
Received Import Request.
  Time since last request: 0.000021 seconds.
  path: Assets/Scripts/UI/PlayerPanelUI.cs
  artifactKey: Guid(afacdfdfe7572954f85b60af6e8dda54) Importer(815301076,1909f56bfc062723c751e8b465ee728b)
Start importing Assets/Scripts/UI/PlayerPanelUI.cs using Guid(afacdfdfe7572954f85b60af6e8dda54) Importer(815301076,1909f56bfc062723c751e8b465ee728b) (PreviewImporter) -> (artifact id: '00000000000000000000000000000000') in 0.0005814 seconds
Import Error Code:(4)
Message: Build asset version error: assets/scripts/ui/playerpanelui.cs in SourceAssetDB has modification time of '2026-09-16T09:00:09.2695907Z' while content on disk has modification time of '2026-09-16T09:00:15.7744939Z'
  ERROR: Build asset version error: assets/scripts/ui/playerpanelui.cs in SourceAssetDB has modification time of '2026-09-16T09:00:09.2695907Z' while content on disk has modification time of '2026-09-16T09:00:15.7744939Z'
Number of updated asset objects reloaded before import = 0Number of asset objects unloaded after import = 0

========================================================================
Received Import Request.
  Time since last request: 0.000018 seconds.
  path: Assets/Scripts/UI/PlayerPanelUI.cs
  artifactKey: Guid(afacdfdfe7572954f85b60af6e8dda54) Importer(815301076,1909f56bfc062723c751e8b465ee728b)
Start importing Assets/Scripts/UI/PlayerPanelUI.cs using Guid(afacdfdfe7572954f85b60af6e8dda54) Importer(815301076,1909f56bfc062723c751e8b465ee728b) (PreviewImporter) -> (artifact id: '00000000000000000000000000000000') in 0.000613 seconds
Import Error Code:(4)
Message: Build asset version error: assets/scripts/ui/playerpanelui.cs in SourceAssetDB has modification time of '2026-09-16T09:00:09.2695907Z' while content on disk has modification time of '2026-09-16T09:00:15.7744939Z'
  ERROR: Build asset version error: assets/scripts/ui/playerpanelui.cs in SourceAssetDB has modification time of '2026-09-16T09:00:09.2695907Z' while content on disk has modification time of '2026-09-16T09:00:15.7744939Z'
Number of updated asset objects reloaded before import = 0Number of asset objects unloaded after import = 0

========================================================================
Received Import Request.
  Time since last request: 0.000016 seconds.
  path: Assets/Scripts/UI/PlayerPanelUI.cs
  artifactKey: Guid(afacdfdfe7572954f85b60af6e8dda54) Importer(815301076,1909f56bfc062723c751e8b465ee728b)
Start importing Assets/Scripts/UI/PlayerPanelUI.cs using Guid(afacdfdfe7572954f85b60af6e8dda54) Importer(815301076,1909f56bfc062723c751e8b465ee728b) (PreviewImporter) -> (artifact id: '00000000000000000000000000000000') in 0.0007217 seconds
Import Error Code:(4)
Message: Build asset version error: assets/scripts/ui/playerpanelui.cs in SourceAssetDB has modification time of '2026-09-16T09:00:09.2695907Z' while content on disk has modification time of '2026-09-16T09:00:15.7744939Z'
  ERROR: Build asset version error: assets/scripts/ui/playerpanelui.cs in SourceAssetDB has modification time of '2026-09-16T09:00:09.2695907Z' while content on disk has modification time of '2026-09-16T09:00:15.7744939Z'
Number of updated asset objects reloaded before import = 0Number of asset objects unloaded after import = 0

========================================================================
Received Import Request.
  Time since last request: 0.000022 seconds.
  path: Assets/Scripts/UI/PlayerPanelUI.cs
  artifactKey: Guid(afacdfdfe7572954f85b60af6e8dda54) Importer(815301076,1909f56bfc062723c751e8b465ee728b)
Start importing Assets/Scripts/UI/PlayerPanelUI.cs using Guid(afacdfdfe7572954f85b60af6e8dda54) Importer(815301076,1909f56bfc062723c751e8b465ee728b) (PreviewImporter) -> (artifact id: '00000000000000000000000000000000') in 0.0006403 seconds
Import Error Code:(4)
Message: Build asset version error: assets/scripts/ui/playerpanelui.cs in SourceAssetDB has modification time of '2026-09-16T09:00:09.2695907Z' while content on disk has modification time of '2026-09-16T09:00:15.7744939Z'
  ERROR: Build asset version error: assets/scripts/ui/playerpanelui.cs in SourceAssetDB has modification time of '2026-09-16T09:00:09.2695907Z' while content on disk has modification time of '2026-09-16T09:00:15.7744939Z'
Number of updated asset objects reloaded before import = 0Number of asset objects unloaded after import = 0

========================================================================
Received Import Request.
  Time since last request: 0.000020 seconds.
  path: Assets/Scripts/UI/PlayerPanelUI.cs
  artifactKey: Guid(afacdfdfe7572954f85b60af6e8dda54) Importer(815301076,1909f56bfc062723c751e8b465ee728b)
Start importing Assets/Scripts/UI/PlayerPanelUI.cs using Guid(afacdfdfe7572954f85b60af6e8dda54) Importer(815301076,1909f56bfc062723c751e8b465ee728b) (PreviewImporter) -> (artifact id: '00000000000000000000000000000000') in 0.000622 seconds
Import Error Code:(4)
Message: Build asset version error: assets/scripts/ui/playerpanelui.cs in SourceAssetDB has modification time of '2026-09-16T09:00:09.2695907Z' while content on disk has modification time of '2026-09-16T09:00:15.7744939Z'
  ERROR: Build asset version error: assets/scripts/ui/playerpanelui.cs in SourceAssetDB has modification time of '2026-09-16T09:00:09.2695907Z' while content on disk has modification time of '2026-09-16T09:00:15.7744939Z'
Number of updated asset objects reloaded before import = 0Number of asset objects unloaded after import = 0

========================================================================
Received Import Request.
  Time since last request: 0.000029 seconds.
  path: Assets/Scripts/UI/PlayerPanelUI.cs
  artifactKey: Guid(afacdfdfe7572954f85b60af6e8dda54) Importer(815301076,1909f56bfc062723c751e8b465ee728b)
Start importing Assets/Scripts/UI/PlayerPanelUI.cs using Guid(afacdfdfe7572954f85b60af6e8dda54) Importer(815301076,1909f56bfc062723c751e8b465ee728b) (PreviewImporter) -> (artifact id: '00000000000000000000000000000000') in 0.0006259 seconds
Import Error Code:(4)
Message: Build asset version error: assets/scripts/ui/playerpanelui.cs in SourceAssetDB has modification time of '2026-09-16T09:00:09.2695907Z' while content on disk has modification time of '2026-09-16T09:00:15.7744939Z'
  ERROR: Build asset version error: assets/scripts/ui/playerpanelui.cs in SourceAssetDB has modification time of '2026-09-16T09:00:09.2695907Z' while content on disk has modification time of '2026-09-16T09:00:15.7744939Z'
Number of updated asset objects reloaded before import = 0Number of asset objects unloaded after import = 0

========================================================================
Received Import Request.
  Time since last request: 0.000020 seconds.
  path: Assets/Scripts/UI/PlayerPanelUI.cs
  artifactKey: Guid(afacdfdfe7572954f85b60af6e8dda54) Importer(815301076,1909f56bfc062723c751e8b465ee728b)
Start importing Assets/Scripts/UI/PlayerPanelUI.cs using Guid(afacdfdfe7572954f85b60af6e8dda54) Importer(815301076,1909f56bfc062723c751e8b465ee728b) (PreviewImporter) -> (artifact id: '00000000000000000000000000000000') in 0.0005838 seconds
Import Error Code:(4)
Message: Build asset version error: assets/scripts/ui/playerpanelui.cs in SourceAssetDB has modification time of '2026-09-16T09:00:09.2695907Z' while content on disk has modification time of '2026-09-16T09:00:15.7744939Z'
  ERROR: Build asset version error: assets/scripts/ui/playerpanelui.cs in SourceAssetDB has modification time of '2026-09-16T09:00:09.2695907Z' while content on disk has modification time of '2026-09-16T09:00:15.7744939Z'
Number of updated asset objects reloaded before import = 0Number of asset objects unloaded after import = 0

========================================================================
Received Import Request.
  Time since last request: 0.000020 seconds.
  path: Assets/Scripts/UI/PlayerPanelUI.cs
  artifactKey: Guid(afacdfdfe7572954f85b60af6e8dda54) Importer(815301076,1909f56bfc062723c751e8b465ee728b)
Start importing Assets/Scripts/UI/PlayerPanelUI.cs using Guid(afacdfdfe7572954f85b60af6e8dda54) Importer(815301076,1909f56bfc062723c751e8b465ee728b) (PreviewImporter) -> (artifact id: '00000000000000000000000000000000') in 0.0006267 seconds
Import Error Code:(4)
Message: Build asset version error: assets/scripts/ui/playerpanelui.cs in SourceAssetDB has modification time of '2026-09-16T09:00:09.2695907Z' while content on disk has modification time of '2026-09-16T09:00:15.7744939Z'
  ERROR: Build asset version error: assets/scripts/ui/playerpanelui.cs in SourceAssetDB has modification time of '2026-09-16T09:00:09.2695907Z' while content on disk has modification time of '2026-09-16T09:00:15.7744939Z'
Number of updated asset objects reloaded before import = 0Number of asset objects unloaded after import = 0

========================================================================
Received Import Request.
  Time since last request: 0.000020 seconds.
  path: Assets/Scripts/UI/PlayerPanelUI.cs
  artifactKey: Guid(afacdfdfe7572954f85b60af6e8dda54) Importer(815301076,1909f56bfc062723c751e8b465ee728b)
Start importing Assets/Scripts/UI/PlayerPanelUI.cs using Guid(afacdfdfe7572954f85b60af6e8dda54) Importer(815301076,1909f56bfc062723c751e8b465ee728b) (PreviewImporter) -> (artifact id: '00000000000000000000000000000000') in 0.0006266 seconds
Import Error Code:(4)
Message: Build asset version error: assets/scripts/ui/playerpanelui.cs in SourceAssetDB has modification time of '2026-09-16T09:00:09.2695907Z' while content on disk has modification time of '2026-09-16T09:00:15.7744939Z'
  ERROR: Build asset version error: assets/scripts/ui/playerpanelui.cs in SourceAssetDB has modification time of '2026-09-16T09:00:09.2695907Z' while content on disk has modification time of '2026-09-16T09:00:15.7744939Z'
Number of updated asset objects reloaded before import = 0Number of asset objects unloaded after import = 0

========================================================================
Received Import Request.
  Time since last request: 0.000019 seconds.
  path: Assets/Scripts/UI/PlayerPanelUI.cs
  artifactKey: Guid(afacdfdfe7572954f85b60af6e8dda54) Importer(815301076,1909f56bfc062723c751e8b465ee728b)
Start importing Assets/Scripts/UI/PlayerPanelUI.cs using Guid(afacdfdfe7572954f85b60af6e8dda54) Importer(815301076,1909f56bfc062723c751e8b465ee728b) (PreviewImporter) -> (artifact id: '00000000000000000000000000000000') in 0.0006141 seconds
Import Error Code:(4)
Message: Build asset version error: assets/scripts/ui/playerpanelui.cs in SourceAssetDB has modification time of '2026-09-16T09:00:09.2695907Z' while content on disk has modification time of '2026-09-16T09:00:15.7744939Z'
  ERROR: Build asset version error: assets/scripts/ui/playerpanelui.cs in SourceAssetDB has modification time of '2026-09-16T09:00:09.2695907Z' while content on disk has modification time of '2026-09-16T09:00:15.7744939Z'
Number of updated asset objects reloaded before import = 0Number of asset objects unloaded after import = 0

========================================================================
Received Import Request.
  Time since last request: 0.000022 seconds.
  path: Assets/Scripts/UI/PlayerPanelUI.cs
  artifactKey: Guid(afacdfdfe7572954f85b60af6e8dda54) Importer(815301076,1909f56bfc062723c751e8b465ee728b)
Start importing Assets/Scripts/UI/PlayerPanelUI.cs using Guid(afacdfdfe7572954f85b60af6e8dda54) Importer(815301076,1909f56bfc062723c751e8b465ee728b) (PreviewImporter) -> (artifact id: '00000000000000000000000000000000') in 0.0006055 seconds
Import Error Code:(4)
Message: Build asset version error: assets/scripts/ui/playerpanelui.cs in SourceAssetDB has modification time of '2026-09-16T09:00:09.2695907Z' while content on disk has modification time of '2026-09-16T09:00:15.7744939Z'
  ERROR: Build asset version error: assets/scripts/ui/playerpanelui.cs in SourceAssetDB has modification time of '2026-09-16T09:00:09.2695907Z' while content on disk has modification time of '2026-09-16T09:00:15.7744939Z'
Number of updated asset objects reloaded before import = 0Number of asset objects unloaded after import = 0

========================================================================
Received Import Request.
  Time since last request: 0.000037 seconds.
  path: Assets/Scripts/UI/PlayerPanelUI.cs
  artifactKey: Guid(afacdfdfe7572954f85b60af6e8dda54) Importer(815301076,1909f56bfc062723c751e8b465ee728b)
Start importing Assets/Scripts/UI/PlayerPanelUI.cs using Guid(afacdfdfe7572954f85b60af6e8dda54) Importer(815301076,1909f56bfc062723c751e8b465ee728b) (PreviewImporter) -> (artifact id: '00000000000000000000000000000000') in 0.0007085 seconds
Import Error Code:(4)
Message: Build asset version error: assets/scripts/ui/playerpanelui.cs in SourceAssetDB has modification time of '2026-09-16T09:00:09.2695907Z' while content on disk has modification time of '2026-09-16T09:00:15.7744939Z'
  ERROR: Build asset version error: assets/scripts/ui/playerpanelui.cs in SourceAssetDB has modification time of '2026-09-16T09:00:09.2695907Z' while content on disk has modification time of '2026-09-16T09:00:15.7744939Z'
Number of updated asset objects reloaded before import = 0Number of asset objects unloaded after import = 0

========================================================================
Received Import Request.
  Time since last request: 0.000024 seconds.
  path: Assets/Scripts/UI/PlayerPanelUI.cs
  artifactKey: Guid(afacdfdfe7572954f85b60af6e8dda54) Importer(815301076,1909f56bfc062723c751e8b465ee728b)
Start importing Assets/Scripts/UI/PlayerPanelUI.cs using Guid(afacdfdfe7572954f85b60af6e8dda54) Importer(815301076,1909f56bfc062723c751e8b465ee728b) (PreviewImporter) -> (artifact id: '00000000000000000000000000000000') in 0.0008922 seconds
Import Error Code:(4)
Message: Build asset version error: assets/scripts/ui/playerpanelui.cs in SourceAssetDB has modification time of '2026-09-16T09:00:09.2695907Z' while content on disk has modification time of '2026-09-16T09:00:15.7744939Z'
  ERROR: Build asset version error: assets/scripts/ui/playerpanelui.cs in SourceAssetDB has modification time of '2026-09-16T09:00:09.2695907Z' while content on disk has modification time of '2026-09-16T09:00:15.7744939Z'
Number of updated asset objects reloaded before import = 0Number of asset objects unloaded after import = 0

========================================================================
Received Import Request.
  Time since last request: 0.000018 seconds.
  path: Assets/Scripts/UI/PlayerPanelUI.cs
  artifactKey: Guid(afacdfdfe7572954f85b60af6e8dda54) Importer(815301076,1909f56bfc062723c751e8b465ee728b)
Start importing Assets/Scripts/UI/PlayerPanelUI.cs using Guid(afacdfdfe7572954f85b60af6e8dda54) Importer(815301076,1909f56bfc062723c751e8b465ee728b) (PreviewImporter) -> (artifact id: '00000000000000000000000000000000') in 0.0006287 seconds
Import Error Code:(4)
Message: Build asset version error: assets/scripts/ui/playerpanelui.cs in SourceAssetDB has modification time of '2026-09-16T09:00:09.2695907Z' while content on disk has modification time of '2026-09-16T09:00:15.7744939Z'
  ERROR: Build asset version error: assets/scripts/ui/playerpanelui.cs in SourceAssetDB has modification time of '2026-09-16T09:00:09.2695907Z' while content on disk has modification time of '2026-09-16T09:00:15.7744939Z'
Number of updated asset objects reloaded before import = 0Number of asset objects unloaded after import = 0

========================================================================
Received Import Request.
  Time since last request: 0.000019 seconds.
  path: Assets/Scripts/UI/PlayerPanelUI.cs
  artifactKey: Guid(afacdfdfe7572954f85b60af6e8dda54) Importer(815301076,1909f56bfc062723c751e8b465ee728b)
Start importing Assets/Scripts/UI/PlayerPanelUI.cs using Guid(afacdfdfe7572954f85b60af6e8dda54) Importer(815301076,1909f56bfc062723c751e8b465ee728b) (PreviewImporter) -> (artifact id: '00000000000000000000000000000000') in 0.0005669 seconds
Import Error Code:(4)
Message: Build asset version error: assets/scripts/ui/playerpanelui.cs in SourceAssetDB has modification time of '2026-09-16T09:00:09.2695907Z' while content on disk has modification time of '2026-09-16T09:00:15.7744939Z'
  ERROR: Build asset version error: assets/scripts/ui/playerpanelui.cs in SourceAssetDB has modification time of '2026-09-16T09:00:09.2695907Z' while content on disk has modification time of '2026-09-16T09:00:15.7744939Z'
Number of updated asset objects reloaded before import = 0Number of asset objects unloaded after import = 0

========================================================================
Received Import Request.
  Time since last request: 0.000023 seconds.
  path: Assets/Scripts/UI/PlayerPanelUI.cs
  artifactKey: Guid(afacdfdfe7572954f85b60af6e8dda54) Importer(815301076,1909f56bfc062723c751e8b465ee728b)
Start importing Assets/Scripts/UI/PlayerPanelUI.cs using Guid(afacdfdfe7572954f85b60af6e8dda54) Importer(815301076,1909f56bfc062723c751e8b465ee728b) (PreviewImporter) -> (artifact id: '00000000000000000000000000000000') in 0.0007253 seconds
Import Error Code:(4)
Message: Build asset version error: assets/scripts/ui/playerpanelui.cs in SourceAssetDB has modification time of '2026-09-16T09:00:09.2695907Z' while content on disk has modification time of '2026-09-16T09:00:15.7744939Z'
  ERROR: Build asset version error: assets/scripts/ui/playerpanelui.cs in SourceAssetDB has modification time of '2026-09-16T09:00:09.2695907Z' while content on disk has modification time of '2026-09-16T09:00:15.7744939Z'
Number of updated asset objects reloaded before import = 0Number of asset objects unloaded after import = 0

========================================================================
Received Import Request.
  Time since last request: 0.000030 seconds.
  path: Assets/Scripts/UI/PlayerPanelUI.cs
  artifactKey: Guid(afacdfdfe7572954f85b60af6e8dda54) Importer(815301076,1909f56bfc062723c751e8b465ee728b)
Start importing Assets/Scripts/UI/PlayerPanelUI.cs using Guid(afacdfdfe7572954f85b60af6e8dda54) Importer(815301076,1909f56bfc062723c751e8b465ee728b) (PreviewImporter) -> (artifact id: '00000000000000000000000000000000') in 0.0005951 seconds
Import Error Code:(4)
Message: Build asset version error: assets/scripts/ui/playerpanelui.cs in SourceAssetDB has modification time of '2026-09-16T09:00:09.2695907Z' while content on disk has modification time of '2026-09-16T09:00:15.7744939Z'
  ERROR: Build asset version error: assets/scripts/ui/playerpanelui.cs in SourceAssetDB has modification time of '2026-09-16T09:00:09.2695907Z' while content on disk has modification time of '2026-09-16T09:00:15.7744939Z'
Number of updated asset objects reloaded before import = 0Number of asset objects unloaded after import = 0

========================================================================
Received Import Request.
  Time since last request: 0.000026 seconds.
  path: Assets/Scripts/UI/PlayerPanelUI.cs
  artifactKey: Guid(afacdfdfe7572954f85b60af6e8dda54) Importer(815301076,1909f56bfc062723c751e8b465ee728b)
Start importing Assets/Scripts/UI/PlayerPanelUI.cs using Guid(afacdfdfe7572954f85b60af6e8dda54) Importer(815301076,1909f56bfc062723c751e8b465ee728b) (PreviewImporter) -> (artifact id: '00000000000000000000000000000000') in 0.0007425 seconds
Import Error Code:(4)
Message: Build asset version error: assets/scripts/ui/playerpanelui.cs in SourceAssetDB has modification time of '2026-09-16T09:00:09.2695907Z' while content on disk has modification time of '2026-09-16T09:00:15.7744939Z'
  ERROR: Build asset version error: assets/scripts/ui/playerpanelui.cs in SourceAssetDB has modification time of '2026-09-16T09:00:09.2695907Z' while content on disk has modification time of '2026-09-16T09:00:15.7744939Z'
Number of updated asset objects reloaded before import = 0Number of asset objects unloaded after import = 0

========================================================================
Received Import Request.
  Time since last request: 0.000022 seconds.
  path: Assets/Scripts/UI/PlayerPanelUI.cs
  artifactKey: Guid(afacdfdfe7572954f85b60af6e8dda54) Importer(815301076,1909f56bfc062723c751e8b465ee728b)
Start importing Assets/Scripts/UI/PlayerPanelUI.cs using Guid(afacdfdfe7572954f85b60af6e8dda54) Importer(815301076,1909f56bfc062723c751e8b465ee728b) (PreviewImporter) -> (artifact id: '00000000000000000000000000000000') in 0.0007121 seconds
Import Error Code:(4)
Message: Build asset version error: assets/scripts/ui/playerpanelui.cs in SourceAssetDB has modification time of '2026-09-16T09:00:09.2695907Z' while content on disk has modification time of '2026-09-16T09:00:15.7744939Z'
  ERROR: Build asset version error: assets/scripts/ui/playerpanelui.cs in SourceAssetDB has modification time of '2026-09-16T09:00:09.2695907Z' while content on disk has modification time of '2026-09-16T09:00:15.7744939Z'
Number of updated asset objects reloaded before import = 0Number of asset objects unloaded after import = 0

========================================================================
Received Import Request.
  Time since last request: 0.000022 seconds.
  path: Assets/Scripts/UI/PlayerPanelUI.cs
  artifactKey: Guid(afacdfdfe7572954f85b60af6e8dda54) Importer(815301076,1909f56bfc062723c751e8b465ee728b)
Start importing Assets/Scripts/UI/PlayerPanelUI.cs using Guid(afacdfdfe7572954f85b60af6e8dda54) Importer(815301076,1909f56bfc062723c751e8b465ee728b) (PreviewImporter) -> (artifact id: '00000000000000000000000000000000') in 0.0006458 seconds
Import Error Code:(4)
Message: Build asset version error: assets/scripts/ui/playerpanelui.cs in SourceAssetDB has modification time of '2026-09-16T09:00:09.2695907Z' while content on disk has modification time of '2026-09-16T09:00:15.7744939Z'
  ERROR: Build asset version error: assets/scripts/ui/playerpanelui.cs in SourceAssetDB has modification time of '2026-09-16T09:00:09.2695907Z' while content on disk has modification time of '2026-09-16T09:00:15.7744939Z'
Number of updated asset objects reloaded before import = 0Number of asset objects unloaded after import = 0

========================================================================
Received Import Request.
  Time since last request: 0.000021 seconds.
  path: Assets/Scripts/UI/PlayerPanelUI.cs
  artifactKey: Guid(afacdfdfe7572954f85b60af6e8dda54) Importer(815301076,1909f56bfc062723c751e8b465ee728b)
Start importing Assets/Scripts/UI/PlayerPanelUI.cs using Guid(afacdfdfe7572954f85b60af6e8dda54) Importer(815301076,1909f56bfc062723c751e8b465ee728b) (PreviewImporter) -> (artifact id: '00000000000000000000000000000000') in 0.0005729 seconds
Import Error Code:(4)
Message: Build asset version error: assets/scripts/ui/playerpanelui.cs in SourceAssetDB has modification time of '2026-09-16T09:00:09.2695907Z' while content on disk has modification time of '2026-09-16T09:00:15.7744939Z'
  ERROR: Build asset version error: assets/scripts/ui/playerpanelui.cs in SourceAssetDB has modification time of '2026-09-16T09:00:09.2695907Z' while content on disk has modification time of '2026-09-16T09:00:15.7744939Z'
Number of updated asset objects reloaded before import = 0Number of asset objects unloaded after import = 0

========================================================================
Received Import Request.
  Time since last request: 0.000021 seconds.
  path: Assets/Scripts/UI/PlayerPanelUI.cs
  artifactKey: Guid(afacdfdfe7572954f85b60af6e8dda54) Importer(815301076,1909f56bfc062723c751e8b465ee728b)
Start importing Assets/Scripts/UI/PlayerPanelUI.cs using Guid(afacdfdfe7572954f85b60af6e8dda54) Importer(815301076,1909f56bfc062723c751e8b465ee728b) (PreviewImporter) -> (artifact id: '00000000000000000000000000000000') in 0.0006557 seconds
Import Error Code:(4)
Message: Build asset version error: assets/scripts/ui/playerpanelui.cs in SourceAssetDB has modification time of '2026-09-16T09:00:09.2695907Z' while content on disk has modification time of '2026-09-16T09:00:15.7744939Z'
  ERROR: Build asset version error: assets/scripts/ui/playerpanelui.cs in SourceAssetDB has modification time of '2026-09-16T09:00:09.2695907Z' while content on disk has modification time of '2026-09-16T09:00:15.7744939Z'
Number of updated asset objects reloaded before import = 0Number of asset objects unloaded after import = 0

========================================================================
Received Import Request.
  Time since last request: 0.000035 seconds.
  path: Assets/Scripts/UI/PlayerPanelUI.cs
  artifactKey: Guid(afacdfdfe7572954f85b60af6e8dda54) Importer(815301076,1909f56bfc062723c751e8b465ee728b)
Start importing Assets/Scripts/UI/PlayerPanelUI.cs using Guid(afacdfdfe7572954f85b60af6e8dda54) Importer(815301076,1909f56bfc062723c751e8b465ee728b) (PreviewImporter) -> (artifact id: '00000000000000000000000000000000') in 0.000797 seconds
Import Error Code:(4)
Message: Build asset version error: assets/scripts/ui/playerpanelui.cs in SourceAssetDB has modification time of '2026-09-16T09:00:09.2695907Z' while content on disk has modification time of '2026-09-16T09:00:15.7744939Z'
  ERROR: Build asset version error: assets/scripts/ui/playerpanelui.cs in SourceAssetDB has modification time of '2026-09-16T09:00:09.2695907Z' while content on disk has modification time of '2026-09-16T09:00:15.7744939Z'
Number of updated asset objects reloaded before import = 0Number of asset objects unloaded after import = 0

========================================================================
Received Import Request.
  Time since last request: 0.000018 seconds.
  path: Assets/Scripts/UI/PlayerPanelUI.cs
  artifactKey: Guid(afacdfdfe7572954f85b60af6e8dda54) Importer(815301076,1909f56bfc062723c751e8b465ee728b)
Start importing Assets/Scripts/UI/PlayerPanelUI.cs using Guid(afacdfdfe7572954f85b60af6e8dda54) Importer(815301076,1909f56bfc062723c751e8b465ee728b) (PreviewImporter) -> (artifact id: '00000000000000000000000000000000') in 0.0006616 seconds
Import Error Code:(4)
Message: Build asset version error: assets/scripts/ui/playerpanelui.cs in SourceAssetDB has modification time of '2026-09-16T09:00:09.2695907Z' while content on disk has modification time of '2026-09-16T09:00:15.7744939Z'
  ERROR: Build asset version error: assets/scripts/ui/playerpanelui.cs in SourceAssetDB has modification time of '2026-09-16T09:00:09.2695907Z' while content on disk has modification time of '2026-09-16T09:00:15.7744939Z'
Number of updated asset objects reloaded before import = 0Number of asset objects unloaded after import = 0

========================================================================
Received Import Request.
  Time since last request: 0.000019 seconds.
  path: Assets/Scripts/UI/PlayerPanelUI.cs
  artifactKey: Guid(afacdfdfe7572954f85b60af6e8dda54) Importer(815301076,1909f56bfc062723c751e8b465ee728b)
Start importing Assets/Scripts/UI/PlayerPanelUI.cs using Guid(afacdfdfe7572954f85b60af6e8dda54) Importer(815301076,1909f56bfc062723c751e8b465ee728b) (PreviewImporter) -> (artifact id: '00000000000000000000000000000000') in 0.0007192 seconds
Import Error Code:(4)
Message: Build asset version error: assets/scripts/ui/playerpanelui.cs in SourceAssetDB has modification time of '2026-09-16T09:00:09.2695907Z' while content on disk has modification time of '2026-09-16T09:00:15.7744939Z'
  ERROR: Build asset version error: assets/scripts/ui/playerpanelui.cs in SourceAssetDB has modification time of '2026-09-16T09:00:09.2695907Z' while content on disk has modification time of '2026-09-16T09:00:15.7744939Z'
Number of updated asset objects reloaded before import = 0Number of asset objects unloaded after import = 0

========================================================================
Received Import Request.
  Time since last request: 0.000019 seconds.
  path: Assets/Scripts/UI/PlayerPanelUI.cs
  artifactKey: Guid(afacdfdfe7572954f85b60af6e8dda54) Importer(815301076,1909f56bfc062723c751e8b465ee728b)
Start importing Assets/Scripts/UI/PlayerPanelUI.cs using Guid(afacdfdfe7572954f85b60af6e8dda54) Importer(815301076,1909f56bfc062723c751e8b465ee728b) (PreviewImporter) -> (artifact id: '00000000000000000000000000000000') in 0.0006676 seconds
Import Error Code:(4)
Message: Build asset version error: assets/scripts/ui/playerpanelui.cs in SourceAssetDB has modification time of '2026-09-16T09:00:09.2695907Z' while content on disk has modification time of '2026-09-16T09:00:15.7744939Z'
  ERROR: Build asset version error: assets/scripts/ui/playerpanelui.cs in SourceAssetDB has modification time of '2026-09-16T09:00:09.2695907Z' while content on disk has modification time of '2026-09-16T09:00:15.7744939Z'
Number of updated asset objects reloaded before import = 0Number of asset objects unloaded after import = 0

========================================================================
Received Import Request.
  Time since last request: 0.000023 seconds.
  path: Assets/Scripts/UI/PlayerPanelUI.cs
  artifactKey: Guid(afacdfdfe7572954f85b60af6e8dda54) Importer(815301076,1909f56bfc062723c751e8b465ee728b)
Start importing Assets/Scripts/UI/PlayerPanelUI.cs using Guid(afacdfdfe7572954f85b60af6e8dda54) Importer(815301076,1909f56bfc062723c751e8b465ee728b) (PreviewImporter) -> (artifact id: '00000000000000000000000000000000') in 0.0006609 seconds
Import Error Code:(4)
Message: Build asset version error: assets/scripts/ui/playerpanelui.cs in SourceAssetDB has modification time of '2026-09-16T09:00:09.2695907Z' while content on disk has modification time of '2026-09-16T09:00:15.7744939Z'
  ERROR: Build asset version error: assets/scripts/ui/playerpanelui.cs in SourceAssetDB has modification time of '2026-09-16T09:00:09.2695907Z' while content on disk has modification time of '2026-09-16T09:00:15.7744939Z'
Number of updated asset objects reloaded before import = 0Number of asset objects unloaded after import = 0

========================================================================
Received Import Request.
  Time since last request: 0.000023 seconds.
  path: Assets/Scripts/UI/PlayerPanelUI.cs
  artifactKey: Guid(afacdfdfe7572954f85b60af6e8dda54) Importer(815301076,1909f56bfc062723c751e8b465ee728b)
Start importing Assets/Scripts/UI/PlayerPanelUI.cs using Guid(afacdfdfe7572954f85b60af6e8dda54) Importer(815301076,1909f56bfc062723c751e8b465ee728b) (PreviewImporter) -> (artifact id: '00000000000000000000000000000000') in 0.0006987 seconds
Import Error Code:(4)
Message: Build asset version error: assets/scripts/ui/playerpanelui.cs in SourceAssetDB has modification time of '2026-09-16T09:00:09.2695907Z' while content on disk has modification time of '2026-09-16T09:00:15.7744939Z'
  ERROR: Build asset version error: assets/scripts/ui/playerpanelui.cs in SourceAssetDB has modification time of '2026-09-16T09:00:09.2695907Z' while content on disk has modification time of '2026-09-16T09:00:15.7744939Z'
Number of updated asset objects reloaded before import = 0Number of asset objects unloaded after import = 0

========================================================================
Received Import Request.
  Time since last request: 0.000027 seconds.
  path: Assets/Scripts/UI/PlayerPanelUI.cs
  artifactKey: Guid(afacdfdfe7572954f85b60af6e8dda54) Importer(815301076,1909f56bfc062723c751e8b465ee728b)
Start importing Assets/Scripts/UI/PlayerPanelUI.cs using Guid(afacdfdfe7572954f85b60af6e8dda54) Importer(815301076,1909f56bfc062723c751e8b465ee728b) (PreviewImporter) -> (artifact id: '00000000000000000000000000000000') in 0.0006805 seconds
Import Error Code:(4)
Message: Build asset version error: assets/scripts/ui/playerpanelui.cs in SourceAssetDB has modification time of '2026-09-16T09:00:09.2695907Z' while content on disk has modification time of '2026-09-16T09:00:15.7744939Z'
  ERROR: Build asset version error: assets/scripts/ui/playerpanelui.cs in SourceAssetDB has modification time of '2026-09-16T09:00:09.2695907Z' while content on disk has modification time of '2026-09-16T09:00:15.7744939Z'
Number of updated asset objects reloaded before import = 0Number of asset objects unloaded after import = 0

========================================================================
Received Import Request.
  Time since last request: 0.000022 seconds.
  path: Assets/Scripts/UI/PlayerPanelUI.cs
  artifactKey: Guid(afacdfdfe7572954f85b60af6e8dda54) Importer(815301076,1909f56bfc062723c751e8b465ee728b)
Start importing Assets/Scripts/UI/PlayerPanelUI.cs using Guid(afacdfdfe7572954f85b60af6e8dda54) Importer(815301076,1909f56bfc062723c751e8b465ee728b) (PreviewImporter) -> (artifact id: '00000000000000000000000000000000') in 0.000716 seconds
Import Error Code:(4)
Message: Build asset version error: assets/scripts/ui/playerpanelui.cs in SourceAssetDB has modification time of '2026-09-16T09:00:09.2695907Z' while content on disk has modification time of '2026-09-16T09:00:15.7744939Z'
  ERROR: Build asset version error: assets/scripts/ui/playerpanelui.cs in SourceAssetDB has modification time of '2026-09-16T09:00:09.2695907Z' while content on disk has modification time of '2026-09-16T09:00:15.7744939Z'
Number of updated asset objects reloaded before import = 0Number of asset objects unloaded after import = 0

========================================================================
Received Import Request.
  Time since last request: 0.000019 seconds.
  path: Assets/Scripts/UI/PlayerPanelUI.cs
  artifactKey: Guid(afacdfdfe7572954f85b60af6e8dda54) Importer(815301076,1909f56bfc062723c751e8b465ee728b)
Start importing Assets/Scripts/UI/PlayerPanelUI.cs using Guid(afacdfdfe7572954f85b60af6e8dda54) Importer(815301076,1909f56bfc062723c751e8b465ee728b) (PreviewImporter) -> (artifact id: '00000000000000000000000000000000') in 0.0006845 seconds
Import Error Code:(4)
Message: Build asset version error: assets/scripts/ui/playerpanelui.cs in SourceAssetDB has modification time of '2026-09-16T09:00:09.2695907Z' while content on disk has modification time of '2026-09-16T09:00:15.7744939Z'
  ERROR: Build asset version error: assets/scripts/ui/playerpanelui.cs in SourceAssetDB has modification time of '2026-09-16T09:00:09.2695907Z' while content on disk has modification time of '2026-09-16T09:00:15.7744939Z'
Number of updated asset objects reloaded before import = 0Number of asset objects unloaded after import = 0

========================================================================
Received Import Request.
  Time since last request: 0.000017 seconds.
  path: Assets/Scripts/UI/PlayerPanelUI.cs
  artifactKey: Guid(afacdfdfe7572954f85b60af6e8dda54) Importer(815301076,1909f56bfc062723c751e8b465ee728b)
Start importing Assets/Scripts/UI/PlayerPanelUI.cs using Guid(afacdfdfe7572954f85b60af6e8dda54) Importer(815301076,1909f56bfc062723c751e8b465ee728b) (PreviewImporter) -> (artifact id: '00000000000000000000000000000000') in 0.0006004 seconds
Import Error Code:(4)
Message: Build asset version error: assets/scripts/ui/playerpanelui.cs in SourceAssetDB has modification time of '2026-09-16T09:00:09.2695907Z' while content on disk has modification time of '2026-09-16T09:00:15.7744939Z'
  ERROR: Build asset version error: assets/scripts/ui/playerpanelui.cs in SourceAssetDB has modification time of '2026-09-16T09:00:09.2695907Z' while content on disk has modification time of '2026-09-16T09:00:15.7744939Z'
Number of updated asset objects reloaded before import = 0Number of asset objects unloaded after import = 0

========================================================================
Received Import Request.
  Time since last request: 0.000017 seconds.
  path: Assets/Scripts/UI/PlayerPanelUI.cs
  artifactKey: Guid(afacdfdfe7572954f85b60af6e8dda54) Importer(815301076,1909f56bfc062723c751e8b465ee728b)
Start importing Assets/Scripts/UI/PlayerPanelUI.cs using Guid(afacdfdfe7572954f85b60af6e8dda54) Importer(815301076,1909f56bfc062723c751e8b465ee728b) (PreviewImporter) -> (artifact id: '00000000000000000000000000000000') in 0.0007366 seconds
Import Error Code:(4)
Message: Build asset version error: assets/scripts/ui/playerpanelui.cs in SourceAssetDB has modification time of '2026-09-16T09:00:09.2695907Z' while content on disk has modification time of '2026-09-16T09:00:15.7744939Z'
  ERROR: Build asset version error: assets/scripts/ui/playerpanelui.cs in SourceAssetDB has modification time of '2026-09-16T09:00:09.2695907Z' while content on disk has modification time of '2026-09-16T09:00:15.7744939Z'
Number of updated asset objects reloaded before import = 0Number of asset objects unloaded after import = 0

========================================================================
Received Import Request.
  Time since last request: 0.000027 seconds.
  path: Assets/Scripts/UI/PlayerPanelUI.cs
  artifactKey: Guid(afacdfdfe7572954f85b60af6e8dda54) Importer(815301076,1909f56bfc062723c751e8b465ee728b)
Start importing Assets/Scripts/UI/PlayerPanelUI.cs using Guid(afacdfdfe7572954f85b60af6e8dda54) Importer(815301076,1909f56bfc062723c751e8b465ee728b) (PreviewImporter) -> (artifact id: '00000000000000000000000000000000') in 0.0007236 seconds
Import Error Code:(4)
Message: Build asset version error: assets/scripts/ui/playerpanelui.cs in SourceAssetDB has modification time of '2026-09-16T09:00:09.2695907Z' while content on disk has modification time of '2026-09-16T09:00:15.7744939Z'
  ERROR: Build asset version error: assets/scripts/ui/playerpanelui.cs in SourceAssetDB has modification time of '2026-09-16T09:00:09.2695907Z' while content on disk has modification time of '2026-09-16T09:00:15.7744939Z'
Number of updated asset objects reloaded before import = 0Number of asset objects unloaded after import = 0

========================================================================
Received Import Request.
  Time since last request: 0.000040 seconds.
  path: Assets/Scripts/UI/PlayerPanelUI.cs
  artifactKey: Guid(afacdfdfe7572954f85b60af6e8dda54) Importer(815301076,1909f56bfc062723c751e8b465ee728b)
Start importing Assets/Scripts/UI/PlayerPanelUI.cs using Guid(afacdfdfe7572954f85b60af6e8dda54) Importer(815301076,1909f56bfc062723c751e8b465ee728b) (PreviewImporter) -> (artifact id: '00000000000000000000000000000000') in 0.0006253 seconds
Import Error Code:(4)
Message: Build asset version error: assets/scripts/ui/playerpanelui.cs in SourceAssetDB has modification time of '2026-09-16T09:00:09.2695907Z' while content on disk has modification time of '2026-09-16T09:00:15.7744939Z'
  ERROR: Build asset version error: assets/scripts/ui/playerpanelui.cs in SourceAssetDB has modification time of '2026-09-16T09:00:09.2695907Z' while content on disk has modification time of '2026-09-16T09:00:15.7744939Z'
Number of updated asset objects reloaded before import = 0Number of asset objects unloaded after import = 0

========================================================================
Received Import Request.
  Time since last request: 0.000022 seconds.
  path: Assets/Scripts/UI/PlayerPanelUI.cs
  artifactKey: Guid(afacdfdfe7572954f85b60af6e8dda54) Importer(815301076,1909f56bfc062723c751e8b465ee728b)
Start importing Assets/Scripts/UI/PlayerPanelUI.cs using Guid(afacdfdfe7572954f85b60af6e8dda54) Importer(815301076,1909f56bfc062723c751e8b465ee728b) (PreviewImporter) -> (artifact id: '00000000000000000000000000000000') in 0.0007428 seconds
Import Error Code:(4)
Message: Build asset version error: assets/scripts/ui/playerpanelui.cs in SourceAssetDB has modification time of '2026-09-16T09:00:09.2695907Z' while content on disk has modification time of '2026-09-16T09:00:15.7744939Z'
  ERROR: Build asset version error: assets/scripts/ui/playerpanelui.cs in SourceAssetDB has modification time of '2026-09-16T09:00:09.2695907Z' while content on disk has modification time of '2026-09-16T09:00:15.7744939Z'
Number of updated asset objects reloaded before import = 0Number of asset objects unloaded after import = 0

========================================================================
Received Import Request.
  Time since last request: 0.000021 seconds.
  path: Assets/Scripts/UI/PlayerPanelUI.cs
  artifactKey: Guid(afacdfdfe7572954f85b60af6e8dda54) Importer(815301076,1909f56bfc062723c751e8b465ee728b)
Start importing Assets/Scripts/UI/PlayerPanelUI.cs using Guid(afacdfdfe7572954f85b60af6e8dda54) Importer(815301076,1909f56bfc062723c751e8b465ee728b) (PreviewImporter) -> (artifact id: '00000000000000000000000000000000') in 0.0006593 seconds
Import Error Code:(4)
Message: Build asset version error: assets/scripts/ui/playerpanelui.cs in SourceAssetDB has modification time of '2026-09-16T09:00:09.2695907Z' while content on disk has modification time of '2026-09-16T09:00:15.7744939Z'
  ERROR: Build asset version error: assets/scripts/ui/playerpanelui.cs in SourceAssetDB has modification time of '2026-09-16T09:00:09.2695907Z' while content on disk has modification time of '2026-09-16T09:00:15.7744939Z'
Number of updated asset objects reloaded before import = 0Number of asset objects unloaded after import = 0

========================================================================
Received Import Request.
  Time since last request: 0.000018 seconds.
  path: Assets/Scripts/UI/PlayerPanelUI.cs
  artifactKey: Guid(afacdfdfe7572954f85b60af6e8dda54) Importer(815301076,1909f56bfc062723c751e8b465ee728b)
Start importing Assets/Scripts/UI/PlayerPanelUI.cs using Guid(afacdfdfe7572954f85b60af6e8dda54) Importer(815301076,1909f56bfc062723c751e8b465ee728b) (PreviewImporter) -> (artifact id: '00000000000000000000000000000000') in 0.000609 seconds
Import Error Code:(4)
Message: Build asset version error: assets/scripts/ui/playerpanelui.cs in SourceAssetDB has modification time of '2026-09-16T09:00:09.2695907Z' while content on disk has modification time of '2026-09-16T09:00:15.7744939Z'
  ERROR: Build asset version error: assets/scripts/ui/playerpanelui.cs in SourceAssetDB has modification time of '2026-09-16T09:00:09.2695907Z' while content on disk has modification time of '2026-09-16T09:00:15.7744939Z'
Number of updated asset objects reloaded before import = 0Number of asset objects unloaded after import = 0

========================================================================
Received Import Request.
  Time since last request: 0.000031 seconds.
  path: Assets/Scripts/UI/PlayerPanelUI.cs
  artifactKey: Guid(afacdfdfe7572954f85b60af6e8dda54) Importer(815301076,1909f56bfc062723c751e8b465ee728b)
Start importing Assets/Scripts/UI/PlayerPanelUI.cs using Guid(afacdfdfe7572954f85b60af6e8dda54) Importer(815301076,1909f56bfc062723c751e8b465ee728b) (PreviewImporter) -> (artifact id: '00000000000000000000000000000000') in 0.0007982 seconds
Import Error Code:(4)
Message: Build asset version error: assets/scripts/ui/playerpanelui.cs in SourceAssetDB has modification time of '2026-09-16T09:00:09.2695907Z' while content on disk has modification time of '2026-09-16T09:00:15.7744939Z'
  ERROR: Build asset version error: assets/scripts/ui/playerpanelui.cs in SourceAssetDB has modification time of '2026-09-16T09:00:09.2695907Z' while content on disk has modification time of '2026-09-16T09:00:15.7744939Z'
Number of updated asset objects reloaded before import = 0Number of asset objects unloaded after import = 0

========================================================================
Received Import Request.
  Time since last request: 0.000046 seconds.
  path: Assets/Scripts/UI/PlayerPanelUI.cs
  artifactKey: Guid(afacdfdfe7572954f85b60af6e8dda54) Importer(815301076,1909f56bfc062723c751e8b465ee728b)
Start importing Assets/Scripts/UI/PlayerPanelUI.cs using Guid(afacdfdfe7572954f85b60af6e8dda54) Importer(815301076,1909f56bfc062723c751e8b465ee728b) (PreviewImporter) -> (artifact id: '00000000000000000000000000000000') in 0.00067 seconds
Import Error Code:(4)
Message: Build asset version error: assets/scripts/ui/playerpanelui.cs in SourceAssetDB has modification time of '2026-09-16T09:00:09.2695907Z' while content on disk has modification time of '2026-09-16T09:00:15.7744939Z'
  ERROR: Build asset version error: assets/scripts/ui/playerpanelui.cs in SourceAssetDB has modification time of '2026-09-16T09:00:09.2695907Z' while content on disk has modification time of '2026-09-16T09:00:15.7744939Z'
Number of updated asset objects reloaded before import = 0Number of asset objects unloaded after import = 0

========================================================================
Received Import Request.
  Time since last request: 0.000029 seconds.
  path: Assets/Scripts/UI/PlayerPanelUI.cs
  artifactKey: Guid(afacdfdfe7572954f85b60af6e8dda54) Importer(815301076,1909f56bfc062723c751e8b465ee728b)
Start importing Assets/Scripts/UI/PlayerPanelUI.cs using Guid(afacdfdfe7572954f85b60af6e8dda54) Importer(815301076,1909f56bfc062723c751e8b465ee728b) (PreviewImporter) -> (artifact id: '00000000000000000000000000000000') in 0.0005993 seconds
Import Error Code:(4)
Message: Build asset version error: assets/scripts/ui/playerpanelui.cs in SourceAssetDB has modification time of '2026-09-16T09:00:09.2695907Z' while content on disk has modification time of '2026-09-16T09:00:15.7744939Z'
  ERROR: Build asset version error: assets/scripts/ui/playerpanelui.cs in SourceAssetDB has modification time of '2026-09-16T09:00:09.2695907Z' while content on disk has modification time of '2026-09-16T09:00:15.7744939Z'
Number of updated asset objects reloaded before import = 0Number of asset objects unloaded after import = 0

========================================================================
Received Import Request.
  Time since last request: 0.000017 seconds.
  path: Assets/Scripts/UI/PlayerPanelUI.cs
  artifactKey: Guid(afacdfdfe7572954f85b60af6e8dda54) Importer(815301076,1909f56bfc062723c751e8b465ee728b)
Start importing Assets/Scripts/UI/PlayerPanelUI.cs using Guid(afacdfdfe7572954f85b60af6e8dda54) Importer(815301076,1909f56bfc062723c751e8b465ee728b) (PreviewImporter) -> (artifact id: '00000000000000000000000000000000') in 0.0005995 seconds
Import Error Code:(4)
Message: Build asset version error: assets/scripts/ui/playerpanelui.cs in SourceAssetDB has modification time of '2026-09-16T09:00:09.2695907Z' while content on disk has modification time of '2026-09-16T09:00:15.7744939Z'
  ERROR: Build asset version error: assets/scripts/ui/playerpanelui.cs in SourceAssetDB has modification time of '2026-09-16T09:00:09.2695907Z' while content on disk has modification time of '2026-09-16T09:00:15.7744939Z'
Number of updated asset objects reloaded before import = 0Number of asset objects unloaded after import = 0

========================================================================
Received Import Request.
  Time since last request: 0.000018 seconds.
  path: Assets/Scripts/UI/PlayerPanelUI.cs
  artifactKey: Guid(afacdfdfe7572954f85b60af6e8dda54) Importer(815301076,1909f56bfc062723c751e8b465ee728b)
Start importing Assets/Scripts/UI/PlayerPanelUI.cs using Guid(afacdfdfe7572954f85b60af6e8dda54) Importer(815301076,1909f56bfc062723c751e8b465ee728b) (PreviewImporter) -> (artifact id: '00000000000000000000000000000000') in 0.0006264 seconds
Import Error Code:(4)
Message: Build asset version error: assets/scripts/ui/playerpanelui.cs in SourceAssetDB has modification time of '2026-09-16T09:00:09.2695907Z' while content on disk has modification time of '2026-09-16T09:00:15.7744939Z'
  ERROR: Build asset version error: assets/scripts/ui/playerpanelui.cs in SourceAssetDB has modification time of '2026-09-16T09:00:09.2695907Z' while content on disk has modification time of '2026-09-16T09:00:15.7744939Z'
Number of updated asset objects reloaded before import = 0Number of asset objects unloaded after import = 0

========================================================================
Received Import Request.
  Time since last request: 0.000018 seconds.
  path: Assets/Scripts/UI/PlayerPanelUI.cs
  artifactKey: Guid(afacdfdfe7572954f85b60af6e8dda54) Importer(815301076,1909f56bfc062723c751e8b465ee728b)
Start importing Assets/Scripts/UI/PlayerPanelUI.cs using Guid(afacdfdfe7572954f85b60af6e8dda54) Importer(815301076,1909f56bfc062723c751e8b465ee728b) (PreviewImporter) -> (artifact id: '00000000000000000000000000000000') in 0.0007463 seconds
Import Error Code:(4)
Message: Build asset version error: assets/scripts/ui/playerpanelui.cs in SourceAssetDB has modification time of '2026-09-16T09:00:09.2695907Z' while content on disk has modification time of '2026-09-16T09:00:15.7744939Z'
  ERROR: Build asset version error: assets/scripts/ui/playerpanelui.cs in SourceAssetDB has modification time of '2026-09-16T09:00:09.2695907Z' while content on disk has modification time of '2026-09-16T09:00:15.7744939Z'
Number of updated asset objects reloaded before import = 0Number of asset objects unloaded after import = 0

========================================================================
Received Import Request.
  Time since last request: 0.000021 seconds.
  path: Assets/Scripts/UI/PlayerPanelUI.cs
  artifactKey: Guid(afacdfdfe7572954f85b60af6e8dda54) Importer(815301076,1909f56bfc062723c751e8b465ee728b)
Start importing Assets/Scripts/UI/PlayerPanelUI.cs using Guid(afacdfdfe7572954f85b60af6e8dda54) Importer(815301076,1909f56bfc062723c751e8b465ee728b) (PreviewImporter) -> (artifact id: '00000000000000000000000000000000') in 0.0005858 seconds
Import Error Code:(4)
Message: Build asset version error: assets/scripts/ui/playerpanelui.cs in SourceAssetDB has modification time of '2026-09-16T09:00:09.2695907Z' while content on disk has modification time of '2026-09-16T09:00:15.7744939Z'
  ERROR: Build asset version error: assets/scripts/ui/playerpanelui.cs in SourceAssetDB has modification time of '2026-09-16T09:00:09.2695907Z' while content on disk has modification time of '2026-09-16T09:00:15.7744939Z'
Number of updated asset objects reloaded before import = 0Number of asset objects unloaded after import = 0

========================================================================
Received Import Request.
  Time since last request: 0.000034 seconds.
  path: Assets/Scripts/UI/PlayerPanelUI.cs
  artifactKey: Guid(afacdfdfe7572954f85b60af6e8dda54) Importer(815301076,1909f56bfc062723c751e8b465ee728b)
Start importing Assets/Scripts/UI/PlayerPanelUI.cs using Guid(afacdfdfe7572954f85b60af6e8dda54) Importer(815301076,1909f56bfc062723c751e8b465ee728b) (PreviewImporter) -> (artifact id: '00000000000000000000000000000000') in 0.0007579 seconds
Import Error Code:(4)
Message: Build asset version error: assets/scripts/ui/playerpanelui.cs in SourceAssetDB has modification time of '2026-09-16T09:00:09.2695907Z' while content on disk has modification time of '2026-09-16T09:00:15.7744939Z'
  ERROR: Build asset version error: assets/scripts/ui/playerpanelui.cs in SourceAssetDB has modification time of '2026-09-16T09:00:09.2695907Z' while content on disk has modification time of '2026-09-16T09:00:15.7744939Z'
Number of updated asset objects reloaded before import = 0Number of asset objects unloaded after import = 0

========================================================================
Received Import Request.
  Time since last request: 0.000026 seconds.
  path: Assets/Scripts/UI/PlayerPanelUI.cs
  artifactKey: Guid(afacdfdfe7572954f85b60af6e8dda54) Importer(815301076,1909f56bfc062723c751e8b465ee728b)
Start importing Assets/Scripts/UI/PlayerPanelUI.cs using Guid(afacdfdfe7572954f85b60af6e8dda54) Importer(815301076,1909f56bfc062723c751e8b465ee728b) (PreviewImporter) -> (artifact id: '00000000000000000000000000000000') in 0.0007875 seconds
Import Error Code:(4)
Message: Build asset version error: assets/scripts/ui/playerpanelui.cs in SourceAssetDB has modification time of '2026-09-16T09:00:09.2695907Z' while content on disk has modification time of '2026-09-16T09:00:15.7744939Z'
  ERROR: Build asset version error: assets/scripts/ui/playerpanelui.cs in SourceAssetDB has modification time of '2026-09-16T09:00:09.2695907Z' while content on disk has modification time of '2026-09-16T09:00:15.7744939Z'
Number of updated asset objects reloaded before import = 0Number of asset objects unloaded after import = 0

========================================================================
Received Import Request.
  Time since last request: 0.000016 seconds.
  path: Assets/Scripts/UI/PlayerPanelUI.cs
  artifactKey: Guid(afacdfdfe7572954f85b60af6e8dda54) Importer(815301076,1909f56bfc062723c751e8b465ee728b)
Start importing Assets/Scripts/UI/PlayerPanelUI.cs using Guid(afacdfdfe7572954f85b60af6e8dda54) Importer(815301076,1909f56bfc062723c751e8b465ee728b) (PreviewImporter) -> (artifact id: '00000000000000000000000000000000') in 0.0007213 seconds
Import Error Code:(4)
Message: Build asset version error: assets/scripts/ui/playerpanelui.cs in SourceAssetDB has modification time of '2026-09-16T09:00:09.2695907Z' while content on disk has modification time of '2026-09-16T09:00:15.7744939Z'
  ERROR: Build asset version error: assets/scripts/ui/playerpanelui.cs in SourceAssetDB has modification time of '2026-09-16T09:00:09.2695907Z' while content on disk has modification time of '2026-09-16T09:00:15.7744939Z'
Number of updated asset objects reloaded before import = 0Number of asset objects unloaded after import = 0

========================================================================
Received Import Request.
  Time since last request: 0.000022 seconds.
  path: Assets/Scripts/UI/PlayerPanelUI.cs
  artifactKey: Guid(afacdfdfe7572954f85b60af6e8dda54) Importer(815301076,1909f56bfc062723c751e8b465ee728b)
Start importing Assets/Scripts/UI/PlayerPanelUI.cs using Guid(afacdfdfe7572954f85b60af6e8dda54) Importer(815301076,1909f56bfc062723c751e8b465ee728b) (PreviewImporter) -> (artifact id: '00000000000000000000000000000000') in 0.0006313 seconds
Import Error Code:(4)
Message: Build asset version error: assets/scripts/ui/playerpanelui.cs in SourceAssetDB has modification time of '2026-09-16T09:00:09.2695907Z' while content on disk has modification time of '2026-09-16T09:00:15.7744939Z'
  ERROR: Build asset version error: assets/scripts/ui/playerpanelui.cs in SourceAssetDB has modification time of '2026-09-16T09:00:09.2695907Z' while content on disk has modification time of '2026-09-16T09:00:15.7744939Z'
Number of updated asset objects reloaded before import = 0Number of asset objects unloaded after import = 0

========================================================================
Received Import Request.
  Time since last request: 0.000023 seconds.
  path: Assets/Scripts/UI/PlayerPanelUI.cs
  artifactKey: Guid(afacdfdfe7572954f85b60af6e8dda54) Importer(815301076,1909f56bfc062723c751e8b465ee728b)
Start importing Assets/Scripts/UI/PlayerPanelUI.cs using Guid(afacdfdfe7572954f85b60af6e8dda54) Importer(815301076,1909f56bfc062723c751e8b465ee728b) (PreviewImporter) -> (artifact id: '00000000000000000000000000000000') in 0.0006012 seconds
Import Error Code:(4)
Message: Build asset version error: assets/scripts/ui/playerpanelui.cs in SourceAssetDB has modification time of '2026-09-16T09:00:09.2695907Z' while content on disk has modification time of '2026-09-16T09:00:15.7744939Z'
  ERROR: Build asset version error: assets/scripts/ui/playerpanelui.cs in SourceAssetDB has modification time of '2026-09-16T09:00:09.2695907Z' while content on disk has modification time of '2026-09-16T09:00:15.7744939Z'
Number of updated asset objects reloaded before import = 0Number of asset objects unloaded after import = 0

========================================================================
Received Import Request.
  Time since last request: 0.000020 seconds.
  path: Assets/Scripts/UI/PlayerPanelUI.cs
  artifactKey: Guid(afacdfdfe7572954f85b60af6e8dda54) Importer(815301076,1909f56bfc062723c751e8b465ee728b)
Start importing Assets/Scripts/UI/PlayerPanelUI.cs using Guid(afacdfdfe7572954f85b60af6e8dda54) Importer(815301076,1909f56bfc062723c751e8b465ee728b) (PreviewImporter) -> (artifact id: '00000000000000000000000000000000') in 0.0006404 seconds
Import Error Code:(4)
Message: Build asset version error: assets/scripts/ui/playerpanelui.cs in SourceAssetDB has modification time of '2026-09-16T09:00:09.2695907Z' while content on disk has modification time of '2026-09-16T09:00:15.7744939Z'
  ERROR: Build asset version error: assets/scripts/ui/playerpanelui.cs in SourceAssetDB has modification time of '2026-09-16T09:00:09.2695907Z' while content on disk has modification time of '2026-09-16T09:00:15.7744939Z'
Number of updated asset objects reloaded before import = 0Number of asset objects unloaded after import = 0

========================================================================
Received Import Request.
  Time since last request: 0.000031 seconds.
  path: Assets/Scripts/UI/PlayerPanelUI.cs
  artifactKey: Guid(afacdfdfe7572954f85b60af6e8dda54) Importer(815301076,1909f56bfc062723c751e8b465ee728b)
Start importing Assets/Scripts/UI/PlayerPanelUI.cs using Guid(afacdfdfe7572954f85b60af6e8dda54) Importer(815301076,1909f56bfc062723c751e8b465ee728b) (PreviewImporter) -> (artifact id: '00000000000000000000000000000000') in 0.000943 seconds
Import Error Code:(4)
Message: Build asset version error: assets/scripts/ui/playerpanelui.cs in SourceAssetDB has modification time of '2026-09-16T09:00:09.2695907Z' while content on disk has modification time of '2026-09-16T09:00:15.7744939Z'
  ERROR: Build asset version error: assets/scripts/ui/playerpanelui.cs in SourceAssetDB has modification time of '2026-09-16T09:00:09.2695907Z' while content on disk has modification time of '2026-09-16T09:00:15.7744939Z'
Number of updated asset objects reloaded before import = 0Number of asset objects unloaded after import = 0

========================================================================
Received Import Request.
  Time since last request: 0.000027 seconds.
  path: Assets/Scripts/UI/PlayerPanelUI.cs
  artifactKey: Guid(afacdfdfe7572954f85b60af6e8dda54) Importer(815301076,1909f56bfc062723c751e8b465ee728b)
Start importing Assets/Scripts/UI/PlayerPanelUI.cs using Guid(afacdfdfe7572954f85b60af6e8dda54) Importer(815301076,1909f56bfc062723c751e8b465ee728b) (PreviewImporter) -> (artifact id: '00000000000000000000000000000000') in 0.0007719 seconds
Import Error Code:(4)
Message: Build asset version error: assets/scripts/ui/playerpanelui.cs in SourceAssetDB has modification time of '2026-09-16T09:00:09.2695907Z' while content on disk has modification time of '2026-09-16T09:00:15.7744939Z'
  ERROR: Build asset version error: assets/scripts/ui/playerpanelui.cs in SourceAssetDB has modification time of '2026-09-16T09:00:09.2695907Z' while content on disk has modification time of '2026-09-16T09:00:15.7744939Z'
Number of updated asset objects reloaded before import = 0Number of asset objects unloaded after import = 0

========================================================================
Received Import Request.
  Time since last request: 0.000028 seconds.
  path: Assets/Scripts/UI/PlayerPanelUI.cs
  artifactKey: Guid(afacdfdfe7572954f85b60af6e8dda54) Importer(815301076,1909f56bfc062723c751e8b465ee728b)
Start importing Assets/Scripts/UI/PlayerPanelUI.cs using Guid(afacdfdfe7572954f85b60af6e8dda54) Importer(815301076,1909f56bfc062723c751e8b465ee728b) (PreviewImporter) -> (artifact id: '00000000000000000000000000000000') in 0.0006726 seconds
Import Error Code:(4)
Message: Build asset version error: assets/scripts/ui/playerpanelui.cs in SourceAssetDB has modification time of '2026-09-16T09:00:09.2695907Z' while content on disk has modification time of '2026-09-16T09:00:15.7744939Z'
  ERROR: Build asset version error: assets/scripts/ui/playerpanelui.cs in SourceAssetDB has modification time of '2026-09-16T09:00:09.2695907Z' while content on disk has modification time of '2026-09-16T09:00:15.7744939Z'
Number of updated asset objects reloaded before import = 0Number of asset objects unloaded after import = 0

========================================================================
Received Import Request.
  Time since last request: 0.000024 seconds.
  path: Assets/Scripts/UI/PlayerPanelUI.cs
  artifactKey: Guid(afacdfdfe7572954f85b60af6e8dda54) Importer(815301076,1909f56bfc062723c751e8b465ee728b)
Start importing Assets/Scripts/UI/PlayerPanelUI.cs using Guid(afacdfdfe7572954f85b60af6e8dda54) Importer(815301076,1909f56bfc062723c751e8b465ee728b) (PreviewImporter) -> (artifact id: '00000000000000000000000000000000') in 0.0007164 seconds
Import Error Code:(4)
Message: Build asset version error: assets/scripts/ui/playerpanelui.cs in SourceAssetDB has modification time of '2026-09-16T09:00:09.2695907Z' while content on disk has modification time of '2026-09-16T09:00:15.7744939Z'
  ERROR: Build asset version error: assets/scripts/ui/playerpanelui.cs in SourceAssetDB has modification time of '2026-09-16T09:00:09.2695907Z' while content on disk has modification time of '2026-09-16T09:00:15.7744939Z'
Number of updated asset objects reloaded before import = 0Number of asset objects unloaded after import = 0

========================================================================
Received Import Request.
  Time since last request: 0.000024 seconds.
  path: Assets/Scripts/UI/PlayerPanelUI.cs
  artifactKey: Guid(afacdfdfe7572954f85b60af6e8dda54) Importer(815301076,1909f56bfc062723c751e8b465ee728b)
Start importing Assets/Scripts/UI/PlayerPanelUI.cs using Guid(afacdfdfe7572954f85b60af6e8dda54) Importer(815301076,1909f56bfc062723c751e8b465ee728b) (PreviewImporter) -> (artifact id: '00000000000000000000000000000000') in 0.0006356 seconds
Import Error Code:(4)
Message: Build asset version error: assets/scripts/ui/playerpanelui.cs in SourceAssetDB has modification time of '2026-09-16T09:00:09.2695907Z' while content on disk has modification time of '2026-09-16T09:00:15.7744939Z'
  ERROR: Build asset version error: assets/scripts/ui/playerpanelui.cs in SourceAssetDB has modification time of '2026-09-16T09:00:09.2695907Z' while content on disk has modification time of '2026-09-16T09:00:15.7744939Z'
Number of updated asset objects reloaded before import = 0Number of asset objects unloaded after import = 0

========================================================================
Received Import Request.
  Time since last request: 0.000043 seconds.
  path: Assets/Scripts/UI/PlayerPanelUI.cs
  artifactKey: Guid(afacdfdfe7572954f85b60af6e8dda54) Importer(815301076,1909f56bfc062723c751e8b465ee728b)
Start importing Assets/Scripts/UI/PlayerPanelUI.cs using Guid(afacdfdfe7572954f85b60af6e8dda54) Importer(815301076,1909f56bfc062723c751e8b465ee728b) (PreviewImporter) -> (artifact id: '00000000000000000000000000000000') in 0.0006228 seconds
Import Error Code:(4)
Message: Build asset version error: assets/scripts/ui/playerpanelui.cs in SourceAssetDB has modification time of '2026-09-16T09:00:09.2695907Z' while content on disk has modification time of '2026-09-16T09:00:15.7744939Z'
  ERROR: Build asset version error: assets/scripts/ui/playerpanelui.cs in SourceAssetDB has modification time of '2026-09-16T09:00:09.2695907Z' while content on disk has modification time of '2026-09-16T09:00:15.7744939Z'
Number of updated asset objects reloaded before import = 0Number of asset objects unloaded after import = 0

========================================================================
Received Import Request.
  Time since last request: 0.000023 seconds.
  path: Assets/Scripts/UI/PlayerPanelUI.cs
  artifactKey: Guid(afacdfdfe7572954f85b60af6e8dda54) Importer(815301076,1909f56bfc062723c751e8b465ee728b)
Start importing Assets/Scripts/UI/PlayerPanelUI.cs using Guid(afacdfdfe7572954f85b60af6e8dda54) Importer(815301076,1909f56bfc062723c751e8b465ee728b) (PreviewImporter) -> (artifact id: '00000000000000000000000000000000') in 0.000594 seconds
Import Error Code:(4)
Message: Build asset version error: assets/scripts/ui/playerpanelui.cs in SourceAssetDB has modification time of '2026-09-16T09:00:09.2695907Z' while content on disk has modification time of '2026-09-16T09:00:15.7744939Z'
  ERROR: Build asset version error: assets/scripts/ui/playerpanelui.cs in SourceAssetDB has modification time of '2026-09-16T09:00:09.2695907Z' while content on disk has modification time of '2026-09-16T09:00:15.7744939Z'
Number of updated asset objects reloaded before import = 0Number of asset objects unloaded after import = 0

========================================================================
Received Import Request.
  Time since last request: 0.000017 seconds.
  path: Assets/Scripts/UI/PlayerPanelUI.cs
  artifactKey: Guid(afacdfdfe7572954f85b60af6e8dda54) Importer(815301076,1909f56bfc062723c751e8b465ee728b)
Start importing Assets/Scripts/UI/PlayerPanelUI.cs using Guid(afacdfdfe7572954f85b60af6e8dda54) Importer(815301076,1909f56bfc062723c751e8b465ee728b) (PreviewImporter) -> (artifact id: '00000000000000000000000000000000') in 0.0006902 seconds
Import Error Code:(4)
Message: Build asset version error: assets/scripts/ui/playerpanelui.cs in SourceAssetDB has modification time of '2026-09-16T09:00:09.2695907Z' while content on disk has modification time of '2026-09-16T09:00:15.7744939Z'
  ERROR: Build asset version error: assets/scripts/ui/playerpanelui.cs in SourceAssetDB has modification time of '2026-09-16T09:00:09.2695907Z' while content on disk has modification time of '2026-09-16T09:00:15.7744939Z'
Number of updated asset objects reloaded before import = 0Number of asset objects unloaded after import = 0

========================================================================
Received Import Request.
  Time since last request: 0.000019 seconds.
  path: Assets/Scripts/UI/PlayerPanelUI.cs
  artifactKey: Guid(afacdfdfe7572954f85b60af6e8dda54) Importer(815301076,1909f56bfc062723c751e8b465ee728b)
Start importing Assets/Scripts/UI/PlayerPanelUI.cs using Guid(afacdfdfe7572954f85b60af6e8dda54) Importer(815301076,1909f56bfc062723c751e8b465ee728b) (PreviewImporter) -> (artifact id: '00000000000000000000000000000000') in 0.0006418 seconds
Import Error Code:(4)
Message: Build asset version error: assets/scripts/ui/playerpanelui.cs in SourceAssetDB has modification time of '2026-09-16T09:00:09.2695907Z' while content on disk has modification time of '2026-09-16T09:00:15.7744939Z'
  ERROR: Build asset version error: assets/scripts/ui/playerpanelui.cs in SourceAssetDB has modification time of '2026-09-16T09:00:09.2695907Z' while content on disk has modification time of '2026-09-16T09:00:15.7744939Z'
Number of updated asset objects reloaded before import = 0Number of asset objects unloaded after import = 0

========================================================================
Received Import Request.
  Time since last request: 0.000019 seconds.
  path: Assets/Scripts/UI/PlayerPanelUI.cs
  artifactKey: Guid(afacdfdfe7572954f85b60af6e8dda54) Importer(815301076,1909f56bfc062723c751e8b465ee728b)
Start importing Assets/Scripts/UI/PlayerPanelUI.cs using Guid(afacdfdfe7572954f85b60af6e8dda54) Importer(815301076,1909f56bfc062723c751e8b465ee728b) (PreviewImporter) -> (artifact id: '00000000000000000000000000000000') in 0.0005566 seconds
Import Error Code:(4)
Message: Build asset version error: assets/scripts/ui/playerpanelui.cs in SourceAssetDB has modification time of '2026-09-16T09:00:09.2695907Z' while content on disk has modification time of '2026-09-16T09:00:15.7744939Z'
  ERROR: Build asset version error: assets/scripts/ui/playerpanelui.cs in SourceAssetDB has modification time of '2026-09-16T09:00:09.2695907Z' while content on disk has modification time of '2026-09-16T09:00:15.7744939Z'
Number of updated asset objects reloaded before import = 0Number of asset objects unloaded after import = 0

========================================================================
Received Import Request.
  Time since last request: 0.000020 seconds.
  path: Assets/Scripts/UI/PlayerPanelUI.cs
  artifactKey: Guid(afacdfdfe7572954f85b60af6e8dda54) Importer(815301076,1909f56bfc062723c751e8b465ee728b)
Start importing Assets/Scripts/UI/PlayerPanelUI.cs using Guid(afacdfdfe7572954f85b60af6e8dda54) Importer(815301076,1909f56bfc062723c751e8b465ee728b) (PreviewImporter) -> (artifact id: '00000000000000000000000000000000') in 0.000598 seconds
Import Error Code:(4)
Message: Build asset version error: assets/scripts/ui/playerpanelui.cs in SourceAssetDB has modification time of '2026-09-16T09:00:09.2695907Z' while content on disk has modification time of '2026-09-16T09:00:15.7744939Z'
  ERROR: Build asset version error: assets/scripts/ui/playerpanelui.cs in SourceAssetDB has modification time of '2026-09-16T09:00:09.2695907Z' while content on disk has modification time of '2026-09-16T09:00:15.7744939Z'
Number of updated asset objects reloaded before import = 0Number of asset objects unloaded after import = 0

========================================================================
Received Import Request.
  Time since last request: 0.000030 seconds.
  path: Assets/Scripts/UI/PlayerPanelUI.cs
  artifactKey: Guid(afacdfdfe7572954f85b60af6e8dda54) Importer(815301076,1909f56bfc062723c751e8b465ee728b)
Start importing Assets/Scripts/UI/PlayerPanelUI.cs using Guid(afacdfdfe7572954f85b60af6e8dda54) Importer(815301076,1909f56bfc062723c751e8b465ee728b) (PreviewImporter) -> (artifact id: '00000000000000000000000000000000') in 0.0006028 seconds
Import Error Code:(4)
Message: Build asset version error: assets/scripts/ui/playerpanelui.cs in SourceAssetDB has modification time of '2026-09-16T09:00:09.2695907Z' while content on disk has modification time of '2026-09-16T09:00:15.7744939Z'
  ERROR: Build asset version error: assets/scripts/ui/playerpanelui.cs in SourceAssetDB has modification time of '2026-09-16T09:00:09.2695907Z' while content on disk has modification time of '2026-09-16T09:00:15.7744939Z'
Number of updated asset objects reloaded before import = 0Number of asset objects unloaded after import = 0

========================================================================
Received Import Request.
  Time since last request: 0.000019 seconds.
  path: Assets/Scripts/UI/PlayerPanelUI.cs
  artifactKey: Guid(afacdfdfe7572954f85b60af6e8dda54) Importer(815301076,1909f56bfc062723c751e8b465ee728b)
Start importing Assets/Scripts/UI/PlayerPanelUI.cs using Guid(afacdfdfe7572954f85b60af6e8dda54) Importer(815301076,1909f56bfc062723c751e8b465ee728b) (PreviewImporter) -> (artifact id: '00000000000000000000000000000000') in 0.0006556 seconds
Import Error Code:(4)
Message: Build asset version error: assets/scripts/ui/playerpanelui.cs in SourceAssetDB has modification time of '2026-09-16T09:00:09.2695907Z' while content on disk has modification time of '2026-09-16T09:00:15.7744939Z'
  ERROR: Build asset version error: assets/scripts/ui/playerpanelui.cs in SourceAssetDB has modification time of '2026-09-16T09:00:09.2695907Z' while content on disk has modification time of '2026-09-16T09:00:15.7744939Z'
Number of updated asset objects reloaded before import = 0Number of asset objects unloaded after import = 0

========================================================================
Received Import Request.
  Time since last request: 0.000021 seconds.
  path: Assets/Scripts/UI/PlayerPanelUI.cs
  artifactKey: Guid(afacdfdfe7572954f85b60af6e8dda54) Importer(815301076,1909f56bfc062723c751e8b465ee728b)
Start importing Assets/Scripts/UI/PlayerPanelUI.cs using Guid(afacdfdfe7572954f85b60af6e8dda54) Importer(815301076,1909f56bfc062723c751e8b465ee728b) (PreviewImporter) -> (artifact id: '00000000000000000000000000000000') in 0.0006535 seconds
Import Error Code:(4)
Message: Build asset version error: assets/scripts/ui/playerpanelui.cs in SourceAssetDB has modification time of '2026-09-16T09:00:09.2695907Z' while content on disk has modification time of '2026-09-16T09:00:15.7744939Z'
  ERROR: Build asset version error: assets/scripts/ui/playerpanelui.cs in SourceAssetDB has modification time of '2026-09-16T09:00:09.2695907Z' while content on disk has modification time of '2026-09-16T09:00:15.7744939Z'
Number of updated asset objects reloaded before import = 0Number of asset objects unloaded after import = 0

========================================================================
Received Import Request.
  Time since last request: 0.000021 seconds.
  path: Assets/Scripts/UI/PlayerPanelUI.cs
  artifactKey: Guid(afacdfdfe7572954f85b60af6e8dda54) Importer(815301076,1909f56bfc062723c751e8b465ee728b)
Start importing Assets/Scripts/UI/PlayerPanelUI.cs using Guid(afacdfdfe7572954f85b60af6e8dda54) Importer(815301076,1909f56bfc062723c751e8b465ee728b) (PreviewImporter) -> (artifact id: '00000000000000000000000000000000') in 0.0006891 seconds
Import Error Code:(4)
Message: Build asset version error: assets/scripts/ui/playerpanelui.cs in SourceAssetDB has modification time of '2026-09-16T09:00:09.2695907Z' while content on disk has modification time of '2026-09-16T09:00:15.7744939Z'
  ERROR: Build asset version error: assets/scripts/ui/playerpanelui.cs in SourceAssetDB has modification time of '2026-09-16T09:00:09.2695907Z' while content on disk has modification time of '2026-09-16T09:00:15.7744939Z'
Number of updated asset objects reloaded before import = 0Number of asset objects unloaded after import = 0

========================================================================
Received Import Request.
  Time since last request: 0.000023 seconds.
  path: Assets/Scripts/UI/PlayerPanelUI.cs
  artifactKey: Guid(afacdfdfe7572954f85b60af6e8dda54) Importer(815301076,1909f56bfc062723c751e8b465ee728b)
Start importing Assets/Scripts/UI/PlayerPanelUI.cs using Guid(afacdfdfe7572954f85b60af6e8dda54) Importer(815301076,1909f56bfc062723c751e8b465ee728b) (PreviewImporter) -> (artifact id: '00000000000000000000000000000000') in 0.0006092 seconds
Import Error Code:(4)
Message: Build asset version error: assets/scripts/ui/playerpanelui.cs in SourceAssetDB has modification time of '2026-09-16T09:00:09.2695907Z' while content on disk has modification time of '2026-09-16T09:00:15.7744939Z'
  ERROR: Build asset version error: assets/scripts/ui/playerpanelui.cs in SourceAssetDB has modification time of '2026-09-16T09:00:09.2695907Z' while content on disk has modification time of '2026-09-16T09:00:15.7744939Z'
Number of updated asset objects reloaded before import = 0Number of asset objects unloaded after import = 0

========================================================================
Received Import Request.
  Time since last request: 0.000039 seconds.
  path: Assets/Scripts/UI/PlayerPanelUI.cs
  artifactKey: Guid(afacdfdfe7572954f85b60af6e8dda54) Importer(815301076,1909f56bfc062723c751e8b465ee728b)
Start importing Assets/Scripts/UI/PlayerPanelUI.cs using Guid(afacdfdfe7572954f85b60af6e8dda54) Importer(815301076,1909f56bfc062723c751e8b465ee728b) (PreviewImporter) -> (artifact id: '00000000000000000000000000000000') in 0.0007151 seconds
Import Error Code:(4)
Message: Build asset version error: assets/scripts/ui/playerpanelui.cs in SourceAssetDB has modification time of '2026-09-16T09:00:09.2695907Z' while content on disk has modification time of '2026-09-16T09:00:15.7744939Z'
  ERROR: Build asset version error: assets/scripts/ui/playerpanelui.cs in SourceAssetDB has modification time of '2026-09-16T09:00:09.2695907Z' while content on disk has modification time of '2026-09-16T09:00:15.7744939Z'
Number of updated asset objects reloaded before import = 0Number of asset objects unloaded after import = 0

========================================================================
Received Import Request.
  Time since last request: 0.000022 seconds.
  path: Assets/Scripts/UI/PlayerPanelUI.cs
  artifactKey: Guid(afacdfdfe7572954f85b60af6e8dda54) Importer(815301076,1909f56bfc062723c751e8b465ee728b)
Start importing Assets/Scripts/UI/PlayerPanelUI.cs using Guid(afacdfdfe7572954f85b60af6e8dda54) Importer(815301076,1909f56bfc062723c751e8b465ee728b) (PreviewImporter) -> (artifact id: '00000000000000000000000000000000') in 0.0007191 seconds
Import Error Code:(4)
Message: Build asset version error: assets/scripts/ui/playerpanelui.cs in SourceAssetDB has modification time of '2026-09-16T09:00:09.2695907Z' while content on disk has modification time of '2026-09-16T09:00:15.7744939Z'
  ERROR: Build asset version error: assets/scripts/ui/playerpanelui.cs in SourceAssetDB has modification time of '2026-09-16T09:00:09.2695907Z' while content on disk has modification time of '2026-09-16T09:00:15.7744939Z'
Number of updated asset objects reloaded before import = 0Number of asset objects unloaded after import = 0

========================================================================
Received Import Request.
  Time since last request: 0.000018 seconds.
  path: Assets/Scripts/UI/PlayerPanelUI.cs
  artifactKey: Guid(afacdfdfe7572954f85b60af6e8dda54) Importer(815301076,1909f56bfc062723c751e8b465ee728b)
Start importing Assets/Scripts/UI/PlayerPanelUI.cs using Guid(afacdfdfe7572954f85b60af6e8dda54) Importer(815301076,1909f56bfc062723c751e8b465ee728b) (PreviewImporter) -> (artifact id: '00000000000000000000000000000000') in 0.0006867 seconds
Import Error Code:(4)
Message: Build asset version error: assets/scripts/ui/playerpanelui.cs in SourceAssetDB has modification time of '2026-09-16T09:00:09.2695907Z' while content on disk has modification time of '2026-09-16T09:00:15.7744939Z'
  ERROR: Build asset version error: assets/scripts/ui/playerpanelui.cs in SourceAssetDB has modification time of '2026-09-16T09:00:09.2695907Z' while content on disk has modification time of '2026-09-16T09:00:15.7744939Z'
Number of updated asset objects reloaded before import = 0Number of asset objects unloaded after import = 0

========================================================================
Received Import Request.
  Time since last request: 0.269549 seconds.
  path: Assets/Scripts/UI/PlayerPanelUI.cs
  artifactKey: Guid(afacdfdfe7572954f85b60af6e8dda54) Importer(815301076,1909f56bfc062723c751e8b465ee728b)
Start importing Assets/Scripts/UI/PlayerPanelUI.cs using Guid(afacdfdfe7572954f85b60af6e8dda54) Importer(815301076,1909f56bfc062723c751e8b465ee728b) (PreviewImporter) -> (artifact id: '00000000000000000000000000000000') in 0.0005923 seconds
Import Error Code:(4)
Message: Build asset version error: assets/scripts/ui/playerpanelui.cs in SourceAssetDB has modification time of '2026-09-16T09:00:09.2695907Z' while content on disk has modification time of '2026-09-16T09:00:15.7744939Z'
  ERROR: Build asset version error: assets/scripts/ui/playerpanelui.cs in SourceAssetDB has modification time of '2026-09-16T09:00:09.2695907Z' while content on disk has modification time of '2026-09-16T09:00:15.7744939Z'
Number of updated asset objects reloaded before import = 0Number of asset objects unloaded after import = 0

========================================================================
Received Prepare
Begin MonoManager ReloadAssembly
- Loaded All Assemblies, in  0.961 seconds
Refreshing native plugins compatible for Editor in 2.69 ms, found 5 plugins.
Native extension for WindowsStandalone target not found
[Package Manager] Failed to launch server process. Reason: Unity was launched with the -noUpm command-line argument
[Package Manager] Unable to send message (not connected to server process).
[Package Manager] Cannot connect to Unity Package Manager local server
[Package Manager] Failed to launch server process. Reason: Unity was launched with the -noUpm command-line argument
[Package Manager] Unable to send message (not connected to server process).
[Package Manager] Cannot connect to Unity Package Manager local server
ScheduleIndexationOnStartup MainProcess:False IndexOnStartup:True
Mono: successfully reloaded assembly
- Finished resetting the current domain, in  0.818 seconds
Domain Reload Profiling: 1783ms
	BeginReloadAssembly (285ms)
		ExecutionOrderSort (0ms)
		DisableScriptedObjects (18ms)
		BackupInstance (0ms)
		ReleaseScriptingObjects (0ms)
		CreateAndSetChildDomain (56ms)
	RebuildCommonClasses (44ms)
	RebuildNativeTypeToScriptingClass (22ms)
	initialDomainReloadingComplete (28ms)
	LoadAllAssembliesAndSetupDomain (586ms)
		LoadAssemblies (433ms)
		RebuildTransferFunctionScriptingTraits (0ms)
		AnalyzeDomain (300ms)
			TypeCache.Refresh (14ms)
				TypeCache.ScanAssembly (0ms)
			BuildScriptInfoCaches (263ms)
			ResolveRequiredComponents (16ms)
	FinalizeReload (819ms)
		ReleaseScriptCaches (0ms)
		RebuildScriptCaches (0ms)
		SetupLoadedEditorAssemblies (616ms)
			LogAssemblyErrors (0ms)
			InitializePlatformSupportModulesInManaged (3ms)
			SetLoadedEditorAssemblies (5ms)
			BeforeProcessingInitializeOnLoad (160ms)
			ProcessInitializeOnLoadAttributes (367ms)
			ProcessInitializeOnLoadMethodAttributes (79ms)
			AfterProcessingInitializeOnLoad (2ms)
			EditorAssembliesLoaded (0ms)
		ExecutionOrderSort2 (0ms)
		AwakeInstancesAfterBackupRestoration (15ms)
Refreshing native plugins compatible for Editor in 2.46 ms, found 5 plugins.
Preloading 0 native plugins for Editor in 0.00 ms.
Unloading 16 Unused Serialized files (Serialized files now loaded: 0)
Unloading 7190 unused Assets / (4.5 MB). Loaded Objects now: 8100.
Memory consumption went from 160.2 MB to 155.8 MB.
Total: 10.409900 ms (FindLiveObjects: 1.069400 ms CreateObjectMapping: 0.421900 ms MarkObjects: 5.750000 ms  DeleteObjects: 3.167000 ms)

Prepare: number of updated asset objects reloaded= 0
========================================================================
Received Import Request.
  Time since last request: 7.306807 seconds.
  path: Assets/Scripts/UI/PlayerPanelUI.cs
  artifactKey: Guid(afacdfdfe7572954f85b60af6e8dda54) Importer(815301076,1909f56bfc062723c751e8b465ee728b)
Start importing Assets/Scripts/UI/PlayerPanelUI.cs using Guid(afacdfdfe7572954f85b60af6e8dda54) Importer(815301076,1909f56bfc062723c751e8b465ee728b) (PreviewImporter) -> (artifact id: '63facc1e586ff07fae5c8514a90f54ae') in 0.008638 seconds
Number of updated asset objects reloaded before import = 0Number of asset objects unloaded after import = 0

========================================================================
Received Import Request.
  Time since last request: 1.410750 seconds.
  path: Assets/Scripts/UI/PlayerPanelUI.cs
  artifactKey: Guid(afacdfdfe7572954f85b60af6e8dda54) Importer(2089858483,b0f066a214c2f5e87bad3c948f4d605d)
Start importing Assets/Scripts/UI/PlayerPanelUI.cs using Guid(afacdfdfe7572954f85b60af6e8dda54) Importer(2089858483,b0f066a214c2f5e87bad3c948f4d605d) (ScriptedImporter) -> (artifact id: '6f99ebbd226db57f5d5a66513635ad9d') in 0.0847079 seconds
Number of updated asset objects reloaded before import = 0Number of asset objects unloaded after import = 0

========================================================================
Received Prepare
Refreshing native plugins compatible for Editor in 3.59 ms, found 5 plugins.
Preloading 0 native plugins for Editor in 0.00 ms.
Unloading 16 Unused Serialized files (Serialized files now loaded: 0)
Unloading 7176 unused Assets / (3.8 MB). Loaded Objects now: 8101.
Memory consumption went from 160.4 MB to 156.6 MB.
Total: 9.688100 ms (FindLiveObjects: 1.121900 ms CreateObjectMapping: 0.449800 ms MarkObjects: 5.595100 ms  DeleteObjects: 2.519900 ms)

Prepare: number of updated asset objects reloaded= 0
========================================================================
Received Import Request.
  Time since last request: 1.006812 seconds.
  path: Assets/Scripts/UI/RoleControlUI1.cs
  artifactKey: Guid(5064f4c644ed6c243945b34f72a14941) Importer(815301076,1909f56bfc062723c751e8b465ee728b)
Start importing Assets/Scripts/UI/RoleControlUI1.cs using Guid(5064f4c644ed6c243945b34f72a14941) Importer(815301076,1909f56bfc062723c751e8b465ee728b) (PreviewImporter) -> (artifact id: 'f4234d80a49dbc0d24a979174dccb41b') in 0.0049126 seconds
Number of updated asset objects reloaded before import = 0Number of asset objects unloaded after import = 0

========================================================================
Received Import Request.
  Time since last request: 0.468753 seconds.
  path: Assets/Scripts/UI/RoleControlUI1.cs
  artifactKey: Guid(5064f4c644ed6c243945b34f72a14941) Importer(2089858483,b0f066a214c2f5e87bad3c948f4d605d)
Start importing Assets/Scripts/UI/RoleControlUI1.cs using Guid(5064f4c644ed6c243945b34f72a14941) Importer(2089858483,b0f066a214c2f5e87bad3c948f4d605d) (ScriptedImporter) -> (artifact id: 'cdb3d4d3bca7673585a8688c762a4401') in 0.0109768 seconds
Number of updated asset objects reloaded before import = 0Number of asset objects unloaded after import = 0

========================================================================
Received Prepare
Refreshing native plugins compatible for Editor in 3.34 ms, found 5 plugins.
Preloading 0 native plugins for Editor in 0.00 ms.
Unloading 16 Unused Serialized files (Serialized files now loaded: 0)
Unloading 7176 unused Assets / (4.5 MB). Loaded Objects now: 8101.
Memory consumption went from 160.4 MB to 155.9 MB.
Total: 11.654300 ms (FindLiveObjects: 1.076400 ms CreateObjectMapping: 0.436500 ms MarkObjects: 6.770500 ms  DeleteObjects: 3.369200 ms)

Prepare: number of updated asset objects reloaded= 0
========================================================================
Received Import Request.
  Time since last request: 13.952062 seconds.
  path: Assets/Scripts/UI/RoleControlUI.cs
  artifactKey: Guid(42b3537e768e883489c548edeea61857) Importer(2089858483,b0f066a214c2f5e87bad3c948f4d605d)
Start importing Assets/Scripts/UI/RoleControlUI.cs using Guid(42b3537e768e883489c548edeea61857) Importer(2089858483,b0f066a214c2f5e87bad3c948f4d605d) (ScriptedImporter) -> (artifact id: '24d9b6f87d1231f3047a7439cb6778f8') in 0.0183332 seconds
Number of updated asset objects reloaded before import = 0Number of asset objects unloaded after import = 0

========================================================================
Received Prepare
Begin MonoManager ReloadAssembly
[Licensing::Client] Successfully resolved entitlement details
- Loaded All Assemblies, in  0.945 seconds
Refreshing native plugins compatible for Editor in 3.24 ms, found 5 plugins.
Native extension for WindowsStandalone target not found
[Package Manager] Failed to launch server process. Reason: Unity was launched with the -noUpm command-line argument
[Package Manager] Unable to send message (not connected to server process).
[Package Manager] Cannot connect to Unity Package Manager local server
[Package Manager] Failed to launch server process. Reason: Unity was launched with the -noUpm command-line argument
[Package Manager] Unable to send message (not connected to server process).
[Package Manager] Cannot connect to Unity Package Manager local server
ScheduleIndexationOnStartup MainProcess:False IndexOnStartup:True
Mono: successfully reloaded assembly
- Finished resetting the current domain, in  0.872 seconds
Domain Reload Profiling: 1821ms
	BeginReloadAssembly (300ms)
		ExecutionOrderSort (0ms)
		DisableScriptedObjects (18ms)
		BackupInstance (0ms)
		ReleaseScriptingObjects (0ms)
		CreateAndSetChildDomain (62ms)
	RebuildCommonClasses (46ms)
	RebuildNativeTypeToScriptingClass (17ms)
	initialDomainReloadingComplete (28ms)
	LoadAllAssembliesAndSetupDomain (557ms)
		LoadAssemblies (449ms)
		RebuildTransferFunctionScriptingTraits (0ms)
		AnalyzeDomain (265ms)
			TypeCache.Refresh (13ms)
				TypeCache.ScanAssembly (0ms)
			BuildScriptInfoCaches (235ms)
			ResolveRequiredComponents (12ms)
	FinalizeReload (872ms)
		ReleaseScriptCaches (0ms)
		RebuildScriptCaches (0ms)
		SetupLoadedEditorAssemblies (667ms)
			LogAssemblyErrors (0ms)
			InitializePlatformSupportModulesInManaged (3ms)
			SetLoadedEditorAssemblies (8ms)
			BeforeProcessingInitializeOnLoad (165ms)
			ProcessInitializeOnLoadAttributes (394ms)
			ProcessInitializeOnLoadMethodAttributes (95ms)
			AfterProcessingInitializeOnLoad (2ms)
			EditorAssembliesLoaded (0ms)
		ExecutionOrderSort2 (0ms)
		AwakeInstancesAfterBackupRestoration (19ms)
Refreshing native plugins compatible for Editor in 2.76 ms, found 5 plugins.
Preloading 0 native plugins for Editor in 0.00 ms.
Unloading 16 Unused Serialized files (Serialized files now loaded: 0)
Unloading 7191 unused Assets / (4.6 MB). Loaded Objects now: 8104.
Memory consumption went from 160.3 MB to 155.7 MB.
Total: 12.312500 ms (FindLiveObjects: 1.191900 ms CreateObjectMapping: 0.568900 ms MarkObjects: 6.654700 ms  DeleteObjects: 3.895200 ms)

Prepare: number of updated asset objects reloaded= 0
========================================================================
Received Import Request.
  Time since last request: 22.899782 seconds.
  path: Assets/Scripts/UI/RoleControlUI1.cs
  artifactKey: Guid(5064f4c644ed6c243945b34f72a14941) Importer(815301076,1909f56bfc062723c751e8b465ee728b)
Start importing Assets/Scripts/UI/RoleControlUI1.cs using Guid(5064f4c644ed6c243945b34f72a14941) Importer(815301076,1909f56bfc062723c751e8b465ee728b) (PreviewImporter) -> (artifact id: '81752a0669e83894e830d39a04bae99a') in 0.0074995 seconds
Number of updated asset objects reloaded before import = 0Number of asset objects unloaded after import = 0

========================================================================
Received Import Request.
  Time since last request: 0.581549 seconds.
  path: Assets/Scripts/UI/RoleControlUI.cs
  artifactKey: Guid(42b3537e768e883489c548edeea61857) Importer(815301076,1909f56bfc062723c751e8b465ee728b)
Start importing Assets/Scripts/UI/RoleControlUI.cs using Guid(42b3537e768e883489c548edeea61857) Importer(815301076,1909f56bfc062723c751e8b465ee728b) (PreviewImporter) -> (artifact id: '4a61460f34984d93208603ff9367fbe2') in 0.000632 seconds
Number of updated asset objects reloaded before import = 0Number of asset objects unloaded after import = 0

========================================================================
Received Prepare
Refreshing native plugins compatible for Editor in 2.93 ms, found 5 plugins.
Preloading 0 native plugins for Editor in 0.00 ms.
Unloading 16 Unused Serialized files (Serialized files now loaded: 0)
Unloading 7175 unused Assets / (4.0 MB). Loaded Objects now: 8103.
Memory consumption went from 160.4 MB to 156.4 MB.
Total: 12.015500 ms (FindLiveObjects: 1.085300 ms CreateObjectMapping: 0.481100 ms MarkObjects: 6.802700 ms  DeleteObjects: 3.645100 ms)

Prepare: number of updated asset objects reloaded= 0
========================================================================
Received Prepare
Begin MonoManager ReloadAssembly
- Loaded All Assemblies, in  0.933 seconds
Refreshing native plugins compatible for Editor in 2.81 ms, found 5 plugins.
Native extension for WindowsStandalone target not found
[Package Manager] Failed to launch server process. Reason: Unity was launched with the -noUpm command-line argument
[Package Manager] Unable to send message (not connected to server process).
[Package Manager] Cannot connect to Unity Package Manager local server
[Package Manager] Failed to launch server process. Reason: Unity was launched with the -noUpm command-line argument
[Package Manager] Unable to send message (not connected to server process).
[Package Manager] Cannot connect to Unity Package Manager local server
ScheduleIndexationOnStartup MainProcess:False IndexOnStartup:True
Mono: successfully reloaded assembly
- Finished resetting the current domain, in  0.838 seconds
Domain Reload Profiling: 1776ms
	BeginReloadAssembly (274ms)
		ExecutionOrderSort (0ms)
		DisableScriptedObjects (17ms)
		BackupInstance (0ms)
		ReleaseScriptingObjects (0ms)
		CreateAndSetChildDomain (53ms)
	RebuildCommonClasses (47ms)
	RebuildNativeTypeToScriptingClass (23ms)
	initialDomainReloadingComplete (29ms)
	LoadAllAssembliesAndSetupDomain (564ms)
		LoadAssemblies (436ms)
		RebuildTransferFunctionScriptingTraits (0ms)
		AnalyzeDomain (273ms)
			TypeCache.Refresh (13ms)
				TypeCache.ScanAssembly (1ms)
			BuildScriptInfoCaches (242ms)
			ResolveRequiredComponents (13ms)
	FinalizeReload (838ms)
		ReleaseScriptCaches (0ms)
		RebuildScriptCaches (0ms)
		SetupLoadedEditorAssemblies (634ms)
			LogAssemblyErrors (0ms)
			InitializePlatformSupportModulesInManaged (3ms)
			SetLoadedEditorAssemblies (6ms)
			BeforeProcessingInitializeOnLoad (177ms)
			ProcessInitializeOnLoadAttributes (361ms)
			ProcessInitializeOnLoadMethodAttributes (84ms)
			AfterProcessingInitializeOnLoad (2ms)
			EditorAssembliesLoaded (0ms)
		ExecutionOrderSort2 (0ms)
		AwakeInstancesAfterBackupRestoration (16ms)
Refreshing native plugins compatible for Editor in 3.61 ms, found 5 plugins.
Preloading 0 native plugins for Editor in 0.00 ms.
Unloading 16 Unused Serialized files (Serialized files now loaded: 0)
Unloading 7190 unused Assets / (4.0 MB). Loaded Objects now: 8106.
Memory consumption went from 160.3 MB to 156.3 MB.
Total: 10.370300 ms (FindLiveObjects: 1.070300 ms CreateObjectMapping: 0.496300 ms MarkObjects: 6.107800 ms  DeleteObjects: 2.694200 ms)

Prepare: number of updated asset objects reloaded= 0
========================================================================
Received Import Request.
  Time since last request: 2562.085784 seconds.
  path: Assets/Scenes/Main Scene.unity
  artifactKey: Guid(d4273a340cb81564c918df30c906a023) Importer(2089858483,b0f066a214c2f5e87bad3c948f4d605d)
Start importing Assets/Scenes/Main Scene.unity using Guid(d4273a340cb81564c918df30c906a023) Importer(2089858483,b0f066a214c2f5e87bad3c948f4d605d) (ScriptedImporter) -> (artifact id: '39fc6ccab94ccc7b53641117b3dc13f7') in 0.0844812 seconds
Number of updated asset objects reloaded before import = 0Number of asset objects unloaded after import = 1

========================================================================
Received Prepare
Refreshing native plugins compatible for Editor in 3.66 ms, found 5 plugins.
Preloading 0 native plugins for Editor in 0.00 ms.
Unloading 16 Unused Serialized files (Serialized files now loaded: 0)
Unloading 7176 unused Assets / (3.9 MB). Loaded Objects now: 8107.
Memory consumption went from 160.5 MB to 156.6 MB.
Total: 13.511100 ms (FindLiveObjects: 1.097900 ms CreateObjectMapping: 0.602100 ms MarkObjects: 8.278000 ms  DeleteObjects: 3.531400 ms)

Prepare: number of updated asset objects reloaded= 0
========================================================================
Received Prepare
Begin MonoManager ReloadAssembly
[Licensing::Client] Successfully resolved entitlement details
- Loaded All Assemblies, in  2.725 seconds
Refreshing native plugins compatible for Editor in 2.46 ms, found 5 plugins.
Native extension for WindowsStandalone target not found
[Package Manager] Failed to launch server process. Reason: Unity was launched with the -noUpm command-line argument
[Package Manager] Unable to send message (not connected to server process).
[Package Manager] Cannot connect to Unity Package Manager local server
[Package Manager] Failed to launch server process. Reason: Unity was launched with the -noUpm command-line argument
[Package Manager] Unable to send message (not connected to server process).
[Package Manager] Cannot connect to Unity Package Manager local server
ScheduleIndexationOnStartup MainProcess:False IndexOnStartup:True
Mono: successfully reloaded assembly
- Finished resetting the current domain, in  0.799 seconds
Domain Reload Profiling: 3529ms
	BeginReloadAssembly (483ms)
		ExecutionOrderSort (0ms)
		DisableScriptedObjects (20ms)
		BackupInstance (0ms)
		ReleaseScriptingObjects (0ms)
		CreateAndSetChildDomain (59ms)
	RebuildCommonClasses (161ms)
	RebuildNativeTypeToScriptingClass (21ms)
	initialDomainReloadingComplete (30ms)
	LoadAllAssembliesAndSetupDomain (2035ms)
		LoadAssemblies (1990ms)
		RebuildTransferFunctionScriptingTraits (0ms)
		AnalyzeDomain (377ms)
			TypeCache.Refresh (14ms)
				TypeCache.ScanAssembly (0ms)
			BuildScriptInfoCaches (343ms)
			ResolveRequiredComponents (14ms)
	FinalizeReload (800ms)
		ReleaseScriptCaches (0ms)
		RebuildScriptCaches (0ms)
		SetupLoadedEditorAssemblies (616ms)
			LogAssemblyErrors (0ms)
			InitializePlatformSupportModulesInManaged (3ms)
			SetLoadedEditorAssemblies (6ms)
			BeforeProcessingInitializeOnLoad (165ms)
			ProcessInitializeOnLoadAttributes (358ms)
			ProcessInitializeOnLoadMethodAttributes (81ms)
			AfterProcessingInitializeOnLoad (2ms)
			EditorAssembliesLoaded (0ms)
		ExecutionOrderSort2 (0ms)
		AwakeInstancesAfterBackupRestoration (16ms)
Refreshing native plugins compatible for Editor in 2.43 ms, found 5 plugins.
Preloading 0 native plugins for Editor in 0.00 ms.
Unloading 16 Unused Serialized files (Serialized files now loaded: 0)
Unloading 7191 unused Assets / (4.3 MB). Loaded Objects now: 8110.
Memory consumption went from 160.4 MB to 156.1 MB.
Total: 10.681500 ms (FindLiveObjects: 1.316300 ms CreateObjectMapping: 0.677800 ms MarkObjects: 6.010100 ms  DeleteObjects: 2.675600 ms)

Prepare: number of updated asset objects reloaded= 0
========================================================================
Received Import Request.
  Time since last request: 35.360999 seconds.
  path: Assets/Scripts/Player/MobileInputController.cs
  artifactKey: Guid(76d4426e0883df54d89517795bff1033) Importer(815301076,1909f56bfc062723c751e8b465ee728b)
Start importing Assets/Scripts/Player/MobileInputController.cs using Guid(76d4426e0883df54d89517795bff1033) Importer(815301076,1909f56bfc062723c751e8b465ee728b) (PreviewImporter) -> (artifact id: '75607e67c8340e9362afa69ab5ee8bf2') in 0.0128145 seconds
Number of updated asset objects reloaded before import = 0Number of asset objects unloaded after import = 0

========================================================================
Received Import Request.
  Time since last request: 3.531055 seconds.
  path: Assets/Scripts/Player/Mobile Controls
  artifactKey: Guid(ff8958fb703ce2740ab3e8dfb8294f6d) Importer(815301076,1909f56bfc062723c751e8b465ee728b)
Start importing Assets/Scripts/Player/Mobile Controls using Guid(ff8958fb703ce2740ab3e8dfb8294f6d) Importer(815301076,1909f56bfc062723c751e8b465ee728b) (PreviewImporter) -> (artifact id: '8a2cdcd614ce565c68ffe0c8a3dbbfb0') in 0.000664 seconds
Number of updated asset objects reloaded before import = 0Number of asset objects unloaded after import = 0

========================================================================
Received Prepare
Refreshing native plugins compatible for Editor in 2.82 ms, found 5 plugins.
Preloading 0 native plugins for Editor in 0.00 ms.
Unloading 16 Unused Serialized files (Serialized files now loaded: 0)
Unloading 7176 unused Assets / (4.8 MB). Loaded Objects now: 8110.
Memory consumption went from 160.5 MB to 155.7 MB.
Total: 12.328300 ms (FindLiveObjects: 1.094000 ms CreateObjectMapping: 0.431900 ms MarkObjects: 6.277600 ms  DeleteObjects: 4.523200 ms)

Prepare: number of updated asset objects reloaded= 0
========================================================================
Received Prepare
Begin MonoManager ReloadAssembly
- Loaded All Assemblies, in  0.911 seconds
Refreshing native plugins compatible for Editor in 2.50 ms, found 5 plugins.
Native extension for WindowsStandalone target not found
[Package Manager] Failed to launch server process. Reason: Unity was launched with the -noUpm command-line argument
[Package Manager] Unable to send message (not connected to server process).
[Package Manager] Cannot connect to Unity Package Manager local server
[Package Manager] Failed to launch server process. Reason: Unity was launched with the -noUpm command-line argument
[Package Manager] Unable to send message (not connected to server process).
[Package Manager] Cannot connect to Unity Package Manager local server
ScheduleIndexationOnStartup MainProcess:False IndexOnStartup:True
Mono: successfully reloaded assembly
- Finished resetting the current domain, in  0.827 seconds
Domain Reload Profiling: 1741ms
	BeginReloadAssembly (273ms)
		ExecutionOrderSort (0ms)
		DisableScriptedObjects (17ms)
		BackupInstance (0ms)
		ReleaseScriptingObjects (0ms)
		CreateAndSetChildDomain (53ms)
	RebuildCommonClasses (45ms)
	RebuildNativeTypeToScriptingClass (16ms)
	initialDomainReloadingComplete (29ms)
	LoadAllAssembliesAndSetupDomain (551ms)
		LoadAssemblies (421ms)
		RebuildTransferFunctionScriptingTraits (0ms)
		AnalyzeDomain (274ms)
			TypeCache.Refresh (13ms)
				TypeCache.ScanAssembly (0ms)
			BuildScriptInfoCaches (243ms)
			ResolveRequiredComponents (13ms)
	FinalizeReload (827ms)
		ReleaseScriptCaches (0ms)
		RebuildScriptCaches (0ms)
		SetupLoadedEditorAssemblies (632ms)
			LogAssemblyErrors (0ms)
			InitializePlatformSupportModulesInManaged (2ms)
			SetLoadedEditorAssemblies (5ms)
			BeforeProcessingInitializeOnLoad (152ms)
			ProcessInitializeOnLoadAttributes (385ms)
			ProcessInitializeOnLoadMethodAttributes (85ms)
			AfterProcessingInitializeOnLoad (2ms)
			EditorAssembliesLoaded (1ms)
		ExecutionOrderSort2 (0ms)
		AwakeInstancesAfterBackupRestoration (19ms)
Refreshing native plugins compatible for Editor in 2.48 ms, found 5 plugins.
Preloading 0 native plugins for Editor in 0.00 ms.
Unloading 16 Unused Serialized files (Serialized files now loaded: 0)
Unloading 7191 unused Assets / (4.3 MB). Loaded Objects now: 8113.
Memory consumption went from 160.4 MB to 156.2 MB.
Total: 9.927000 ms (FindLiveObjects: 1.061300 ms CreateObjectMapping: 0.451600 ms MarkObjects: 5.777300 ms  DeleteObjects: 2.635300 ms)

Prepare: number of updated asset objects reloaded= 0
========================================================================
Received Prepare
Refreshing native plugins compatible for Editor in 2.87 ms, found 5 plugins.
Preloading 0 native plugins for Editor in 0.00 ms.
Unloading 16 Unused Serialized files (Serialized files now loaded: 0)
Unloading 7177 unused Assets / (4.5 MB). Loaded Objects now: 8114.
Memory consumption went from 160.5 MB to 156.0 MB.
Total: 11.907500 ms (FindLiveObjects: 1.140400 ms CreateObjectMapping: 0.611100 ms MarkObjects: 6.553500 ms  DeleteObjects: 3.600700 ms)

Prepare: number of updated asset objects reloaded= 0
========================================================================
Received Import Request.
  Time since last request: 11.958638 seconds.
  path: Assets/Scripts/Player/Mobile Controls/MobileButtonInputMobileButtonInput.cs
  artifactKey: Guid(c89948495f1e7d54681bcb770a8e44d6) Importer(815301076,1909f56bfc062723c751e8b465ee728b)
Start importing Assets/Scripts/Player/Mobile Controls/MobileButtonInputMobileButtonInput.cs using Guid(c89948495f1e7d54681bcb770a8e44d6) Importer(815301076,1909f56bfc062723c751e8b465ee728b) (PreviewImporter) -> (artifact id: 'ab10c1c565f5bd76a1935557589ca16b') in 0.0181554 seconds
Number of updated asset objects reloaded before import = 0Number of asset objects unloaded after import = 0

========================================================================
Received Prepare
Refreshing native plugins compatible for Editor in 3.42 ms, found 5 plugins.
Preloading 0 native plugins for Editor in 0.00 ms.
Unloading 16 Unused Serialized files (Serialized files now loaded: 0)
Unloading 7177 unused Assets / (4.5 MB). Loaded Objects now: 8114.
Memory consumption went from 160.6 MB to 156.0 MB.
Total: 14.831000 ms (FindLiveObjects: 1.308600 ms CreateObjectMapping: 0.861200 ms MarkObjects: 8.660700 ms  DeleteObjects: 3.998800 ms)

Prepare: number of updated asset objects reloaded= 0
========================================================================
Received Import Request.
  Time since last request: 9.875551 seconds.
  path: Assets/Scripts/Player/Mobile Controls/MobileButtonInputMobileButtonInput.cs
  artifactKey: Guid(c89948495f1e7d54681bcb770a8e44d6) Importer(815301076,1909f56bfc062723c751e8b465ee728b)
Start importing Assets/Scripts/Player/Mobile Controls/MobileButtonInputMobileButtonInput.cs using Guid(c89948495f1e7d54681bcb770a8e44d6) Importer(815301076,1909f56bfc062723c751e8b465ee728b) (PreviewImporter) -> (artifact id: 'e62e66c74a42c7d97d2160c5ddf0bf3c') in 0.004844 seconds
Number of updated asset objects reloaded before import = 0Number of asset objects unloaded after import = 0

========================================================================
Received Prepare
Begin MonoManager ReloadAssembly
- Loaded All Assemblies, in  0.940 seconds
Refreshing native plugins compatible for Editor in 2.57 ms, found 5 plugins.
Native extension for WindowsStandalone target not found
[Package Manager] Failed to launch server process. Reason: Unity was launched with the -noUpm command-line argument
[Package Manager] Unable to send message (not connected to server process).
[Package Manager] Cannot connect to Unity Package Manager local server
[Package Manager] Failed to launch server process. Reason: Unity was launched with the -noUpm command-line argument
[Package Manager] Unable to send message (not connected to server process).
[Package Manager] Cannot connect to Unity Package Manager local server
ScheduleIndexationOnStartup MainProcess:False IndexOnStartup:True
Mono: successfully reloaded assembly
- Finished resetting the current domain, in  0.861 seconds
Domain Reload Profiling: 1805ms
	BeginReloadAssembly (292ms)
		ExecutionOrderSort (0ms)
		DisableScriptedObjects (16ms)
		BackupInstance (0ms)
		ReleaseScriptingObjects (0ms)
		CreateAndSetChildDomain (57ms)
	RebuildCommonClasses (47ms)
	RebuildNativeTypeToScriptingClass (18ms)
	initialDomainReloadingComplete (28ms)
	LoadAllAssembliesAndSetupDomain (559ms)
		LoadAssemblies (452ms)
		RebuildTransferFunctionScriptingTraits (0ms)
		AnalyzeDomain (263ms)
			TypeCache.Refresh (12ms)
				TypeCache.ScanAssembly (0ms)
			BuildScriptInfoCaches (235ms)
			ResolveRequiredComponents (12ms)
	FinalizeReload (862ms)
		ReleaseScriptCaches (0ms)
		RebuildScriptCaches (0ms)
		SetupLoadedEditorAssemblies (666ms)
			LogAssemblyErrors (0ms)
			InitializePlatformSupportModulesInManaged (3ms)
			SetLoadedEditorAssemblies (6ms)
			BeforeProcessingInitializeOnLoad (172ms)
			ProcessInitializeOnLoadAttributes (389ms)
			ProcessInitializeOnLoadMethodAttributes (94ms)
			AfterProcessingInitializeOnLoad (2ms)
			EditorAssembliesLoaded (0ms)
		ExecutionOrderSort2 (0ms)
		AwakeInstancesAfterBackupRestoration (18ms)
Refreshing native plugins compatible for Editor in 2.72 ms, found 5 plugins.
Preloading 0 native plugins for Editor in 0.00 ms.
Unloading 16 Unused Serialized files (Serialized files now loaded: 0)
Unloading 7192 unused Assets / (4.2 MB). Loaded Objects now: 8117.
Memory consumption went from 160.5 MB to 156.3 MB.
Total: 12.278700 ms (FindLiveObjects: 1.539000 ms CreateObjectMapping: 1.121200 ms MarkObjects: 6.226400 ms  DeleteObjects: 3.390200 ms)

Prepare: number of updated asset objects reloaded= 0
========================================================================
Received Import Request.
  Time since last request: 22.608027 seconds.
  path: Assets/Scripts/Player/Mobile Controls/MobileButtonInputMobileButtonInput.cs
  artifactKey: Guid(c89948495f1e7d54681bcb770a8e44d6) Importer(815301076,1909f56bfc062723c751e8b465ee728b)
Start importing Assets/Scripts/Player/Mobile Controls/MobileButtonInputMobileButtonInput.cs using Guid(c89948495f1e7d54681bcb770a8e44d6) Importer(815301076,1909f56bfc062723c751e8b465ee728b) (PreviewImporter) -> (artifact id: '76b7b5b351f39ebd755a96bb24747b59') in 0.0077162 seconds
Number of updated asset objects reloaded before import = 0Number of asset objects unloaded after import = 0

========================================================================
Received Prepare
Refreshing native plugins compatible for Editor in 2.51 ms, found 5 plugins.
Preloading 0 native plugins for Editor in 0.00 ms.
Unloading 16 Unused Serialized files (Serialized files now loaded: 0)
Unloading 7177 unused Assets / (4.4 MB). Loaded Objects now: 8117.
Memory consumption went from 160.6 MB to 156.2 MB.
Total: 12.028800 ms (FindLiveObjects: 1.751100 ms CreateObjectMapping: 0.789900 ms MarkObjects: 6.091000 ms  DeleteObjects: 3.395300 ms)

Prepare: number of updated asset objects reloaded= 0
========================================================================
Received Import Request.
  Time since last request: 137.543306 seconds.
  path: Assets/Scripts/Player/Mobile Controls/MobileButtonInput.cs
  artifactKey: Guid(c89948495f1e7d54681bcb770a8e44d6) Importer(815301076,1909f56bfc062723c751e8b465ee728b)
Start importing Assets/Scripts/Player/Mobile Controls/MobileButtonInput.cs using Guid(c89948495f1e7d54681bcb770a8e44d6) Importer(815301076,1909f56bfc062723c751e8b465ee728b) (PreviewImporter) -> (artifact id: 'adb2628e2f0c3b67f774ab6881995c80') in 0.0056502 seconds
Number of updated asset objects reloaded before import = 0Number of asset objects unloaded after import = 0

========================================================================
Received Prepare
Begin MonoManager ReloadAssembly
[Licensing::Client] Successfully resolved entitlement details
- Loaded All Assemblies, in  0.941 seconds
Refreshing native plugins compatible for Editor in 2.69 ms, found 5 plugins.
Native extension for WindowsStandalone target not found
[Package Manager] Failed to launch server process. Reason: Unity was launched with the -noUpm command-line argument
[Package Manager] Unable to send message (not connected to server process).
[Package Manager] Cannot connect to Unity Package Manager local server
[Package Manager] Failed to launch server process. Reason: Unity was launched with the -noUpm command-line argument
[Package Manager] Unable to send message (not connected to server process).
[Package Manager] Cannot connect to Unity Package Manager local server
ScheduleIndexationOnStartup MainProcess:False IndexOnStartup:True
Mono: successfully reloaded assembly
- Finished resetting the current domain, in  0.849 seconds
Domain Reload Profiling: 1794ms
	BeginReloadAssembly (282ms)
		ExecutionOrderSort (0ms)
		DisableScriptedObjects (18ms)
		BackupInstance (0ms)
		ReleaseScriptingObjects (0ms)
		CreateAndSetChildDomain (53ms)
	RebuildCommonClasses (53ms)
	RebuildNativeTypeToScriptingClass (16ms)
	initialDomainReloadingComplete (28ms)
	LoadAllAssembliesAndSetupDomain (565ms)
		LoadAssemblies (441ms)
		RebuildTransferFunctionScriptingTraits (0ms)
		AnalyzeDomain (273ms)
			TypeCache.Refresh (12ms)
				TypeCache.ScanAssembly (0ms)
			BuildScriptInfoCaches (243ms)
			ResolveRequiredComponents (12ms)
	FinalizeReload (850ms)
		ReleaseScriptCaches (0ms)
		RebuildScriptCaches (0ms)
		SetupLoadedEditorAssemblies (661ms)
			LogAssemblyErrors (0ms)
			InitializePlatformSupportModulesInManaged (3ms)
			SetLoadedEditorAssemblies (5ms)
			BeforeProcessingInitializeOnLoad (165ms)
			ProcessInitializeOnLoadAttributes (395ms)
			ProcessInitializeOnLoadMethodAttributes (90ms)
			AfterProcessingInitializeOnLoad (2ms)
			EditorAssembliesLoaded (0ms)
		ExecutionOrderSort2 (0ms)
		AwakeInstancesAfterBackupRestoration (18ms)
Refreshing native plugins compatible for Editor in 3.06 ms, found 5 plugins.
Preloading 0 native plugins for Editor in 0.00 ms.
Unloading 16 Unused Serialized files (Serialized files now loaded: 0)
Unloading 7192 unused Assets / (4.0 MB). Loaded Objects now: 8120.
Memory consumption went from 160.5 MB to 156.5 MB.
Total: 10.814200 ms (FindLiveObjects: 1.114700 ms CreateObjectMapping: 0.437500 ms MarkObjects: 6.442400 ms  DeleteObjects: 2.817400 ms)

Prepare: number of updated asset objects reloaded= 0
========================================================================
Received Import Request.
  Time since last request: 8.032033 seconds.
  path: Assets/Scripts/Player/Mobile Controls/MobileButtonInput.cs
  artifactKey: Guid(c89948495f1e7d54681bcb770a8e44d6) Importer(815301076,1909f56bfc062723c751e8b465ee728b)
Start importing Assets/Scripts/Player/Mobile Controls/MobileButtonInput.cs using Guid(c89948495f1e7d54681bcb770a8e44d6) Importer(815301076,1909f56bfc062723c751e8b465ee728b) (PreviewImporter) -> (artifact id: 'f8fdd6b171d2e0d8c1537c423bd2a5be') in 0.0072874 seconds
Number of updated asset objects reloaded before import = 0Number of asset objects unloaded after import = 0

========================================================================
Received Prepare
Refreshing native plugins compatible for Editor in 2.58 ms, found 5 plugins.
Preloading 0 native plugins for Editor in 0.00 ms.
Unloading 16 Unused Serialized files (Serialized files now loaded: 0)
Unloading 7177 unused Assets / (4.2 MB). Loaded Objects now: 8120.
Memory consumption went from 160.7 MB to 156.5 MB.
Total: 11.126900 ms (FindLiveObjects: 1.252800 ms CreateObjectMapping: 0.514100 ms MarkObjects: 6.255700 ms  DeleteObjects: 3.103300 ms)

Prepare: number of updated asset objects reloaded= 0
========================================================================
Received Prepare
Begin MonoManager ReloadAssembly
[Licensing::Client] Successfully resolved entitlement details
- Loaded All Assemblies, in  1.079 seconds
Refreshing native plugins compatible for Editor in 2.93 ms, found 5 plugins.
Native extension for WindowsStandalone target not found
[Package Manager] Failed to launch server process. Reason: Unity was launched with the -noUpm command-line argument
[Package Manager] Unable to send message (not connected to server process).
[Package Manager] Cannot connect to Unity Package Manager local server
[Package Manager] Failed to launch server process. Reason: Unity was launched with the -noUpm command-line argument
[Package Manager] Unable to send message (not connected to server process).
[Package Manager] Cannot connect to Unity Package Manager local server
ScheduleIndexationOnStartup MainProcess:False IndexOnStartup:True
Mono: successfully reloaded assembly
- Finished resetting the current domain, in  1.024 seconds
Domain Reload Profiling: 2107ms
	BeginReloadAssembly (348ms)
		ExecutionOrderSort (0ms)
		DisableScriptedObjects (21ms)
		BackupInstance (0ms)
		ReleaseScriptingObjects (0ms)
		CreateAndSetChildDomain (74ms)
	RebuildCommonClasses (64ms)
	RebuildNativeTypeToScriptingClass (25ms)
	initialDomainReloadingComplete (39ms)
	LoadAllAssembliesAndSetupDomain (606ms)
		LoadAssemblies (513ms)
		RebuildTransferFunctionScriptingTraits (0ms)
		AnalyzeDomain (273ms)
			TypeCache.Refresh (15ms)
				TypeCache.ScanAssembly (1ms)
			BuildScriptInfoCaches (241ms)
			ResolveRequiredComponents (12ms)
	FinalizeReload (1025ms)
		ReleaseScriptCaches (0ms)
		RebuildScriptCaches (0ms)
		SetupLoadedEditorAssemblies (803ms)
			LogAssemblyErrors (0ms)
			InitializePlatformSupportModulesInManaged (3ms)
			SetLoadedEditorAssemblies (7ms)
			BeforeProcessingInitializeOnLoad (219ms)
			ProcessInitializeOnLoadAttributes (462ms)
			ProcessInitializeOnLoadMethodAttributes (108ms)
			AfterProcessingInitializeOnLoad (2ms)
			EditorAssembliesLoaded (0ms)
		ExecutionOrderSort2 (0ms)
		AwakeInstancesAfterBackupRestoration (20ms)
Refreshing native plugins compatible for Editor in 3.55 ms, found 5 plugins.
Preloading 0 native plugins for Editor in 0.00 ms.
Unloading 16 Unused Serialized files (Serialized files now loaded: 0)
Unloading 7192 unused Assets / (4.4 MB). Loaded Objects now: 8123.
Memory consumption went from 160.6 MB to 156.2 MB.
Total: 11.667500 ms (FindLiveObjects: 1.341700 ms CreateObjectMapping: 0.619200 ms MarkObjects: 6.415900 ms  DeleteObjects: 3.288700 ms)

Prepare: number of updated asset objects reloaded= 0
========================================================================
Received Import Request.
  Time since last request: 728.159251 seconds.
  path: Assets/Scripts/Player/Mobile Controls/MobileInputController.cs
  artifactKey: Guid(76d4426e0883df54d89517795bff1033) Importer(2089858483,b0f066a214c2f5e87bad3c948f4d605d)
Start importing Assets/Scripts/Player/Mobile Controls/MobileInputController.cs using Guid(76d4426e0883df54d89517795bff1033) Importer(2089858483,b0f066a214c2f5e87bad3c948f4d605d) (ScriptedImporter) -> (artifact id: '95376fe0abbbd78c6493479805fe294c') in 0.1021889 seconds
Number of updated asset objects reloaded before import = 0Number of asset objects unloaded after import = 0

========================================================================
Received Import Request.
  Time since last request: 0.000025 seconds.
  path: Assets/Scripts/Player/Mobile Controls/MobileButtonInput.cs
  artifactKey: Guid(c89948495f1e7d54681bcb770a8e44d6) Importer(2089858483,b0f066a214c2f5e87bad3c948f4d605d)
Start importing Assets/Scripts/Player/Mobile Controls/MobileButtonInput.cs using Guid(c89948495f1e7d54681bcb770a8e44d6) Importer(2089858483,b0f066a214c2f5e87bad3c948f4d605d) (ScriptedImporter) -> (artifact id: '93ed862aaad370ef7ffb6e5a61ee175e') in 0.0655356 seconds
Number of updated asset objects reloaded before import = 0Number of asset objects unloaded after import = 0

========================================================================
Received Prepare
Refreshing native plugins compatible for Editor in 4.02 ms, found 5 plugins.
Preloading 0 native plugins for Editor in 0.00 ms.
Unloading 16 Unused Serialized files (Serialized files now loaded: 0)
Unloading 7178 unused Assets / (4.5 MB). Loaded Objects now: 8124.
Memory consumption went from 160.7 MB to 156.2 MB.
Total: 11.372300 ms (FindLiveObjects: 1.174600 ms CreateObjectMapping: 0.509000 ms MarkObjects: 6.182300 ms  DeleteObjects: 3.504900 ms)

Prepare: number of updated asset objects reloaded= 0
========================================================================
Received Import Request.
  Time since last request: 14.991870 seconds.
  path: Assets/Scripts/Player/Mobile Controls/MobileAimTouch.cs
  artifactKey: Guid(af4e256960f8889449ad3c27c8e37714) Importer(815301076,1909f56bfc062723c751e8b465ee728b)
Start importing Assets/Scripts/Player/Mobile Controls/MobileAimTouch.cs using Guid(af4e256960f8889449ad3c27c8e37714) Importer(815301076,1909f56bfc062723c751e8b465ee728b) (PreviewImporter) -> (artifact id: 'c68b7261b3ecc3cac49ef46ff03e2729') in 0.009348 seconds
Number of updated asset objects reloaded before import = 0Number of asset objects unloaded after import = 0

========================================================================
Received Import Request.
  Time since last request: 0.180621 seconds.
  path: Assets/Scripts/Player/Mobile Controls/MobileAimTouch.cs
  artifactKey: Guid(af4e256960f8889449ad3c27c8e37714) Importer(2089858483,b0f066a214c2f5e87bad3c948f4d605d)
Start importing Assets/Scripts/Player/Mobile Controls/MobileAimTouch.cs using Guid(af4e256960f8889449ad3c27c8e37714) Importer(2089858483,b0f066a214c2f5e87bad3c948f4d605d) (ScriptedImporter) -> (artifact id: 'ca71ecac893e56704ad862a52471d2f4') in 0.0115595 seconds
Number of updated asset objects reloaded before import = 0Number of asset objects unloaded after import = 0

========================================================================
Received Prepare
Begin MonoManager ReloadAssembly
[Licensing::Client] Successfully resolved entitlement details
- Loaded All Assemblies, in  1.136 seconds
Refreshing native plugins compatible for Editor in 2.97 ms, found 5 plugins.
Native extension for WindowsStandalone target not found
[Package Manager] Failed to launch server process. Reason: Unity was launched with the -noUpm command-line argument
[Package Manager] Unable to send message (not connected to server process).
[Package Manager] Cannot connect to Unity Package Manager local server
[Package Manager] Failed to launch server process. Reason: Unity was launched with the -noUpm command-line argument
[Package Manager] Unable to send message (not connected to server process).
[Package Manager] Cannot connect to Unity Package Manager local server
ScheduleIndexationOnStartup MainProcess:False IndexOnStartup:True
Mono: successfully reloaded assembly
- Finished resetting the current domain, in  1.068 seconds
Domain Reload Profiling: 2209ms
	BeginReloadAssembly (335ms)
		ExecutionOrderSort (0ms)
		DisableScriptedObjects (18ms)
		BackupInstance (0ms)
		ReleaseScriptingObjects (0ms)
		CreateAndSetChildDomain (59ms)
	RebuildCommonClasses (61ms)
	RebuildNativeTypeToScriptingClass (21ms)
	initialDomainReloadingComplete (39ms)
	LoadAllAssembliesAndSetupDomain (683ms)
		LoadAssemblies (538ms)
		RebuildTransferFunctionScriptingTraits (0ms)
		AnalyzeDomain (333ms)
			TypeCache.Refresh (12ms)
				TypeCache.ScanAssembly (0ms)
			BuildScriptInfoCaches (296ms)
			ResolveRequiredComponents (17ms)
	FinalizeReload (1069ms)
		ReleaseScriptCaches (0ms)
		RebuildScriptCaches (0ms)
		SetupLoadedEditorAssemblies (818ms)
			LogAssemblyErrors (0ms)
			InitializePlatformSupportModulesInManaged (4ms)
			SetLoadedEditorAssemblies (8ms)
			BeforeProcessingInitializeOnLoad (200ms)
			ProcessInitializeOnLoadAttributes (493ms)
			ProcessInitializeOnLoadMethodAttributes (111ms)
			AfterProcessingInitializeOnLoad (2ms)
			EditorAssembliesLoaded (0ms)
		ExecutionOrderSort2 (0ms)
		AwakeInstancesAfterBackupRestoration (22ms)
Refreshing native plugins compatible for Editor in 4.04 ms, found 5 plugins.
Preloading 0 native plugins for Editor in 0.00 ms.
Unloading 16 Unused Serialized files (Serialized files now loaded: 0)
Unloading 7193 unused Assets / (4.8 MB). Loaded Objects now: 8127.
Memory consumption went from 160.6 MB to 155.8 MB.
Total: 14.711800 ms (FindLiveObjects: 1.414100 ms CreateObjectMapping: 0.701600 ms MarkObjects: 8.097300 ms  DeleteObjects: 4.497200 ms)

Prepare: number of updated asset objects reloaded= 0
========================================================================
Received Prepare
Refreshing native plugins compatible for Editor in 2.68 ms, found 5 plugins.
Preloading 0 native plugins for Editor in 0.00 ms.
Unloading 16 Unused Serialized files (Serialized files now loaded: 0)
Unloading 7178 unused Assets / (4.1 MB). Loaded Objects now: 8127.
Memory consumption went from 160.7 MB to 156.6 MB.
Total: 13.295400 ms (FindLiveObjects: 1.573400 ms CreateObjectMapping: 0.782500 ms MarkObjects: 7.291400 ms  DeleteObjects: 3.646300 ms)

Prepare: number of updated asset objects reloaded= 0
========================================================================
Received Prepare
Begin MonoManager ReloadAssembly
- Loaded All Assemblies, in  1.038 seconds
Refreshing native plugins compatible for Editor in 3.68 ms, found 5 plugins.
Native extension for WindowsStandalone target not found
[Package Manager] Failed to launch server process. Reason: Unity was launched with the -noUpm command-line argument
[Package Manager] Unable to send message (not connected to server process).
[Package Manager] Cannot connect to Unity Package Manager local server
[Package Manager] Failed to launch server process. Reason: Unity was launched with the -noUpm command-line argument
[Package Manager] Unable to send message (not connected to server process).
[Package Manager] Cannot connect to Unity Package Manager local server
ScheduleIndexationOnStartup MainProcess:False IndexOnStartup:True
Mono: successfully reloaded assembly
- Finished resetting the current domain, in  1.130 seconds
Domain Reload Profiling: 2172ms
	BeginReloadAssembly (333ms)
		ExecutionOrderSort (0ms)
		DisableScriptedObjects (19ms)
		BackupInstance (0ms)
		ReleaseScriptingObjects (0ms)
		CreateAndSetChildDomain (60ms)
	RebuildCommonClasses (44ms)
	RebuildNativeTypeToScriptingClass (17ms)
	initialDomainReloadingComplete (28ms)
	LoadAllAssembliesAndSetupDomain (619ms)
		LoadAssemblies (499ms)
		RebuildTransferFunctionScriptingTraits (0ms)
		AnalyzeDomain (299ms)
			TypeCache.Refresh (12ms)
				TypeCache.ScanAssembly (0ms)
			BuildScriptInfoCaches (268ms)
			ResolveRequiredComponents (13ms)
	FinalizeReload (1131ms)
		ReleaseScriptCaches (0ms)
		RebuildScriptCaches (0ms)
		SetupLoadedEditorAssemblies (867ms)
			LogAssemblyErrors (0ms)
			InitializePlatformSupportModulesInManaged (3ms)
			SetLoadedEditorAssemblies (7ms)
			BeforeProcessingInitializeOnLoad (226ms)
			ProcessInitializeOnLoadAttributes (517ms)
			ProcessInitializeOnLoadMethodAttributes (112ms)
			AfterProcessingInitializeOnLoad (2ms)
			EditorAssembliesLoaded (0ms)
		ExecutionOrderSort2 (0ms)
		AwakeInstancesAfterBackupRestoration (24ms)
Refreshing native plugins compatible for Editor in 3.99 ms, found 5 plugins.
Preloading 0 native plugins for Editor in 0.00 ms.
Unloading 16 Unused Serialized files (Serialized files now loaded: 0)
Unloading 7193 unused Assets / (4.4 MB). Loaded Objects now: 8130.
Memory consumption went from 160.7 MB to 156.2 MB.
Total: 13.923900 ms (FindLiveObjects: 1.374900 ms CreateObjectMapping: 0.642300 ms MarkObjects: 7.375300 ms  DeleteObjects: 4.529200 ms)

Prepare: number of updated asset objects reloaded= 0
========================================================================
Received Import Request.
  Time since last request: 15.833441 seconds.
  path: Assets/Scripts/Player/Mobile Controls/MobileAimTouch.cs
  artifactKey: Guid(af4e256960f8889449ad3c27c8e37714) Importer(815301076,1909f56bfc062723c751e8b465ee728b)
Start importing Assets/Scripts/Player/Mobile Controls/MobileAimTouch.cs using Guid(af4e256960f8889449ad3c27c8e37714) Importer(815301076,1909f56bfc062723c751e8b465ee728b) (PreviewImporter) -> (artifact id: '64f82a167e929fadd0cc5a992fea30c8') in 0.0184415 seconds
Number of updated asset objects reloaded before import = 0Number of asset objects unloaded after import = 0

========================================================================
Received Prepare
Refreshing native plugins compatible for Editor in 4.42 ms, found 5 plugins.
Preloading 0 native plugins for Editor in 0.00 ms.
Unloading 16 Unused Serialized files (Serialized files now loaded: 0)
Unloading 7178 unused Assets / (4.6 MB). Loaded Objects now: 8130.
Memory consumption went from 160.8 MB to 156.2 MB.
Total: 11.706700 ms (FindLiveObjects: 1.100300 ms CreateObjectMapping: 0.501500 ms MarkObjects: 5.852700 ms  DeleteObjects: 4.250400 ms)

Prepare: number of updated asset objects reloaded= 0
========================================================================
Received Prepare
Begin MonoManager ReloadAssembly
[Licensing::Client] Successfully resolved entitlement details
- Loaded All Assemblies, in  1.067 seconds
Refreshing native plugins compatible for Editor in 2.89 ms, found 5 plugins.
Native extension for WindowsStandalone target not found
[Package Manager] Failed to launch server process. Reason: Unity was launched with the -noUpm command-line argument
[Package Manager] Unable to send message (not connected to server process).
[Package Manager] Cannot connect to Unity Package Manager local server
[Package Manager] Failed to launch server process. Reason: Unity was launched with the -noUpm command-line argument
[Package Manager] Unable to send message (not connected to server process).
[Package Manager] Cannot connect to Unity Package Manager local server
ScheduleIndexationOnStartup MainProcess:False IndexOnStartup:True
Mono: successfully reloaded assembly
- Finished resetting the current domain, in  0.985 seconds
Domain Reload Profiling: 2058ms
	BeginReloadAssembly (340ms)
		ExecutionOrderSort (0ms)
		DisableScriptedObjects (22ms)
		BackupInstance (0ms)
		ReleaseScriptingObjects (0ms)
		CreateAndSetChildDomain (55ms)
	RebuildCommonClasses (43ms)
	RebuildNativeTypeToScriptingClass (19ms)
	initialDomainReloadingComplete (33ms)
	LoadAllAssembliesAndSetupDomain (637ms)
		LoadAssemblies (514ms)
		RebuildTransferFunctionScriptingTraits (0ms)
		AnalyzeDomain (312ms)
			TypeCache.Refresh (15ms)
				TypeCache.ScanAssembly (1ms)
			BuildScriptInfoCaches (272ms)
			ResolveRequiredComponents (18ms)
	FinalizeReload (985ms)
		ReleaseScriptCaches (0ms)
		RebuildScriptCaches (0ms)
		SetupLoadedEditorAssemblies (760ms)
			LogAssemblyErrors (0ms)
			InitializePlatformSupportModulesInManaged (3ms)
			SetLoadedEditorAssemblies (7ms)
			BeforeProcessingInitializeOnLoad (190ms)
			ProcessInitializeOnLoadAttributes (455ms)
			ProcessInitializeOnLoadMethodAttributes (101ms)
			AfterProcessingInitializeOnLoad (3ms)
			EditorAssembliesLoaded (0ms)
		ExecutionOrderSort2 (0ms)
		AwakeInstancesAfterBackupRestoration (22ms)
Refreshing native plugins compatible for Editor in 2.54 ms, found 5 plugins.
Preloading 0 native plugins for Editor in 0.00 ms.
Unloading 16 Unused Serialized files (Serialized files now loaded: 0)
Unloading 7193 unused Assets / (4.4 MB). Loaded Objects now: 8133.
Memory consumption went from 160.7 MB to 156.3 MB.
Total: 12.398700 ms (FindLiveObjects: 1.040000 ms CreateObjectMapping: 0.478400 ms MarkObjects: 7.520800 ms  DeleteObjects: 3.358000 ms)

Prepare: number of updated asset objects reloaded= 0
========================================================================
Received Prepare
Refreshing native plugins compatible for Editor in 3.55 ms, found 5 plugins.
Preloading 0 native plugins for Editor in 0.00 ms.
Unloading 16 Unused Serialized files (Serialized files now loaded: 0)
Unloading 7178 unused Assets / (5.0 MB). Loaded Objects now: 8133.
Memory consumption went from 160.8 MB to 155.8 MB.
Total: 14.055700 ms (FindLiveObjects: 1.456800 ms CreateObjectMapping: 0.742400 ms MarkObjects: 6.601700 ms  DeleteObjects: 5.252600 ms)

Prepare: number of updated asset objects reloaded= 0
========================================================================
Received Prepare
Begin MonoManager ReloadAssembly
[Licensing::Client] Successfully resolved entitlement details
- Loaded All Assemblies, in  1.142 seconds
Refreshing native plugins compatible for Editor in 3.36 ms, found 5 plugins.
Native extension for WindowsStandalone target not found
[Package Manager] Failed to launch server process. Reason: Unity was launched with the -noUpm command-line argument
[Package Manager] Unable to send message (not connected to server process).
[Package Manager] Cannot connect to Unity Package Manager local server
[Package Manager] Failed to launch server process. Reason: Unity was launched with the -noUpm command-line argument
[Package Manager] Unable to send message (not connected to server process).
[Package Manager] Cannot connect to Unity Package Manager local server
ScheduleIndexationOnStartup MainProcess:False IndexOnStartup:True
Mono: successfully reloaded assembly
- Finished resetting the current domain, in  1.023 seconds
Domain Reload Profiling: 2170ms
	BeginReloadAssembly (333ms)
		ExecutionOrderSort (0ms)
		DisableScriptedObjects (16ms)
		BackupInstance (0ms)
		ReleaseScriptingObjects (0ms)
		CreateAndSetChildDomain (64ms)
	RebuildCommonClasses (66ms)
	RebuildNativeTypeToScriptingClass (18ms)
	initialDomainReloadingComplete (30ms)
	LoadAllAssembliesAndSetupDomain (700ms)
		LoadAssemblies (524ms)
		RebuildTransferFunctionScriptingTraits (0ms)
		AnalyzeDomain (356ms)
			TypeCache.Refresh (15ms)
				TypeCache.ScanAssembly (1ms)
			BuildScriptInfoCaches (316ms)
			ResolveRequiredComponents (18ms)
	FinalizeReload (1023ms)
		ReleaseScriptCaches (0ms)
		RebuildScriptCaches (0ms)
		SetupLoadedEditorAssemblies (791ms)
			LogAssemblyErrors (0ms)
			InitializePlatformSupportModulesInManaged (3ms)
			SetLoadedEditorAssemblies (8ms)
			BeforeProcessingInitializeOnLoad (210ms)
			ProcessInitializeOnLoadAttributes (467ms)
			ProcessInitializeOnLoadMethodAttributes (101ms)
			AfterProcessingInitializeOnLoad (3ms)
			EditorAssembliesLoaded (0ms)
		ExecutionOrderSort2 (0ms)
		AwakeInstancesAfterBackupRestoration (23ms)
Refreshing native plugins compatible for Editor in 2.60 ms, found 5 plugins.
Preloading 0 native plugins for Editor in 0.00 ms.
Unloading 16 Unused Serialized files (Serialized files now loaded: 0)
Unloading 7193 unused Assets / (4.5 MB). Loaded Objects now: 8136.
Memory consumption went from 160.7 MB to 156.2 MB.
Total: 11.316500 ms (FindLiveObjects: 1.352000 ms CreateObjectMapping: 0.590300 ms MarkObjects: 5.918200 ms  DeleteObjects: 3.454400 ms)

Prepare: number of updated asset objects reloaded= 0
========================================================================
Received Prepare
Refreshing native plugins compatible for Editor in 3.67 ms, found 5 plugins.
Preloading 0 native plugins for Editor in 0.00 ms.
Unloading 16 Unused Serialized files (Serialized files now loaded: 0)
Unloading 7178 unused Assets / (4.6 MB). Loaded Objects now: 8136.
Memory consumption went from 160.9 MB to 156.3 MB.
Total: 14.632500 ms (FindLiveObjects: 1.329600 ms CreateObjectMapping: 0.631500 ms MarkObjects: 8.600200 ms  DeleteObjects: 4.069000 ms)

Prepare: number of updated asset objects reloaded= 0
========================================================================
Received Prepare
Begin MonoManager ReloadAssembly
[Licensing::Client] Successfully resolved entitlement details
- Loaded All Assemblies, in  1.079 seconds
Refreshing native plugins compatible for Editor in 2.53 ms, found 5 plugins.
Native extension for WindowsStandalone target not found
[Package Manager] Failed to launch server process. Reason: Unity was launched with the -noUpm command-line argument
[Package Manager] Unable to send message (not connected to server process).
[Package Manager] Cannot connect to Unity Package Manager local server
[Package Manager] Failed to launch server process. Reason: Unity was launched with the -noUpm command-line argument
[Package Manager] Unable to send message (not connected to server process).
[Package Manager] Cannot connect to Unity Package Manager local server
ScheduleIndexationOnStartup MainProcess:False IndexOnStartup:True
Mono: successfully reloaded assembly
- Finished resetting the current domain, in  0.941 seconds
Domain Reload Profiling: 2024ms
	BeginReloadAssembly (327ms)
		ExecutionOrderSort (0ms)
		DisableScriptedObjects (23ms)
		BackupInstance (0ms)
		ReleaseScriptingObjects (0ms)
		CreateAndSetChildDomain (61ms)
	RebuildCommonClasses (62ms)
	RebuildNativeTypeToScriptingClass (18ms)
	initialDomainReloadingComplete (35ms)
	LoadAllAssembliesAndSetupDomain (640ms)
		LoadAssemblies (523ms)
		RebuildTransferFunctionScriptingTraits (0ms)
		AnalyzeDomain (296ms)
			TypeCache.Refresh (13ms)
				TypeCache.ScanAssembly (0ms)
			BuildScriptInfoCaches (265ms)
			ResolveRequiredComponents (12ms)
	FinalizeReload (942ms)
		ReleaseScriptCaches (0ms)
		RebuildScriptCaches (0ms)
		SetupLoadedEditorAssemblies (724ms)
			LogAssemblyErrors (0ms)
			InitializePlatformSupportModulesInManaged (2ms)
			SetLoadedEditorAssemblies (6ms)
			BeforeProcessingInitializeOnLoad (180ms)
			ProcessInitializeOnLoadAttributes (427ms)
			ProcessInitializeOnLoadMethodAttributes (104ms)
			AfterProcessingInitializeOnLoad (3ms)
			EditorAssembliesLoaded (0ms)
		ExecutionOrderSort2 (0ms)
		AwakeInstancesAfterBackupRestoration (23ms)
Refreshing native plugins compatible for Editor in 3.79 ms, found 5 plugins.
Preloading 0 native plugins for Editor in 0.00 ms.
Unloading 16 Unused Serialized files (Serialized files now loaded: 0)
Unloading 7193 unused Assets / (4.7 MB). Loaded Objects now: 8139.
Memory consumption went from 160.8 MB to 156.1 MB.
Total: 12.768600 ms (FindLiveObjects: 1.306500 ms CreateObjectMapping: 0.620400 ms MarkObjects: 7.358700 ms  DeleteObjects: 3.481500 ms)

Prepare: number of updated asset objects reloaded= 0
========================================================================
Received Prepare
Refreshing native plugins compatible for Editor in 3.37 ms, found 5 plugins.
Preloading 0 native plugins for Editor in 0.00 ms.
Unloading 16 Unused Serialized files (Serialized files now loaded: 0)
Unloading 7178 unused Assets / (4.5 MB). Loaded Objects now: 8139.
Memory consumption went from 160.9 MB to 156.4 MB.
Total: 14.373400 ms (FindLiveObjects: 1.080500 ms CreateObjectMapping: 0.453500 ms MarkObjects: 8.311900 ms  DeleteObjects: 4.525800 ms)

Prepare: number of updated asset objects reloaded= 0
========================================================================
Received Prepare
Begin MonoManager ReloadAssembly
- Loaded All Assemblies, in  1.059 seconds
Refreshing native plugins compatible for Editor in 2.74 ms, found 5 plugins.
Native extension for WindowsStandalone target not found
[Package Manager] Failed to launch server process. Reason: Unity was launched with the -noUpm command-line argument
[Package Manager] Unable to send message (not connected to server process).
[Package Manager] Cannot connect to Unity Package Manager local server
[Package Manager] Failed to launch server process. Reason: Unity was launched with the -noUpm command-line argument
[Package Manager] Unable to send message (not connected to server process).
[Package Manager] Cannot connect to Unity Package Manager local server
ScheduleIndexationOnStartup MainProcess:False IndexOnStartup:True
Mono: successfully reloaded assembly
- Finished resetting the current domain, in  1.042 seconds
Domain Reload Profiling: 2106ms
	BeginReloadAssembly (323ms)
		ExecutionOrderSort (0ms)
		DisableScriptedObjects (25ms)
		BackupInstance (0ms)
		ReleaseScriptingObjects (0ms)
		CreateAndSetChildDomain (60ms)
	RebuildCommonClasses (49ms)
	RebuildNativeTypeToScriptingClass (24ms)
	initialDomainReloadingComplete (29ms)
	LoadAllAssembliesAndSetupDomain (638ms)
		LoadAssemblies (516ms)
		RebuildTransferFunctionScriptingTraits (0ms)
		AnalyzeDomain (298ms)
			TypeCache.Refresh (15ms)
				TypeCache.ScanAssembly (1ms)
			BuildScriptInfoCaches (263ms)
			ResolveRequiredComponents (15ms)
	FinalizeReload (1043ms)
		ReleaseScriptCaches (0ms)
		RebuildScriptCaches (0ms)
		SetupLoadedEditorAssemblies (812ms)
			LogAssemblyErrors (0ms)
			InitializePlatformSupportModulesInManaged (4ms)
			SetLoadedEditorAssemblies (7ms)
			BeforeProcessingInitializeOnLoad (221ms)
			ProcessInitializeOnLoadAttributes (472ms)
			ProcessInitializeOnLoadMethodAttributes (105ms)
			AfterProcessingInitializeOnLoad (3ms)
			EditorAssembliesLoaded (0ms)
		ExecutionOrderSort2 (0ms)
		AwakeInstancesAfterBackupRestoration (22ms)
Refreshing native plugins compatible for Editor in 2.52 ms, found 5 plugins.
Preloading 0 native plugins for Editor in 0.00 ms.
Unloading 16 Unused Serialized files (Serialized files now loaded: 0)
Unloading 7193 unused Assets / (4.4 MB). Loaded Objects now: 8142.
Memory consumption went from 160.8 MB to 156.5 MB.
Total: 11.703900 ms (FindLiveObjects: 1.353200 ms CreateObjectMapping: 0.611100 ms MarkObjects: 6.477500 ms  DeleteObjects: 3.260300 ms)

Prepare: number of updated asset objects reloaded= 0
========================================================================
Received Prepare
Refreshing native plugins compatible for Editor in 2.56 ms, found 5 plugins.
Preloading 0 native plugins for Editor in 0.00 ms.
Unloading 16 Unused Serialized files (Serialized files now loaded: 0)
Unloading 7178 unused Assets / (4.8 MB). Loaded Objects now: 8142.
Memory consumption went from 160.9 MB to 156.1 MB.
Total: 14.119700 ms (FindLiveObjects: 1.151300 ms CreateObjectMapping: 0.514700 ms MarkObjects: 7.833400 ms  DeleteObjects: 4.618900 ms)

Prepare: number of updated asset objects reloaded= 0
========================================================================
Received Prepare
Begin MonoManager ReloadAssembly
[Licensing::Client] Successfully resolved entitlement details
- Loaded All Assemblies, in  1.008 seconds
Refreshing native plugins compatible for Editor in 3.73 ms, found 5 plugins.
Native extension for WindowsStandalone target not found
[Package Manager] Failed to launch server process. Reason: Unity was launched with the -noUpm command-line argument
[Package Manager] Unable to send message (not connected to server process).
[Package Manager] Cannot connect to Unity Package Manager local server
[Package Manager] Failed to launch server process. Reason: Unity was launched with the -noUpm command-line argument
[Package Manager] Unable to send message (not connected to server process).
[Package Manager] Cannot connect to Unity Package Manager local server
ScheduleIndexationOnStartup MainProcess:False IndexOnStartup:True
Mono: successfully reloaded assembly
- Finished resetting the current domain, in  1.044 seconds
Domain Reload Profiling: 2056ms
	BeginReloadAssembly (314ms)
		ExecutionOrderSort (0ms)
		DisableScriptedObjects (16ms)
		BackupInstance (0ms)
		ReleaseScriptingObjects (0ms)
		CreateAndSetChildDomain (66ms)
	RebuildCommonClasses (45ms)
	RebuildNativeTypeToScriptingClass (16ms)
	initialDomainReloadingComplete (29ms)
	LoadAllAssembliesAndSetupDomain (608ms)
		LoadAssemblies (482ms)
		RebuildTransferFunctionScriptingTraits (0ms)
		AnalyzeDomain (293ms)
			TypeCache.Refresh (14ms)
				TypeCache.ScanAssembly (1ms)
			BuildScriptInfoCaches (263ms)
			ResolveRequiredComponents (12ms)
	FinalizeReload (1045ms)
		ReleaseScriptCaches (0ms)
		RebuildScriptCaches (0ms)
		SetupLoadedEditorAssemblies (789ms)
			LogAssemblyErrors (0ms)
			InitializePlatformSupportModulesInManaged (3ms)
			SetLoadedEditorAssemblies (8ms)
			BeforeProcessingInitializeOnLoad (218ms)
			ProcessInitializeOnLoadAttributes (460ms)
			ProcessInitializeOnLoadMethodAttributes (98ms)
			AfterProcessingInitializeOnLoad (2ms)
			EditorAssembliesLoaded (0ms)
		ExecutionOrderSort2 (0ms)
		AwakeInstancesAfterBackupRestoration (15ms)
Refreshing native plugins compatible for Editor in 3.70 ms, found 5 plugins.
Preloading 0 native plugins for Editor in 0.00 ms.
Unloading 16 Unused Serialized files (Serialized files now loaded: 0)
Unloading 7193 unused Assets / (5.3 MB). Loaded Objects now: 8145.
Memory consumption went from 160.9 MB to 155.5 MB.
Total: 13.596600 ms (FindLiveObjects: 1.187700 ms CreateObjectMapping: 0.447700 ms MarkObjects: 7.450100 ms  DeleteObjects: 4.509400 ms)

Prepare: number of updated asset objects reloaded= 0
========================================================================
Received Prepare
Refreshing native plugins compatible for Editor in 2.54 ms, found 5 plugins.
Preloading 0 native plugins for Editor in 0.00 ms.
Unloading 16 Unused Serialized files (Serialized files now loaded: 0)
Unloading 7178 unused Assets / (4.3 MB). Loaded Objects now: 8145.
Memory consumption went from 161.0 MB to 156.7 MB.
Total: 13.027600 ms (FindLiveObjects: 1.455600 ms CreateObjectMapping: 0.750600 ms MarkObjects: 7.440700 ms  DeleteObjects: 3.379200 ms)

Prepare: number of updated asset objects reloaded= 0
========================================================================
Received Prepare
Begin MonoManager ReloadAssembly
[Licensing::Client] Successfully resolved entitlement details
- Loaded All Assemblies, in  1.095 seconds
Refreshing native plugins compatible for Editor in 4.29 ms, found 5 plugins.
Native extension for WindowsStandalone target not found
[Package Manager] Failed to launch server process. Reason: Unity was launched with the -noUpm command-line argument
[Package Manager] Unable to send message (not connected to server process).
[Package Manager] Cannot connect to Unity Package Manager local server
[Package Manager] Failed to launch server process. Reason: Unity was launched with the -noUpm command-line argument
[Package Manager] Unable to send message (not connected to server process).
[Package Manager] Cannot connect to Unity Package Manager local server
ScheduleIndexationOnStartup MainProcess:False IndexOnStartup:True
Mono: successfully reloaded assembly
- Finished resetting the current domain, in  1.008 seconds
Domain Reload Profiling: 2107ms
	BeginReloadAssembly (332ms)
		ExecutionOrderSort (0ms)
		DisableScriptedObjects (22ms)
		BackupInstance (0ms)
		ReleaseScriptingObjects (0ms)
		CreateAndSetChildDomain (60ms)
	RebuildCommonClasses (57ms)
	RebuildNativeTypeToScriptingClass (21ms)
	initialDomainReloadingComplete (32ms)
	LoadAllAssembliesAndSetupDomain (656ms)
		LoadAssemblies (521ms)
		RebuildTransferFunctionScriptingTraits (0ms)
		AnalyzeDomain (315ms)
			TypeCache.Refresh (15ms)
				TypeCache.ScanAssembly (1ms)
			BuildScriptInfoCaches (275ms)
			ResolveRequiredComponents (18ms)
	FinalizeReload (1009ms)
		ReleaseScriptCaches (0ms)
		RebuildScriptCaches (0ms)
		SetupLoadedEditorAssemblies (768ms)
			LogAssemblyErrors (0ms)
			InitializePlatformSupportModulesInManaged (3ms)
			SetLoadedEditorAssemblies (7ms)
			BeforeProcessingInitializeOnLoad (193ms)
			ProcessInitializeOnLoadAttributes (466ms)
			ProcessInitializeOnLoadMethodAttributes (95ms)
			AfterProcessingInitializeOnLoad (3ms)
			EditorAssembliesLoaded (0ms)
		ExecutionOrderSort2 (0ms)
		AwakeInstancesAfterBackupRestoration (21ms)
Refreshing native plugins compatible for Editor in 2.79 ms, found 5 plugins.
Preloading 0 native plugins for Editor in 0.00 ms.
Unloading 16 Unused Serialized files (Serialized files now loaded: 0)
Unloading 7193 unused Assets / (4.5 MB). Loaded Objects now: 8148.
Memory consumption went from 160.9 MB to 156.4 MB.
Total: 11.430200 ms (FindLiveObjects: 1.326500 ms CreateObjectMapping: 0.610700 ms MarkObjects: 6.092800 ms  DeleteObjects: 3.398400 ms)

Prepare: number of updated asset objects reloaded= 0
========================================================================
Received Prepare
Refreshing native plugins compatible for Editor in 3.07 ms, found 5 plugins.
Preloading 0 native plugins for Editor in 0.00 ms.
Unloading 16 Unused Serialized files (Serialized files now loaded: 0)
Unloading 7178 unused Assets / (4.7 MB). Loaded Objects now: 8148.
Memory consumption went from 161.0 MB to 156.3 MB.
Total: 14.357800 ms (FindLiveObjects: 1.147600 ms CreateObjectMapping: 0.468100 ms MarkObjects: 8.141600 ms  DeleteObjects: 4.598900 ms)

Prepare: number of updated asset objects reloaded= 0
========================================================================
Received Prepare
Begin MonoManager ReloadAssembly
- Loaded All Assemblies, in  1.076 seconds
Refreshing native plugins compatible for Editor in 2.49 ms, found 5 plugins.
Native extension for WindowsStandalone target not found
[Package Manager] Failed to launch server process. Reason: Unity was launched with the -noUpm command-line argument
[Package Manager] Unable to send message (not connected to server process).
[Package Manager] Cannot connect to Unity Package Manager local server
[Package Manager] Failed to launch server process. Reason: Unity was launched with the -noUpm command-line argument
[Package Manager] Unable to send message (not connected to server process).
[Package Manager] Cannot connect to Unity Package Manager local server
ScheduleIndexationOnStartup MainProcess:False IndexOnStartup:True
Mono: successfully reloaded assembly
- Finished resetting the current domain, in  1.029 seconds
Domain Reload Profiling: 2110ms
	BeginReloadAssembly (318ms)
		ExecutionOrderSort (0ms)
		DisableScriptedObjects (17ms)
		BackupInstance (0ms)
		ReleaseScriptingObjects (0ms)
		CreateAndSetChildDomain (60ms)
	RebuildCommonClasses (66ms)
	RebuildNativeTypeToScriptingClass (24ms)
	initialDomainReloadingComplete (28ms)
	LoadAllAssembliesAndSetupDomain (643ms)
		LoadAssemblies (499ms)
		RebuildTransferFunctionScriptingTraits (0ms)
		AnalyzeDomain (320ms)
			TypeCache.Refresh (15ms)
				TypeCache.ScanAssembly (1ms)
			BuildScriptInfoCaches (286ms)
			ResolveRequiredComponents (12ms)
	FinalizeReload (1030ms)
		ReleaseScriptCaches (0ms)
		RebuildScriptCaches (0ms)
		SetupLoadedEditorAssemblies (782ms)
			LogAssemblyErrors (0ms)
			InitializePlatformSupportModulesInManaged (2ms)
			SetLoadedEditorAssemblies (6ms)
			BeforeProcessingInitializeOnLoad (208ms)
			ProcessInitializeOnLoadAttributes (461ms)
			ProcessInitializeOnLoadMethodAttributes (101ms)
			AfterProcessingInitializeOnLoad (3ms)
			EditorAssembliesLoaded (0ms)
		ExecutionOrderSort2 (0ms)
		AwakeInstancesAfterBackupRestoration (23ms)
Refreshing native plugins compatible for Editor in 2.51 ms, found 5 plugins.
Preloading 0 native plugins for Editor in 0.00 ms.
Unloading 16 Unused Serialized files (Serialized files now loaded: 0)
Unloading 7193 unused Assets / (4.3 MB). Loaded Objects now: 8151.
Memory consumption went from 161.0 MB to 156.7 MB.
Total: 12.668500 ms (FindLiveObjects: 1.363100 ms CreateObjectMapping: 0.614600 ms MarkObjects: 7.472900 ms  DeleteObjects: 3.216500 ms)

Prepare: number of updated asset objects reloaded= 0
========================================================================
Received Prepare
Refreshing native plugins compatible for Editor in 2.68 ms, found 5 plugins.
Preloading 0 native plugins for Editor in 0.00 ms.
Unloading 16 Unused Serialized files (Serialized files now loaded: 0)
Unloading 7178 unused Assets / (4.4 MB). Loaded Objects now: 8151.
Memory consumption went from 161.1 MB to 156.7 MB.
Total: 13.377000 ms (FindLiveObjects: 1.337900 ms CreateObjectMapping: 0.662300 ms MarkObjects: 7.848800 ms  DeleteObjects: 3.526400 ms)

Prepare: number of updated asset objects reloaded= 0
========================================================================
Received Prepare
Begin MonoManager ReloadAssembly
[Licensing::Client] Successfully resolved entitlement details
- Loaded All Assemblies, in  1.116 seconds
Refreshing native plugins compatible for Editor in 3.40 ms, found 5 plugins.
Native extension for WindowsStandalone target not found
[Package Manager] Failed to launch server process. Reason: Unity was launched with the -noUpm command-line argument
[Package Manager] Unable to send message (not connected to server process).
[Package Manager] Cannot connect to Unity Package Manager local server
[Package Manager] Failed to launch server process. Reason: Unity was launched with the -noUpm command-line argument
[Package Manager] Unable to send message (not connected to server process).
[Package Manager] Cannot connect to Unity Package Manager local server
ScheduleIndexationOnStartup MainProcess:False IndexOnStartup:True
Mono: successfully reloaded assembly
- Finished resetting the current domain, in  1.083 seconds
Domain Reload Profiling: 2203ms
	BeginReloadAssembly (345ms)
		ExecutionOrderSort (0ms)
		DisableScriptedObjects (16ms)
		BackupInstance (0ms)
		ReleaseScriptingObjects (0ms)
		CreateAndSetChildDomain (62ms)
	RebuildCommonClasses (60ms)
	RebuildNativeTypeToScriptingClass (19ms)
	initialDomainReloadingComplete (36ms)
	LoadAllAssembliesAndSetupDomain (659ms)
		LoadAssemblies (533ms)
		RebuildTransferFunctionScriptingTraits (0ms)
		AnalyzeDomain (318ms)
			TypeCache.Refresh (13ms)
				TypeCache.ScanAssembly (0ms)
			BuildScriptInfoCaches (284ms)
			ResolveRequiredComponents (12ms)
	FinalizeReload (1083ms)
		ReleaseScriptCaches (0ms)
		RebuildScriptCaches (0ms)
		SetupLoadedEditorAssemblies (834ms)
			LogAssemblyErrors (0ms)
			InitializePlatformSupportModulesInManaged (4ms)
			SetLoadedEditorAssemblies (8ms)
			BeforeProcessingInitializeOnLoad (228ms)
			ProcessInitializeOnLoadAttributes (482ms)
			ProcessInitializeOnLoadMethodAttributes (109ms)
			AfterProcessingInitializeOnLoad (3ms)
			EditorAssembliesLoaded (0ms)
		ExecutionOrderSort2 (0ms)
		AwakeInstancesAfterBackupRestoration (18ms)
Refreshing native plugins compatible for Editor in 3.48 ms, found 5 plugins.
Preloading 0 native plugins for Editor in 0.00 ms.
Unloading 16 Unused Serialized files (Serialized files now loaded: 0)
Unloading 7193 unused Assets / (4.4 MB). Loaded Objects now: 8154.
Memory consumption went from 161.0 MB to 156.6 MB.
Total: 13.178200 ms (FindLiveObjects: 1.349500 ms CreateObjectMapping: 0.625000 ms MarkObjects: 7.700400 ms  DeleteObjects: 3.501700 ms)

Prepare: number of updated asset objects reloaded= 0
========================================================================
Received Import Request.
  Time since last request: 824.204119 seconds.
  path: Assets/Scripts/Player/Mobile Controls/MobileAimTouch.cs
  artifactKey: Guid(af4e256960f8889449ad3c27c8e37714) Importer(2089858483,b0f066a214c2f5e87bad3c948f4d605d)
Start importing Assets/Scripts/Player/Mobile Controls/MobileAimTouch.cs using Guid(af4e256960f8889449ad3c27c8e37714) Importer(2089858483,b0f066a214c2f5e87bad3c948f4d605d) (ScriptedImporter) -> (artifact id: '26c715d8fb2ae5e6f81bf143f697cb46') in 0.2857659 seconds
Number of updated asset objects reloaded before import = 0Number of asset objects unloaded after import = 0

========================================================================
Received Import Request.
  Time since last request: 0.000024 seconds.
  path: Assets/Scripts/Player/PlayerBoost.cs
  artifactKey: Guid(8ae6bf6da22b9a244a3a1917b42724e2) Importer(2089858483,b0f066a214c2f5e87bad3c948f4d605d)
Start importing Assets/Scripts/Player/PlayerBoost.cs using Guid(8ae6bf6da22b9a244a3a1917b42724e2) Importer(2089858483,b0f066a214c2f5e87bad3c948f4d605d) (ScriptedImporter) -> (artifact id: '82a2dca9cdf1d7ecbb087d06ebeb8afd') in 0.021013 seconds
Number of updated asset objects reloaded before import = 0Number of asset objects unloaded after import = 0

========================================================================
Received Prepare
Refreshing native plugins compatible for Editor in 2.74 ms, found 5 plugins.
Preloading 0 native plugins for Editor in 0.00 ms.
Unloading 16 Unused Serialized files (Serialized files now loaded: 0)
Unloading 7179 unused Assets / (4.5 MB). Loaded Objects now: 8155.
Memory consumption went from 161.2 MB to 156.6 MB.
Total: 12.116300 ms (FindLiveObjects: 1.084700 ms CreateObjectMapping: 0.522400 ms MarkObjects: 6.765700 ms  DeleteObjects: 3.742100 ms)

Prepare: number of updated asset objects reloaded= 0
========================================================================
Received Import Request.
  Time since last request: 0.482186 seconds.
  path: Assets/Scripts/UI/FluxUIController.cs
  artifactKey: Guid(f24b7fc143fdd064e8109de5589b1f22) Importer(815301076,1909f56bfc062723c751e8b465ee728b)
Start importing Assets/Scripts/UI/FluxUIController.cs using Guid(f24b7fc143fdd064e8109de5589b1f22) Importer(815301076,1909f56bfc062723c751e8b465ee728b) (PreviewImporter) -> (artifact id: 'edfca0174adccfaaa626a9137a5679e0') in 0.0080962 seconds
Number of updated asset objects reloaded before import = 0Number of asset objects unloaded after import = 0

========================================================================
Received Prepare
Refreshing native plugins compatible for Editor in 3.74 ms, found 5 plugins.
Preloading 0 native plugins for Editor in 0.00 ms.
Unloading 16 Unused Serialized files (Serialized files now loaded: 0)
Unloading 7179 unused Assets / (4.2 MB). Loaded Objects now: 8155.
Memory consumption went from 161.2 MB to 156.9 MB.
Total: 14.487800 ms (FindLiveObjects: 1.281400 ms CreateObjectMapping: 0.695600 ms MarkObjects: 8.150900 ms  DeleteObjects: 4.358100 ms)

Prepare: number of updated asset objects reloaded= 0
========================================================================
Received Import Request.
  Time since last request: 9.090921 seconds.
  path: Assets/Scripts/UI/FluxUIController.cs
  artifactKey: Guid(f24b7fc143fdd064e8109de5589b1f22) Importer(815301076,1909f56bfc062723c751e8b465ee728b)
Start importing Assets/Scripts/UI/FluxUIController.cs using Guid(f24b7fc143fdd064e8109de5589b1f22) Importer(815301076,1909f56bfc062723c751e8b465ee728b) (PreviewImporter) -> (artifact id: 'c0a5725cc339d0dab27638bc3dda36d5') in 0.0063703 seconds
Number of updated asset objects reloaded before import = 0Number of asset objects unloaded after import = 0

========================================================================
Received Import Request.
  Time since last request: 0.024280 seconds.
  path: Assets/Scripts/Player/GunnerAim.cs
  artifactKey: Guid(770c07b6350370546a5a9934cdbf3b7d) Importer(2089858483,b0f066a214c2f5e87bad3c948f4d605d)
Start importing Assets/Scripts/Player/GunnerAim.cs using Guid(770c07b6350370546a5a9934cdbf3b7d) Importer(2089858483,b0f066a214c2f5e87bad3c948f4d605d) (ScriptedImporter) -> (artifact id: '81adc99ebba46e93641bb2e0f36b85e6') in 0.0118061 seconds
Number of updated asset objects reloaded before import = 0Number of asset objects unloaded after import = 0

========================================================================
Received Import Request.
  Time since last request: 0.000022 seconds.
  path: Assets/Scripts/Core/RoundManager.cs
  artifactKey: Guid(4ec9400c7e3ad6841a6ec2d9dda68dee) Importer(2089858483,b0f066a214c2f5e87bad3c948f4d605d)
Start importing Assets/Scripts/Core/RoundManager.cs using Guid(4ec9400c7e3ad6841a6ec2d9dda68dee) Importer(2089858483,b0f066a214c2f5e87bad3c948f4d605d) (ScriptedImporter) -> (artifact id: '73707c4f63da70023cb19f0da5631d4a') in 0.0100553 seconds
Number of updated asset objects reloaded before import = 0Number of asset objects unloaded after import = 0

========================================================================
Received Import Request.
  Time since last request: 0.434294 seconds.
  path: Assets/Scripts/UI/FluxUIController.cs
  artifactKey: Guid(f24b7fc143fdd064e8109de5589b1f22) Importer(2089858483,b0f066a214c2f5e87bad3c948f4d605d)
Start importing Assets/Scripts/UI/FluxUIController.cs using Guid(f24b7fc143fdd064e8109de5589b1f22) Importer(2089858483,b0f066a214c2f5e87bad3c948f4d605d) (ScriptedImporter) -> (artifact id: 'fe0629811191ed6f1994e9d2624d5a1a') in 0.0133686 seconds
Number of updated asset objects reloaded before import = 0Number of asset objects unloaded after import = 0

========================================================================
Received Prepare
Begin MonoManager ReloadAssembly
[Licensing::Client] Successfully resolved entitlement details
- Loaded All Assemblies, in  1.035 seconds
Refreshing native plugins compatible for Editor in 2.46 ms, found 5 plugins.
Native extension for WindowsStandalone target not found
[Package Manager] Failed to launch server process. Reason: Unity was launched with the -noUpm command-line argument
[Package Manager] Unable to send message (not connected to server process).
[Package Manager] Cannot connect to Unity Package Manager local server
[Package Manager] Failed to launch server process. Reason: Unity was launched with the -noUpm command-line argument
[Package Manager] Unable to send message (not connected to server process).
[Package Manager] Cannot connect to Unity Package Manager local server
ScheduleIndexationOnStartup MainProcess:False IndexOnStartup:True
Mono: successfully reloaded assembly
- Finished resetting the current domain, in  0.862 seconds
Domain Reload Profiling: 1901ms
	BeginReloadAssembly (332ms)
		ExecutionOrderSort (0ms)
		DisableScriptedObjects (18ms)
		BackupInstance (0ms)
		ReleaseScriptingObjects (0ms)
		CreateAndSetChildDomain (71ms)
	RebuildCommonClasses (47ms)
	RebuildNativeTypeToScriptingClass (20ms)
	initialDomainReloadingComplete (29ms)
	LoadAllAssembliesAndSetupDomain (611ms)
		LoadAssemblies (488ms)
		RebuildTransferFunctionScriptingTraits (0ms)
		AnalyzeDomain (299ms)
			TypeCache.Refresh (16ms)
				TypeCache.ScanAssembly (1ms)
			BuildScriptInfoCaches (263ms)
			ResolveRequiredComponents (12ms)
	FinalizeReload (863ms)
		ReleaseScriptCaches (0ms)
		RebuildScriptCaches (0ms)
		SetupLoadedEditorAssemblies (665ms)
			LogAssemblyErrors (0ms)
			InitializePlatformSupportModulesInManaged (3ms)
			SetLoadedEditorAssemblies (5ms)
			BeforeProcessingInitializeOnLoad (164ms)
			ProcessInitializeOnLoadAttributes (401ms)
			ProcessInitializeOnLoadMethodAttributes (89ms)
			AfterProcessingInitializeOnLoad (2ms)
			EditorAssembliesLoaded (0ms)
		ExecutionOrderSort2 (0ms)
		AwakeInstancesAfterBackupRestoration (17ms)
Refreshing native plugins compatible for Editor in 3.03 ms, found 5 plugins.
Preloading 0 native plugins for Editor in 0.00 ms.
Unloading 16 Unused Serialized files (Serialized files now loaded: 0)
Unloading 7194 unused Assets / (3.9 MB). Loaded Objects now: 8158.
Memory consumption went from 161.1 MB to 157.2 MB.
Total: 11.959200 ms (FindLiveObjects: 1.275300 ms CreateObjectMapping: 0.598300 ms MarkObjects: 6.974100 ms  DeleteObjects: 3.109800 ms)

Prepare: number of updated asset objects reloaded= 0
========================================================================
Received Prepare
Refreshing native plugins compatible for Editor in 3.51 ms, found 5 plugins.
Preloading 0 native plugins for Editor in 0.00 ms.
Unloading 16 Unused Serialized files (Serialized files now loaded: 0)
Unloading 7179 unused Assets / (4.9 MB). Loaded Objects now: 8158.
Memory consumption went from 161.2 MB to 156.3 MB.
Total: 14.669200 ms (FindLiveObjects: 1.218200 ms CreateObjectMapping: 0.836800 ms MarkObjects: 8.429800 ms  DeleteObjects: 4.182900 ms)

Prepare: number of updated asset objects reloaded= 0
========================================================================
Received Prepare
Begin MonoManager ReloadAssembly
[Licensing::Client] Successfully resolved entitlement details
- Loaded All Assemblies, in  1.141 seconds
Refreshing native plugins compatible for Editor in 2.43 ms, found 5 plugins.
Native extension for WindowsStandalone target not found
[Package Manager] Failed to launch server process. Reason: Unity was launched with the -noUpm command-line argument
[Package Manager] Unable to send message (not connected to server process).
[Package Manager] Cannot connect to Unity Package Manager local server
[Package Manager] Failed to launch server process. Reason: Unity was launched with the -noUpm command-line argument
[Package Manager] Unable to send message (not connected to server process).
[Package Manager] Cannot connect to Unity Package Manager local server
ScheduleIndexationOnStartup MainProcess:False IndexOnStartup:True
Mono: successfully reloaded assembly
- Finished resetting the current domain, in  0.879 seconds
Domain Reload Profiling: 2024ms
	BeginReloadAssembly (341ms)
		ExecutionOrderSort (0ms)
		DisableScriptedObjects (25ms)
		BackupInstance (0ms)
		ReleaseScriptingObjects (0ms)
		CreateAndSetChildDomain (58ms)
	RebuildCommonClasses (66ms)
	RebuildNativeTypeToScriptingClass (18ms)
	initialDomainReloadingComplete (31ms)
	LoadAllAssembliesAndSetupDomain (688ms)
		LoadAssemblies (537ms)
		RebuildTransferFunctionScriptingTraits (0ms)
		AnalyzeDomain (336ms)
			TypeCache.Refresh (12ms)
				TypeCache.ScanAssembly (0ms)
			BuildScriptInfoCaches (301ms)
			ResolveRequiredComponents (17ms)
	FinalizeReload (879ms)
		ReleaseScriptCaches (0ms)
		RebuildScriptCaches (0ms)
		SetupLoadedEditorAssemblies (678ms)
			LogAssemblyErrors (0ms)
			InitializePlatformSupportModulesInManaged (3ms)
			SetLoadedEditorAssemblies (6ms)
			BeforeProcessingInitializeOnLoad (187ms)
			ProcessInitializeOnLoadAttributes (390ms)
			ProcessInitializeOnLoadMethodAttributes (89ms)
			AfterProcessingInitializeOnLoad (2ms)
			EditorAssembliesLoaded (0ms)
		ExecutionOrderSort2 (0ms)
		AwakeInstancesAfterBackupRestoration (16ms)
Refreshing native plugins compatible for Editor in 3.04 ms, found 5 plugins.
Preloading 0 native plugins for Editor in 0.00 ms.
Unloading 16 Unused Serialized files (Serialized files now loaded: 0)
Unloading 7194 unused Assets / (4.0 MB). Loaded Objects now: 8161.
Memory consumption went from 161.1 MB to 157.1 MB.
Total: 10.643300 ms (FindLiveObjects: 1.087800 ms CreateObjectMapping: 0.465000 ms MarkObjects: 6.176500 ms  DeleteObjects: 2.912700 ms)

Prepare: number of updated asset objects reloaded= 0
========================================================================
Received Prepare
Refreshing native plugins compatible for Editor in 3.27 ms, found 5 plugins.
Preloading 0 native plugins for Editor in 0.00 ms.
Unloading 16 Unused Serialized files (Serialized files now loaded: 0)
Unloading 7179 unused Assets / (5.8 MB). Loaded Objects now: 8161.
Memory consumption went from 161.2 MB to 155.5 MB.
Total: 14.585000 ms (FindLiveObjects: 1.140700 ms CreateObjectMapping: 0.459700 ms MarkObjects: 8.549300 ms  DeleteObjects: 4.432900 ms)

Prepare: number of updated asset objects reloaded= 0
========================================================================
Received Prepare
Refreshing native plugins compatible for Editor in 2.65 ms, found 5 plugins.
Preloading 0 native plugins for Editor in 0.00 ms.
Unloading 16 Unused Serialized files (Serialized files now loaded: 0)
Unloading 7179 unused Assets / (4.9 MB). Loaded Objects now: 8161.
Memory consumption went from 161.2 MB to 156.4 MB.
Total: 14.694200 ms (FindLiveObjects: 1.220400 ms CreateObjectMapping: 0.579100 ms MarkObjects: 8.517400 ms  DeleteObjects: 4.375700 ms)

Prepare: number of updated asset objects reloaded= 0
========================================================================
Received Prepare
Begin MonoManager ReloadAssembly
[Licensing::Client] Successfully resolved entitlement details
- Loaded All Assemblies, in  1.028 seconds
Refreshing native plugins compatible for Editor in 3.33 ms, found 5 plugins.
Native extension for WindowsStandalone target not found
[Package Manager] Failed to launch server process. Reason: Unity was launched with the -noUpm command-line argument
[Package Manager] Unable to send message (not connected to server process).
[Package Manager] Cannot connect to Unity Package Manager local server
[Package Manager] Failed to launch server process. Reason: Unity was launched with the -noUpm command-line argument
[Package Manager] Unable to send message (not connected to server process).
[Package Manager] Cannot connect to Unity Package Manager local server
ScheduleIndexationOnStartup MainProcess:False IndexOnStartup:True
Mono: successfully reloaded assembly
- Finished resetting the current domain, in  1.046 seconds
Domain Reload Profiling: 2078ms
	BeginReloadAssembly (336ms)
		ExecutionOrderSort (0ms)
		DisableScriptedObjects (19ms)
		BackupInstance (0ms)
		ReleaseScriptingObjects (0ms)
		CreateAndSetChildDomain (61ms)
	RebuildCommonClasses (54ms)
	RebuildNativeTypeToScriptingClass (19ms)
	initialDomainReloadingComplete (35ms)
	LoadAllAssembliesAndSetupDomain (587ms)
		LoadAssemblies (473ms)
		RebuildTransferFunctionScriptingTraits (0ms)
		AnalyzeDomain (292ms)
			TypeCache.Refresh (12ms)
				TypeCache.ScanAssembly (0ms)
			BuildScriptInfoCaches (255ms)
			ResolveRequiredComponents (18ms)
	FinalizeReload (1047ms)
		ReleaseScriptCaches (0ms)
		RebuildScriptCaches (0ms)
		SetupLoadedEditorAssemblies (824ms)
			LogAssemblyErrors (0ms)
			InitializePlatformSupportModulesInManaged (2ms)
			SetLoadedEditorAssemblies (6ms)
			BeforeProcessingInitializeOnLoad (210ms)
			ProcessInitializeOnLoadAttributes (490ms)
			ProcessInitializeOnLoadMethodAttributes (112ms)
			AfterProcessingInitializeOnLoad (3ms)
			EditorAssembliesLoaded (0ms)
		ExecutionOrderSort2 (0ms)
		AwakeInstancesAfterBackupRestoration (22ms)
Refreshing native plugins compatible for Editor in 3.25 ms, found 5 plugins.
Preloading 0 native plugins for Editor in 0.00 ms.
Unloading 16 Unused Serialized files (Serialized files now loaded: 0)
Unloading 7194 unused Assets / (5.6 MB). Loaded Objects now: 8164.
Memory consumption went from 161.2 MB to 155.6 MB.
Total: 14.158400 ms (FindLiveObjects: 1.210300 ms CreateObjectMapping: 0.455800 ms MarkObjects: 8.085300 ms  DeleteObjects: 4.405200 ms)

Prepare: number of updated asset objects reloaded= 0
========================================================================
Received Prepare
Refreshing native plugins compatible for Editor in 3.99 ms, found 5 plugins.
Preloading 0 native plugins for Editor in 0.00 ms.
Unloading 16 Unused Serialized files (Serialized files now loaded: 0)
Unloading 7179 unused Assets / (4.8 MB). Loaded Objects now: 8164.
Memory consumption went from 161.3 MB to 156.5 MB.
Total: 13.909800 ms (FindLiveObjects: 1.585100 ms CreateObjectMapping: 0.972100 ms MarkObjects: 7.623200 ms  DeleteObjects: 3.727200 ms)

Prepare: number of updated asset objects reloaded= 0
========================================================================
Received Prepare
Refreshing native plugins compatible for Editor in 2.58 ms, found 5 plugins.
Preloading 0 native plugins for Editor in 0.00 ms.
Unloading 16 Unused Serialized files (Serialized files now loaded: 0)
Unloading 7179 unused Assets / (4.1 MB). Loaded Objects now: 8164.
Memory consumption went from 161.3 MB to 157.2 MB.
Total: 12.368200 ms (FindLiveObjects: 1.372600 ms CreateObjectMapping: 0.643800 ms MarkObjects: 6.089300 ms  DeleteObjects: 4.261100 ms)

Prepare: number of updated asset objects reloaded= 0
========================================================================
Received Prepare
Refreshing native plugins compatible for Editor in 3.90 ms, found 5 plugins.
Preloading 0 native plugins for Editor in 0.00 ms.
Unloading 16 Unused Serialized files (Serialized files now loaded: 0)
Unloading 7179 unused Assets / (4.7 MB). Loaded Objects now: 8164.
Memory consumption went from 161.3 MB to 156.6 MB.
Total: 14.385200 ms (FindLiveObjects: 1.369700 ms CreateObjectMapping: 0.628600 ms MarkObjects: 8.157900 ms  DeleteObjects: 4.227700 ms)

Prepare: number of updated asset objects reloaded= 0
========================================================================
Received Prepare
Begin MonoManager ReloadAssembly
- Loaded All Assemblies, in  1.106 seconds
Refreshing native plugins compatible for Editor in 2.29 ms, found 5 plugins.
Native extension for WindowsStandalone target not found
[Package Manager] Failed to launch server process. Reason: Unity was launched with the -noUpm command-line argument
[Package Manager] Unable to send message (not connected to server process).
[Package Manager] Cannot connect to Unity Package Manager local server
[Package Manager] Failed to launch server process. Reason: Unity was launched with the -noUpm command-line argument
[Package Manager] Unable to send message (not connected to server process).
[Package Manager] Cannot connect to Unity Package Manager local server
ScheduleIndexationOnStartup MainProcess:False IndexOnStartup:True
Mono: successfully reloaded assembly
- Finished resetting the current domain, in  1.072 seconds
Domain Reload Profiling: 2183ms
	BeginReloadAssembly (346ms)
		ExecutionOrderSort (0ms)
		DisableScriptedObjects (21ms)
		BackupInstance (0ms)
		ReleaseScriptingObjects (0ms)
		CreateAndSetChildDomain (62ms)
	RebuildCommonClasses (56ms)
	RebuildNativeTypeToScriptingClass (17ms)
	initialDomainReloadingComplete (33ms)
	LoadAllAssembliesAndSetupDomain (660ms)
		LoadAssemblies (528ms)
		RebuildTransferFunctionScriptingTraits (0ms)
		AnalyzeDomain (315ms)
			TypeCache.Refresh (13ms)
				TypeCache.ScanAssembly (1ms)
			BuildScriptInfoCaches (279ms)
			ResolveRequiredComponents (16ms)
	FinalizeReload (1072ms)
		ReleaseScriptCaches (0ms)
		RebuildScriptCaches (0ms)
		SetupLoadedEditorAssemblies (832ms)
			LogAssemblyErrors (0ms)
			InitializePlatformSupportModulesInManaged (2ms)
			SetLoadedEditorAssemblies (5ms)
			BeforeProcessingInitializeOnLoad (215ms)
			ProcessInitializeOnLoadAttributes (494ms)
			ProcessInitializeOnLoadMethodAttributes (112ms)
			AfterProcessingInitializeOnLoad (3ms)
			EditorAssembliesLoaded (1ms)
		ExecutionOrderSort2 (0ms)
		AwakeInstancesAfterBackupRestoration (24ms)
Refreshing native plugins compatible for Editor in 3.09 ms, found 5 plugins.
Preloading 0 native plugins for Editor in 0.00 ms.
Unloading 16 Unused Serialized files (Serialized files now loaded: 0)
Unloading 7194 unused Assets / (4.4 MB). Loaded Objects now: 8167.
Memory consumption went from 161.2 MB to 156.8 MB.
Total: 13.038800 ms (FindLiveObjects: 1.328200 ms CreateObjectMapping: 0.527700 ms MarkObjects: 6.945900 ms  DeleteObjects: 4.235300 ms)

Prepare: number of updated asset objects reloaded= 0
========================================================================
Received Prepare
Refreshing native plugins compatible for Editor in 2.97 ms, found 5 plugins.
Preloading 0 native plugins for Editor in 0.00 ms.
Unloading 16 Unused Serialized files (Serialized files now loaded: 0)
Unloading 7179 unused Assets / (5.1 MB). Loaded Objects now: 8167.
Memory consumption went from 161.3 MB to 156.2 MB.
Total: 14.218900 ms (FindLiveObjects: 1.222100 ms CreateObjectMapping: 0.459900 ms MarkObjects: 8.154000 ms  DeleteObjects: 4.381200 ms)

Prepare: number of updated asset objects reloaded= 0
========================================================================
Received Prepare
Begin MonoManager ReloadAssembly
[Licensing::Client] Successfully resolved entitlement details
- Loaded All Assemblies, in  1.049 seconds
Refreshing native plugins compatible for Editor in 3.72 ms, found 5 plugins.
Native extension for WindowsStandalone target not found
[Package Manager] Failed to launch server process. Reason: Unity was launched with the -noUpm command-line argument
[Package Manager] Unable to send message (not connected to server process).
[Package Manager] Cannot connect to Unity Package Manager local server
[Package Manager] Failed to launch server process. Reason: Unity was launched with the -noUpm command-line argument
[Package Manager] Unable to send message (not connected to server process).
[Package Manager] Cannot connect to Unity Package Manager local server
ScheduleIndexationOnStartup MainProcess:False IndexOnStartup:True
Mono: successfully reloaded assembly
- Finished resetting the current domain, in  1.019 seconds
Domain Reload Profiling: 2074ms
	BeginReloadAssembly (345ms)
		ExecutionOrderSort (0ms)
		DisableScriptedObjects (22ms)
		BackupInstance (0ms)
		ReleaseScriptingObjects (0ms)
		CreateAndSetChildDomain (69ms)
	RebuildCommonClasses (43ms)
	RebuildNativeTypeToScriptingClass (17ms)
	initialDomainReloadingComplete (31ms)
	LoadAllAssembliesAndSetupDomain (619ms)
		LoadAssemblies (507ms)
		RebuildTransferFunctionScriptingTraits (0ms)
		AnalyzeDomain (290ms)
			TypeCache.Refresh (13ms)
				TypeCache.ScanAssembly (1ms)
			BuildScriptInfoCaches (259ms)
			ResolveRequiredComponents (12ms)
	FinalizeReload (1020ms)
		ReleaseScriptCaches (0ms)
		RebuildScriptCaches (0ms)
		SetupLoadedEditorAssemblies (773ms)
			LogAssemblyErrors (0ms)
			InitializePlatformSupportModulesInManaged (3ms)
			SetLoadedEditorAssemblies (8ms)
			BeforeProcessingInitializeOnLoad (211ms)
			ProcessInitializeOnLoadAttributes (453ms)
			ProcessInitializeOnLoadMethodAttributes (95ms)
			AfterProcessingInitializeOnLoad (2ms)
			EditorAssembliesLoaded (1ms)
		ExecutionOrderSort2 (0ms)
		AwakeInstancesAfterBackupRestoration (21ms)
Refreshing native plugins compatible for Editor in 3.42 ms, found 5 plugins.
Preloading 0 native plugins for Editor in 0.00 ms.
Unloading 16 Unused Serialized files (Serialized files now loaded: 0)
Unloading 7194 unused Assets / (4.4 MB). Loaded Objects now: 8170.
Memory consumption went from 161.3 MB to 156.9 MB.
Total: 12.712400 ms (FindLiveObjects: 1.335000 ms CreateObjectMapping: 0.625200 ms MarkObjects: 7.328900 ms  DeleteObjects: 3.421200 ms)

Prepare: number of updated asset objects reloaded= 0
========================================================================
Received Import Request.
  Time since last request: 986.961208 seconds.
  path: Assets/Scripts/Pool
  artifactKey: Guid(2668a015c7590704ea42e5b0fbbafd93) Importer(815301076,1909f56bfc062723c751e8b465ee728b)
Start importing Assets/Scripts/Pool using Guid(2668a015c7590704ea42e5b0fbbafd93) Importer(815301076,1909f56bfc062723c751e8b465ee728b) (PreviewImporter) -> (artifact id: '30715fbd69ba0d451ff6323fe413d8be') in 0.0886045 seconds
Number of updated asset objects reloaded before import = 0Number of asset objects unloaded after import = 0

========================================================================
Received Import Request.
  Time since last request: 3.095112 seconds.
  path: Assets/Scripts/UI/FluxUIController.cs
  artifactKey: Guid(f24b7fc143fdd064e8109de5589b1f22) Importer(2089858483,b0f066a214c2f5e87bad3c948f4d605d)
Start importing Assets/Scripts/UI/FluxUIController.cs using Guid(f24b7fc143fdd064e8109de5589b1f22) Importer(2089858483,b0f066a214c2f5e87bad3c948f4d605d) (ScriptedImporter) -> (artifact id: '84dd59d9b5336c1954063def74017503') in 0.11686 seconds
Number of updated asset objects reloaded before import = 0Number of asset objects unloaded after import = 0

========================================================================
Received Import Request.
  Time since last request: 0.000031 seconds.
  path: Assets/Scripts/Core/RoundManager.cs
  artifactKey: Guid(4ec9400c7e3ad6841a6ec2d9dda68dee) Importer(2089858483,b0f066a214c2f5e87bad3c948f4d605d)
Start importing Assets/Scripts/Core/RoundManager.cs using Guid(4ec9400c7e3ad6841a6ec2d9dda68dee) Importer(2089858483,b0f066a214c2f5e87bad3c948f4d605d) (ScriptedImporter) -> (artifact id: 'df1cc9faeeefcb9ffce5ace5fc9426c2') in 0.0132167 seconds
Number of updated asset objects reloaded before import = 0Number of asset objects unloaded after import = 0

========================================================================
Received Import Request.
  Time since last request: 0.000033 seconds.
  path: Assets/Scripts/Player/PlayerHealth.cs
  artifactKey: Guid(d98cc010f9aa93c45ba25175daf163c7) Importer(2089858483,b0f066a214c2f5e87bad3c948f4d605d)
Start importing Assets/Scripts/Player/PlayerHealth.cs using Guid(d98cc010f9aa93c45ba25175daf163c7) Importer(2089858483,b0f066a214c2f5e87bad3c948f4d605d) (ScriptedImporter) -> (artifact id: 'b908ae5dbbd058d78e300da257b9d223') in 0.0144749 seconds
Number of updated asset objects reloaded before import = 0Number of asset objects unloaded after import = 0

========================================================================
Received Prepare
Refreshing native plugins compatible for Editor in 2.92 ms, found 5 plugins.
Preloading 0 native plugins for Editor in 0.00 ms.
Unloading 16 Unused Serialized files (Serialized files now loaded: 0)
Unloading 7180 unused Assets / (4.3 MB). Loaded Objects now: 8171.
Memory consumption went from 161.4 MB to 157.2 MB.
Total: 11.870100 ms (FindLiveObjects: 1.198300 ms CreateObjectMapping: 0.472000 ms MarkObjects: 7.318600 ms  DeleteObjects: 2.879600 ms)

Prepare: number of updated asset objects reloaded= 0
========================================================================
Received Import Request.
  Time since last request: 0.553530 seconds.
  path: Assets/Scripts/Pool/IPoolable.cs
  artifactKey: Guid(b7ef3ad15549c804ea4c607bde460700) Importer(815301076,1909f56bfc062723c751e8b465ee728b)
Start importing Assets/Scripts/Pool/IPoolable.cs using Guid(b7ef3ad15549c804ea4c607bde460700) Importer(815301076,1909f56bfc062723c751e8b465ee728b) (PreviewImporter) -> (artifact id: 'bca37d2c21d73823dce9a387290ade46') in 0.0063564 seconds
Number of updated asset objects reloaded before import = 0Number of asset objects unloaded after import = 0

========================================================================
Received Import Request.
  Time since last request: 0.785399 seconds.
  path: Assets/Scripts/Pool/IPoolable.cs
  artifactKey: Guid(b7ef3ad15549c804ea4c607bde460700) Importer(2089858483,b0f066a214c2f5e87bad3c948f4d605d)
Start importing Assets/Scripts/Pool/IPoolable.cs using Guid(b7ef3ad15549c804ea4c607bde460700) Importer(2089858483,b0f066a214c2f5e87bad3c948f4d605d) (ScriptedImporter) -> (artifact id: 'c93c0cf95a267bd6d36a236e8cc8f4f6') in 0.0213905 seconds
Number of updated asset objects reloaded before import = 0Number of asset objects unloaded after import = 0

========================================================================
Received Prepare
Begin MonoManager ReloadAssembly
- Loaded All Assemblies, in  1.331 seconds
Refreshing native plugins compatible for Editor in 2.74 ms, found 5 plugins.
Native extension for WindowsStandalone target not found
[Package Manager] Failed to launch server process. Reason: Unity was launched with the -noUpm command-line argument
[Package Manager] Unable to send message (not connected to server process).
[Package Manager] Cannot connect to Unity Package Manager local server
[Package Manager] Failed to launch server process. Reason: Unity was launched with the -noUpm command-line argument
[Package Manager] Unable to send message (not connected to server process).
[Package Manager] Cannot connect to Unity Package Manager local server
ScheduleIndexationOnStartup MainProcess:False IndexOnStartup:True
Mono: successfully reloaded assembly
- Finished resetting the current domain, in  1.141 seconds
Domain Reload Profiling: 2477ms
	BeginReloadAssembly (395ms)
		ExecutionOrderSort (0ms)
		DisableScriptedObjects (24ms)
		BackupInstance (0ms)
		ReleaseScriptingObjects (0ms)
		CreateAndSetChildDomain (81ms)
	RebuildCommonClasses (62ms)
	RebuildNativeTypeToScriptingClass (46ms)
	initialDomainReloadingComplete (46ms)
	LoadAllAssembliesAndSetupDomain (785ms)
		LoadAssemblies (605ms)
		RebuildTransferFunctionScriptingTraits (0ms)
		AnalyzeDomain (395ms)
			TypeCache.Refresh (14ms)
				TypeCache.ScanAssembly (1ms)
			BuildScriptInfoCaches (360ms)
			ResolveRequiredComponents (15ms)
	FinalizeReload (1142ms)
		ReleaseScriptCaches (0ms)
		RebuildScriptCaches (0ms)
		SetupLoadedEditorAssemblies (869ms)
			LogAssemblyErrors (0ms)
			InitializePlatformSupportModulesInManaged (4ms)
			SetLoadedEditorAssemblies (8ms)
			BeforeProcessingInitializeOnLoad (222ms)
			ProcessInitializeOnLoadAttributes (488ms)
			ProcessInitializeOnLoadMethodAttributes (144ms)
			AfterProcessingInitializeOnLoad (3ms)
			EditorAssembliesLoaded (0ms)
		ExecutionOrderSort2 (0ms)
		AwakeInstancesAfterBackupRestoration (45ms)
Refreshing native plugins compatible for Editor in 6.05 ms, found 5 plugins.
Preloading 0 native plugins for Editor in 0.00 ms.
Unloading 16 Unused Serialized files (Serialized files now loaded: 0)
Unloading 7195 unused Assets / (4.3 MB). Loaded Objects now: 8174.
Memory consumption went from 161.3 MB to 157.0 MB.
Total: 22.853400 ms (FindLiveObjects: 2.635400 ms CreateObjectMapping: 4.015600 ms MarkObjects: 10.172600 ms  DeleteObjects: 6.025400 ms)

Prepare: number of updated asset objects reloaded= 0
========================================================================
Received Prepare
Refreshing native plugins compatible for Editor in 4.14 ms, found 5 plugins.
Preloading 0 native plugins for Editor in 0.00 ms.
Unloading 16 Unused Serialized files (Serialized files now loaded: 0)
Unloading 7180 unused Assets / (4.7 MB). Loaded Objects now: 8174.
Memory consumption went from 161.4 MB to 156.7 MB.
Total: 16.202100 ms (FindLiveObjects: 1.448100 ms CreateObjectMapping: 0.929700 ms MarkObjects: 9.199500 ms  DeleteObjects: 4.623000 ms)

Prepare: number of updated asset objects reloaded= 0
========================================================================
Received Prepare
Begin MonoManager ReloadAssembly
- Loaded All Assemblies, in  1.324 seconds
Refreshing native plugins compatible for Editor in 2.67 ms, found 5 plugins.
Native extension for WindowsStandalone target not found
[Package Manager] Failed to launch server process. Reason: Unity was launched with the -noUpm command-line argument
[Package Manager] Unable to send message (not connected to server process).
[Package Manager] Cannot connect to Unity Package Manager local server
[Package Manager] Failed to launch server process. Reason: Unity was launched with the -noUpm command-line argument
[Package Manager] Unable to send message (not connected to server process).
[Package Manager] Cannot connect to Unity Package Manager local server
ScheduleIndexationOnStartup MainProcess:False IndexOnStartup:True
Mono: successfully reloaded assembly
- Finished resetting the current domain, in  0.898 seconds
Domain Reload Profiling: 2228ms
	BeginReloadAssembly (400ms)
		ExecutionOrderSort (0ms)
		DisableScriptedObjects (22ms)
		BackupInstance (0ms)
		ReleaseScriptingObjects (0ms)
		CreateAndSetChildDomain (70ms)
	RebuildCommonClasses (64ms)
	RebuildNativeTypeToScriptingClass (24ms)
	initialDomainReloadingComplete (38ms)
	LoadAllAssembliesAndSetupDomain (803ms)
		LoadAssemblies (649ms)
		RebuildTransferFunctionScriptingTraits (0ms)
		AnalyzeDomain (380ms)
			TypeCache.Refresh (17ms)
				TypeCache.ScanAssembly (1ms)
			BuildScriptInfoCaches (338ms)
			ResolveRequiredComponents (15ms)
	FinalizeReload (898ms)
		ReleaseScriptCaches (0ms)
		RebuildScriptCaches (0ms)
		SetupLoadedEditorAssemblies (698ms)
			LogAssemblyErrors (0ms)
			InitializePlatformSupportModulesInManaged (3ms)
			SetLoadedEditorAssemblies (6ms)
			BeforeProcessingInitializeOnLoad (188ms)
			ProcessInitializeOnLoadAttributes (410ms)
			ProcessInitializeOnLoadMethodAttributes (87ms)
			AfterProcessingInitializeOnLoad (2ms)
			EditorAssembliesLoaded (0ms)
		ExecutionOrderSort2 (0ms)
		AwakeInstancesAfterBackupRestoration (16ms)
Refreshing native plugins compatible for Editor in 2.58 ms, found 5 plugins.
Preloading 0 native plugins for Editor in 0.00 ms.
Unloading 16 Unused Serialized files (Serialized files now loaded: 0)
Unloading 7195 unused Assets / (4.4 MB). Loaded Objects now: 8177.
Memory consumption went from 161.3 MB to 156.9 MB.
Total: 11.540600 ms (FindLiveObjects: 1.107200 ms CreateObjectMapping: 0.475900 ms MarkObjects: 6.421500 ms  DeleteObjects: 3.534500 ms)

Prepare: number of updated asset objects reloaded= 0
========================================================================
Received Prepare
Refreshing native plugins compatible for Editor in 2.81 ms, found 5 plugins.
Preloading 0 native plugins for Editor in 0.00 ms.
Unloading 16 Unused Serialized files (Serialized files now loaded: 0)
Unloading 7181 unused Assets / (4.1 MB). Loaded Objects now: 8178.
Memory consumption went from 161.5 MB to 157.3 MB.
Total: 9.770200 ms (FindLiveObjects: 1.249600 ms CreateObjectMapping: 0.461300 ms MarkObjects: 5.617900 ms  DeleteObjects: 2.439900 ms)

Prepare: number of updated asset objects reloaded= 0
========================================================================
Received Prepare
Refreshing native plugins compatible for Editor in 12.66 ms, found 5 plugins.
Preloading 0 native plugins for Editor in 0.00 ms.
Unloading 16 Unused Serialized files (Serialized files now loaded: 0)
Unloading 7181 unused Assets / (4.8 MB). Loaded Objects now: 8178.
Memory consumption went from 161.5 MB to 156.7 MB.
Total: 15.308400 ms (FindLiveObjects: 1.721600 ms CreateObjectMapping: 0.861300 ms MarkObjects: 8.091000 ms  DeleteObjects: 4.632500 ms)

Prepare: number of updated asset objects reloaded= 0
========================================================================
Received Prepare
Refreshing native plugins compatible for Editor in 3.27 ms, found 5 plugins.
Preloading 0 native plugins for Editor in 0.00 ms.
Unloading 16 Unused Serialized files (Serialized files now loaded: 0)
Unloading 7181 unused Assets / (4.7 MB). Loaded Objects now: 8178.
Memory consumption went from 161.5 MB to 156.8 MB.
Total: 14.162100 ms (FindLiveObjects: 1.408700 ms CreateObjectMapping: 0.822800 ms MarkObjects: 8.148800 ms  DeleteObjects: 3.780500 ms)

Prepare: number of updated asset objects reloaded= 0
========================================================================
Received Prepare
Refreshing native plugins compatible for Editor in 3.43 ms, found 5 plugins.
Preloading 0 native plugins for Editor in 0.00 ms.
Unloading 16 Unused Serialized files (Serialized files now loaded: 0)
Unloading 7181 unused Assets / (4.1 MB). Loaded Objects now: 8178.
Memory consumption went from 161.5 MB to 157.3 MB.
Total: 14.463700 ms (FindLiveObjects: 1.483700 ms CreateObjectMapping: 1.197500 ms MarkObjects: 8.057600 ms  DeleteObjects: 3.723000 ms)

Prepare: number of updated asset objects reloaded= 0
========================================================================
Received Prepare
Refreshing native plugins compatible for Editor in 2.61 ms, found 5 plugins.
Preloading 0 native plugins for Editor in 0.00 ms.
Unloading 16 Unused Serialized files (Serialized files now loaded: 0)
Unloading 7181 unused Assets / (5.6 MB). Loaded Objects now: 8178.
Memory consumption went from 161.5 MB to 155.9 MB.
Total: 12.836600 ms (FindLiveObjects: 1.110200 ms CreateObjectMapping: 0.443100 ms MarkObjects: 7.108900 ms  DeleteObjects: 4.172900 ms)

Prepare: number of updated asset objects reloaded= 0
========================================================================
Received Prepare
Begin MonoManager ReloadAssembly
[Licensing::Client] Successfully resolved entitlement details
- Loaded All Assemblies, in  0.944 seconds
Refreshing native plugins compatible for Editor in 2.34 ms, found 5 plugins.
Native extension for WindowsStandalone target not found
[Package Manager] Failed to launch server process. Reason: Unity was launched with the -noUpm command-line argument
[Package Manager] Unable to send message (not connected to server process).
[Package Manager] Cannot connect to Unity Package Manager local server
[Package Manager] Failed to launch server process. Reason: Unity was launched with the -noUpm command-line argument
[Package Manager] Unable to send message (not connected to server process).
[Package Manager] Cannot connect to Unity Package Manager local server
ScheduleIndexationOnStartup MainProcess:False IndexOnStartup:True
Mono: successfully reloaded assembly
- Finished resetting the current domain, in  0.857 seconds
Domain Reload Profiling: 1804ms
	BeginReloadAssembly (294ms)
		ExecutionOrderSort (0ms)
		DisableScriptedObjects (22ms)
		BackupInstance (0ms)
		ReleaseScriptingObjects (0ms)
		CreateAndSetChildDomain (57ms)
	RebuildCommonClasses (46ms)
	RebuildNativeTypeToScriptingClass (18ms)
	initialDomainReloadingComplete (32ms)
	LoadAllAssembliesAndSetupDomain (558ms)
		LoadAssemblies (428ms)
		RebuildTransferFunctionScriptingTraits (0ms)
		AnalyzeDomain (279ms)
			TypeCache.Refresh (12ms)
				TypeCache.ScanAssembly (1ms)
			BuildScriptInfoCaches (248ms)
			ResolveRequiredComponents (13ms)
	FinalizeReload (857ms)
		ReleaseScriptCaches (0ms)
		RebuildScriptCaches (0ms)
		SetupLoadedEditorAssemblies (671ms)
			LogAssemblyErrors (0ms)
			InitializePlatformSupportModulesInManaged (3ms)
			SetLoadedEditorAssemblies (6ms)
			BeforeProcessingInitializeOnLoad (158ms)
			ProcessInitializeOnLoadAttributes (408ms)
			ProcessInitializeOnLoadMethodAttributes (94ms)
			AfterProcessingInitializeOnLoad (2ms)
			EditorAssembliesLoaded (0ms)
		ExecutionOrderSort2 (0ms)
		AwakeInstancesAfterBackupRestoration (18ms)
Refreshing native plugins compatible for Editor in 3.16 ms, found 5 plugins.
Preloading 0 native plugins for Editor in 0.00 ms.
Unloading 16 Unused Serialized files (Serialized files now loaded: 0)
Unloading 7196 unused Assets / (4.9 MB). Loaded Objects now: 8181.
Memory consumption went from 161.4 MB to 156.5 MB.
Total: 13.403900 ms (FindLiveObjects: 1.097800 ms CreateObjectMapping: 0.434600 ms MarkObjects: 7.336800 ms  DeleteObjects: 4.533000 ms)

Prepare: number of updated asset objects reloaded= 0
========================================================================
Received Prepare
Refreshing native plugins compatible for Editor in 2.84 ms, found 5 plugins.
Preloading 0 native plugins for Editor in 0.00 ms.
Unloading 16 Unused Serialized files (Serialized files now loaded: 0)
Unloading 7181 unused Assets / (4.5 MB). Loaded Objects now: 8181.
Memory consumption went from 161.5 MB to 157.0 MB.
Total: 13.432800 ms (FindLiveObjects: 1.159200 ms CreateObjectMapping: 0.523600 ms MarkObjects: 7.582600 ms  DeleteObjects: 4.165400 ms)

Prepare: number of updated asset objects reloaded= 0
========================================================================
Received Prepare
Begin MonoManager ReloadAssembly
[Licensing::Client] Successfully resolved entitlement details
- Loaded All Assemblies, in  1.057 seconds
Refreshing native plugins compatible for Editor in 3.61 ms, found 5 plugins.
Native extension for WindowsStandalone target not found
[Package Manager] Failed to launch server process. Reason: Unity was launched with the -noUpm command-line argument
[Package Manager] Unable to send message (not connected to server process).
[Package Manager] Cannot connect to Unity Package Manager local server
[Package Manager] Failed to launch server process. Reason: Unity was launched with the -noUpm command-line argument
[Package Manager] Unable to send message (not connected to server process).
[Package Manager] Cannot connect to Unity Package Manager local server
ScheduleIndexationOnStartup MainProcess:False IndexOnStartup:True
Mono: successfully reloaded assembly
- Finished resetting the current domain, in  1.073 seconds
Domain Reload Profiling: 2135ms
	BeginReloadAssembly (327ms)
		ExecutionOrderSort (0ms)
		DisableScriptedObjects (20ms)
		BackupInstance (0ms)
		ReleaseScriptingObjects (0ms)
		CreateAndSetChildDomain (58ms)
	RebuildCommonClasses (61ms)
	RebuildNativeTypeToScriptingClass (17ms)
	initialDomainReloadingComplete (30ms)
	LoadAllAssembliesAndSetupDomain (626ms)
		LoadAssemblies (487ms)
		RebuildTransferFunctionScriptingTraits (0ms)
		AnalyzeDomain (310ms)
			TypeCache.Refresh (15ms)
				TypeCache.ScanAssembly (1ms)
			BuildScriptInfoCaches (275ms)
			ResolveRequiredComponents (15ms)
	FinalizeReload (1074ms)
		ReleaseScriptCaches (0ms)
		RebuildScriptCaches (0ms)
		SetupLoadedEditorAssemblies (854ms)
			LogAssemblyErrors (0ms)
			InitializePlatformSupportModulesInManaged (3ms)
			SetLoadedEditorAssemblies (7ms)
			BeforeProcessingInitializeOnLoad (225ms)
			ProcessInitializeOnLoadAttributes (503ms)
			ProcessInitializeOnLoadMethodAttributes (111ms)
			AfterProcessingInitializeOnLoad (3ms)
			EditorAssembliesLoaded (0ms)
		ExecutionOrderSort2 (0ms)
		AwakeInstancesAfterBackupRestoration (16ms)
Refreshing native plugins compatible for Editor in 3.25 ms, found 5 plugins.
Preloading 0 native plugins for Editor in 0.00 ms.
Unloading 16 Unused Serialized files (Serialized files now loaded: 0)
Unloading 7196 unused Assets / (5.1 MB). Loaded Objects now: 8184.
Memory consumption went from 161.4 MB to 156.3 MB.
Total: 12.041900 ms (FindLiveObjects: 1.316500 ms CreateObjectMapping: 0.602600 ms MarkObjects: 5.859100 ms  DeleteObjects: 4.261900 ms)

Prepare: number of updated asset objects reloaded= 0
========================================================================
Received Prepare
Refreshing native plugins compatible for Editor in 2.89 ms, found 5 plugins.
Preloading 0 native plugins for Editor in 0.00 ms.
Unloading 16 Unused Serialized files (Serialized files now loaded: 0)
Unloading 7181 unused Assets / (4.0 MB). Loaded Objects now: 8184.
Memory consumption went from 161.5 MB to 157.5 MB.
Total: 13.141600 ms (FindLiveObjects: 1.366800 ms CreateObjectMapping: 0.490000 ms MarkObjects: 7.571500 ms  DeleteObjects: 3.711500 ms)

Prepare: number of updated asset objects reloaded= 0
========================================================================
Received Import Request.
  Time since last request: 830.369650 seconds.
  path: Assets/Scenes/Main Scene.unity
  artifactKey: Guid(d4273a340cb81564c918df30c906a023) Importer(2089858483,b0f066a214c2f5e87bad3c948f4d605d)
Start importing Assets/Scenes/Main Scene.unity using Guid(d4273a340cb81564c918df30c906a023) Importer(2089858483,b0f066a214c2f5e87bad3c948f4d605d) (ScriptedImporter) -> (artifact id: 'f229c0a550f95003414a6864e30ca47a') in 0.1806952 seconds
Number of updated asset objects reloaded before import = 0Number of asset objects unloaded after import = 1

========================================================================
Received Prepare
Refreshing native plugins compatible for Editor in 2.88 ms, found 5 plugins.
Preloading 0 native plugins for Editor in 0.00 ms.
Unloading 16 Unused Serialized files (Serialized files now loaded: 0)
Unloading 7182 unused Assets / (4.0 MB). Loaded Objects now: 8185.
Memory consumption went from 161.6 MB to 157.6 MB.
Total: 11.043400 ms (FindLiveObjects: 1.127500 ms CreateObjectMapping: 0.451500 ms MarkObjects: 6.463300 ms  DeleteObjects: 2.999600 ms)

Prepare: number of updated asset objects reloaded= 0
========================================================================
Received Prepare
Refreshing native plugins compatible for Editor in 3.91 ms, found 5 plugins.
Preloading 0 native plugins for Editor in 0.00 ms.
Unloading 16 Unused Serialized files (Serialized files now loaded: 0)
Unloading 7182 unused Assets / (4.4 MB). Loaded Objects now: 8185.
Memory consumption went from 161.6 MB to 157.1 MB.
Total: 14.890100 ms (FindLiveObjects: 1.443300 ms CreateObjectMapping: 0.690500 ms MarkObjects: 8.183200 ms  DeleteObjects: 4.571300 ms)

Prepare: number of updated asset objects reloaded= 0
========================================================================
Received Prepare
Begin MonoManager ReloadAssembly
[Licensing::Client] Successfully resolved entitlement details
- Loaded All Assemblies, in  1.382 seconds
Refreshing native plugins compatible for Editor in 3.53 ms, found 5 plugins.
Native extension for WindowsStandalone target not found
[Package Manager] Failed to launch server process. Reason: Unity was launched with the -noUpm command-line argument
[Package Manager] Unable to send message (not connected to server process).
[Package Manager] Cannot connect to Unity Package Manager local server
[Package Manager] Failed to launch server process. Reason: Unity was launched with the -noUpm command-line argument
[Package Manager] Unable to send message (not connected to server process).
[Package Manager] Cannot connect to Unity Package Manager local server
ScheduleIndexationOnStartup MainProcess:False IndexOnStartup:True
Mono: successfully reloaded assembly
- Finished resetting the current domain, in  1.162 seconds
Domain Reload Profiling: 2551ms
	BeginReloadAssembly (516ms)
		ExecutionOrderSort (0ms)
		DisableScriptedObjects (22ms)
		BackupInstance (0ms)
		ReleaseScriptingObjects (0ms)
		CreateAndSetChildDomain (68ms)
	RebuildCommonClasses (47ms)
	RebuildNativeTypeToScriptingClass (21ms)
	initialDomainReloadingComplete (31ms)
	LoadAllAssembliesAndSetupDomain (774ms)
		LoadAssemblies (743ms)
		RebuildTransferFunctionScriptingTraits (0ms)
		AnalyzeDomain (383ms)
			TypeCache.Refresh (13ms)
				TypeCache.ScanAssembly (1ms)
			BuildScriptInfoCaches (346ms)
			ResolveRequiredComponents (16ms)
	FinalizeReload (1163ms)
		ReleaseScriptCaches (0ms)
		RebuildScriptCaches (0ms)
		SetupLoadedEditorAssemblies (895ms)
			LogAssemblyErrors (0ms)
			InitializePlatformSupportModulesInManaged (3ms)
			SetLoadedEditorAssemblies (8ms)
			BeforeProcessingInitializeOnLoad (236ms)
			ProcessInitializeOnLoadAttributes (524ms)
			ProcessInitializeOnLoadMethodAttributes (121ms)
			AfterProcessingInitializeOnLoad (3ms)
			EditorAssembliesLoaded (0ms)
		ExecutionOrderSort2 (0ms)
		AwakeInstancesAfterBackupRestoration (25ms)
Refreshing native plugins compatible for Editor in 2.80 ms, found 5 plugins.
Preloading 0 native plugins for Editor in 0.00 ms.
Unloading 16 Unused Serialized files (Serialized files now loaded: 0)
Unloading 7197 unused Assets / (4.8 MB). Loaded Objects now: 8188.
Memory consumption went from 161.5 MB to 156.7 MB.
Total: 15.112900 ms (FindLiveObjects: 1.442600 ms CreateObjectMapping: 0.502600 ms MarkObjects: 8.112500 ms  DeleteObjects: 5.053200 ms)

Prepare: number of updated asset objects reloaded= 0
========================================================================
Received Prepare
Refreshing native plugins compatible for Editor in 4.09 ms, found 5 plugins.
Preloading 0 native plugins for Editor in 0.00 ms.
Unloading 16 Unused Serialized files (Serialized files now loaded: 0)
Unloading 7182 unused Assets / (4.5 MB). Loaded Objects now: 8188.
Memory consumption went from 161.6 MB to 157.1 MB.
Total: 14.613900 ms (FindLiveObjects: 1.576000 ms CreateObjectMapping: 1.338200 ms MarkObjects: 7.195100 ms  DeleteObjects: 4.502600 ms)

Prepare: number of updated asset objects reloaded= 0
========================================================================
Received Prepare
Refreshing native plugins compatible for Editor in 4.18 ms, found 5 plugins.
Preloading 0 native plugins for Editor in 0.00 ms.
Unloading 16 Unused Serialized files (Serialized files now loaded: 0)
Unloading 7182 unused Assets / (4.6 MB). Loaded Objects now: 8188.
Memory consumption went from 161.6 MB to 156.9 MB.
Total: 14.906200 ms (FindLiveObjects: 1.439000 ms CreateObjectMapping: 0.664400 ms MarkObjects: 7.922500 ms  DeleteObjects: 4.878800 ms)

Prepare: number of updated asset objects reloaded= 0
========================================================================
Received Prepare
Begin MonoManager ReloadAssembly
- Loaded All Assemblies, in  1.128 seconds
Refreshing native plugins compatible for Editor in 2.37 ms, found 5 plugins.
Native extension for WindowsStandalone target not found
[Package Manager] Failed to launch server process. Reason: Unity was launched with the -noUpm command-line argument
[Package Manager] Unable to send message (not connected to server process).
[Package Manager] Cannot connect to Unity Package Manager local server
[Package Manager] Failed to launch server process. Reason: Unity was launched with the -noUpm command-line argument
[Package Manager] Unable to send message (not connected to server process).
[Package Manager] Cannot connect to Unity Package Manager local server
ScheduleIndexationOnStartup MainProcess:False IndexOnStartup:True
Mono: successfully reloaded assembly
- Finished resetting the current domain, in  1.123 seconds
Domain Reload Profiling: 2255ms
	BeginReloadAssembly (338ms)
		ExecutionOrderSort (0ms)
		DisableScriptedObjects (22ms)
		BackupInstance (0ms)
		ReleaseScriptingObjects (0ms)
		CreateAndSetChildDomain (71ms)
	RebuildCommonClasses (61ms)
	RebuildNativeTypeToScriptingClass (25ms)
	initialDomainReloadingComplete (31ms)
	LoadAllAssembliesAndSetupDomain (676ms)
		LoadAssemblies (540ms)
		RebuildTransferFunctionScriptingTraits (0ms)
		AnalyzeDomain (312ms)
			TypeCache.Refresh (13ms)
				TypeCache.ScanAssembly (1ms)
			BuildScriptInfoCaches (280ms)
			ResolveRequiredComponents (13ms)
	FinalizeReload (1124ms)
		ReleaseScriptCaches (0ms)
		RebuildScriptCaches (0ms)
		SetupLoadedEditorAssemblies (872ms)
			LogAssemblyErrors (0ms)
			InitializePlatformSupportModulesInManaged (4ms)
			SetLoadedEditorAssemblies (8ms)
			BeforeProcessingInitializeOnLoad (215ms)
			ProcessInitializeOnLoadAttributes (532ms)
			ProcessInitializeOnLoadMethodAttributes (110ms)
			AfterProcessingInitializeOnLoad (3ms)
			EditorAssembliesLoaded (0ms)
		ExecutionOrderSort2 (0ms)
		AwakeInstancesAfterBackupRestoration (23ms)
Refreshing native plugins compatible for Editor in 3.24 ms, found 5 plugins.
Preloading 0 native plugins for Editor in 0.00 ms.
Unloading 16 Unused Serialized files (Serialized files now loaded: 0)
Unloading 7197 unused Assets / (4.6 MB). Loaded Objects now: 8191.
Memory consumption went from 161.5 MB to 156.9 MB.
Total: 14.552600 ms (FindLiveObjects: 1.334400 ms CreateObjectMapping: 0.669100 ms MarkObjects: 8.461500 ms  DeleteObjects: 4.086000 ms)

Prepare: number of updated asset objects reloaded= 0
========================================================================
Received Prepare
Refreshing native plugins compatible for Editor in 4.95 ms, found 5 plugins.
Preloading 0 native plugins for Editor in 0.00 ms.
Unloading 16 Unused Serialized files (Serialized files now loaded: 0)
Unloading 7182 unused Assets / (4.8 MB). Loaded Objects now: 8191.
Memory consumption went from 161.6 MB to 156.9 MB.
Total: 13.860700 ms (FindLiveObjects: 1.175800 ms CreateObjectMapping: 0.446200 ms MarkObjects: 7.463100 ms  DeleteObjects: 4.773500 ms)

Prepare: number of updated asset objects reloaded= 0
========================================================================
Received Prepare
Refreshing native plugins compatible for Editor in 2.69 ms, found 5 plugins.
Preloading 0 native plugins for Editor in 0.00 ms.
Unloading 16 Unused Serialized files (Serialized files now loaded: 0)
Unloading 7182 unused Assets / (4.4 MB). Loaded Objects now: 8191.
Memory consumption went from 161.6 MB to 157.3 MB.
Total: 13.947000 ms (FindLiveObjects: 1.387800 ms CreateObjectMapping: 0.708400 ms MarkObjects: 8.095600 ms  DeleteObjects: 3.753500 ms)

Prepare: number of updated asset objects reloaded= 0
========================================================================
Received Prepare
Begin MonoManager ReloadAssembly
[Licensing::Client] Successfully resolved entitlement details
- Loaded All Assemblies, in  1.080 seconds
Refreshing native plugins compatible for Editor in 3.54 ms, found 5 plugins.
Native extension for WindowsStandalone target not found
[Package Manager] Failed to launch server process. Reason: Unity was launched with the -noUpm command-line argument
[Package Manager] Unable to send message (not connected to server process).
[Package Manager] Cannot connect to Unity Package Manager local server
[Package Manager] Failed to launch server process. Reason: Unity was launched with the -noUpm command-line argument
[Package Manager] Unable to send message (not connected to server process).
[Package Manager] Cannot connect to Unity Package Manager local server
ScheduleIndexationOnStartup MainProcess:False IndexOnStartup:True
Mono: successfully reloaded assembly
- Finished resetting the current domain, in  1.055 seconds
Domain Reload Profiling: 2139ms
	BeginReloadAssembly (346ms)
		ExecutionOrderSort (0ms)
		DisableScriptedObjects (23ms)
		BackupInstance (0ms)
		ReleaseScriptingObjects (0ms)
		CreateAndSetChildDomain (61ms)
	RebuildCommonClasses (55ms)
	RebuildNativeTypeToScriptingClass (17ms)
	initialDomainReloadingComplete (30ms)
	LoadAllAssembliesAndSetupDomain (636ms)
		LoadAssemblies (504ms)
		RebuildTransferFunctionScriptingTraits (0ms)
		AnalyzeDomain (322ms)
			TypeCache.Refresh (13ms)
				TypeCache.ScanAssembly (1ms)
			BuildScriptInfoCaches (291ms)
			ResolveRequiredComponents (13ms)
	FinalizeReload (1055ms)
		ReleaseScriptCaches (0ms)
		RebuildScriptCaches (0ms)
		SetupLoadedEditorAssemblies (830ms)
			LogAssemblyErrors (0ms)
			InitializePlatformSupportModulesInManaged (3ms)
			SetLoadedEditorAssemblies (7ms)
			BeforeProcessingInitializeOnLoad (205ms)
			ProcessInitializeOnLoadAttributes (503ms)
			ProcessInitializeOnLoadMethodAttributes (109ms)
			AfterProcessingInitializeOnLoad (3ms)
			EditorAssembliesLoaded (1ms)
		ExecutionOrderSort2 (0ms)
		AwakeInstancesAfterBackupRestoration (18ms)
Refreshing native plugins compatible for Editor in 3.26 ms, found 5 plugins.
Preloading 0 native plugins for Editor in 0.00 ms.
Unloading 16 Unused Serialized files (Serialized files now loaded: 0)
Unloading 7197 unused Assets / (4.2 MB). Loaded Objects now: 8194.
Memory consumption went from 161.6 MB to 157.3 MB.
Total: 11.865700 ms (FindLiveObjects: 1.333800 ms CreateObjectMapping: 0.623400 ms MarkObjects: 6.806000 ms  DeleteObjects: 3.100700 ms)

Prepare: number of updated asset objects reloaded= 0
========================================================================
Received Prepare
Refreshing native plugins compatible for Editor in 3.53 ms, found 5 plugins.
Preloading 0 native plugins for Editor in 0.00 ms.
Unloading 16 Unused Serialized files (Serialized files now loaded: 0)
Unloading 7182 unused Assets / (4.4 MB). Loaded Objects now: 8194.
Memory consumption went from 161.7 MB to 157.3 MB.
Total: 13.012100 ms (FindLiveObjects: 1.398800 ms CreateObjectMapping: 0.615900 ms MarkObjects: 7.501900 ms  DeleteObjects: 3.493900 ms)

Prepare: number of updated asset objects reloaded= 0
========================================================================
Received Prepare
Begin MonoManager ReloadAssembly
- Loaded All Assemblies, in  1.044 seconds
Refreshing native plugins compatible for Editor in 3.49 ms, found 5 plugins.
Native extension for WindowsStandalone target not found
[Package Manager] Failed to launch server process. Reason: Unity was launched with the -noUpm command-line argument
[Package Manager] Unable to send message (not connected to server process).
[Package Manager] Cannot connect to Unity Package Manager local server
[Package Manager] Failed to launch server process. Reason: Unity was launched with the -noUpm command-line argument
[Package Manager] Unable to send message (not connected to server process).
[Package Manager] Cannot connect to Unity Package Manager local server
ScheduleIndexationOnStartup MainProcess:False IndexOnStartup:True
Mono: successfully reloaded assembly
- Finished resetting the current domain, in  0.989 seconds
Domain Reload Profiling: 2037ms
	BeginReloadAssembly (316ms)
		ExecutionOrderSort (0ms)
		DisableScriptedObjects (19ms)
		BackupInstance (0ms)
		ReleaseScriptingObjects (0ms)
		CreateAndSetChildDomain (59ms)
	RebuildCommonClasses (54ms)
	RebuildNativeTypeToScriptingClass (21ms)
	initialDomainReloadingComplete (33ms)
	LoadAllAssembliesAndSetupDomain (622ms)
		LoadAssemblies (492ms)
		RebuildTransferFunctionScriptingTraits (0ms)
		AnalyzeDomain (291ms)
			TypeCache.Refresh (12ms)
				TypeCache.ScanAssembly (1ms)
			BuildScriptInfoCaches (261ms)
			ResolveRequiredComponents (12ms)
	FinalizeReload (990ms)
		ReleaseScriptCaches (0ms)
		RebuildScriptCaches (0ms)
		SetupLoadedEditorAssemblies (772ms)
			LogAssemblyErrors (0ms)
			InitializePlatformSupportModulesInManaged (3ms)
			SetLoadedEditorAssemblies (7ms)
			BeforeProcessingInitializeOnLoad (208ms)
			ProcessInitializeOnLoadAttributes (448ms)
			ProcessInitializeOnLoadMethodAttributes (103ms)
			AfterProcessingInitializeOnLoad (3ms)
			EditorAssembliesLoaded (0ms)
		ExecutionOrderSort2 (0ms)
		AwakeInstancesAfterBackupRestoration (20ms)
Refreshing native plugins compatible for Editor in 3.69 ms, found 5 plugins.
Preloading 0 native plugins for Editor in 0.00 ms.
Unloading 16 Unused Serialized files (Serialized files now loaded: 0)
Unloading 7197 unused Assets / (4.6 MB). Loaded Objects now: 8197.
Memory consumption went from 161.6 MB to 157.0 MB.
Total: 15.032200 ms (FindLiveObjects: 1.689200 ms CreateObjectMapping: 1.061800 ms MarkObjects: 8.005400 ms  DeleteObjects: 4.273700 ms)

Prepare: number of updated asset objects reloaded= 0
========================================================================
Received Import Request.
  Time since last request: 183.381141 seconds.
  path: Assets/Prefabs/Projectiles/Player Projectile.prefab
  artifactKey: Guid(6fea9b448a7b0fc4a83bf8bde296afc6) Importer(815301076,1909f56bfc062723c751e8b465ee728b)
Start importing Assets/Prefabs/Projectiles/Player Projectile.prefab using Guid(6fea9b448a7b0fc4a83bf8bde296afc6) Importer(815301076,1909f56bfc062723c751e8b465ee728b) (PreviewImporter) -> (artifact id: '5aa5af569808f5506ada22747590b70f') in 0.5383678 seconds
Number of updated asset objects reloaded before import = 0Number of asset objects unloaded after import = 10

========================================================================
Received Prepare
Refreshing native plugins compatible for Editor in 3.72 ms, found 5 plugins.
Preloading 0 native plugins for Editor in 0.00 ms.
Unloading 16 Unused Serialized files (Serialized files now loaded: 0)
Unloading 7182 unused Assets / (4.1 MB). Loaded Objects now: 8290.
Memory consumption went from 162.3 MB to 158.3 MB.
Total: 15.235500 ms (FindLiveObjects: 1.316900 ms CreateObjectMapping: 1.060400 ms MarkObjects: 8.864300 ms  DeleteObjects: 3.992400 ms)

Prepare: number of updated asset objects reloaded= 0
========================================================================
Received Prepare
Begin MonoManager ReloadAssembly
[Licensing::Client] Successfully resolved entitlement details
- Loaded All Assemblies, in  1.095 seconds
Refreshing native plugins compatible for Editor in 2.50 ms, found 5 plugins.
Native extension for WindowsStandalone target not found
[Package Manager] Failed to launch server process. Reason: Unity was launched with the -noUpm command-line argument
[Package Manager] Unable to send message (not connected to server process).
[Package Manager] Cannot connect to Unity Package Manager local server
[Package Manager] Failed to launch server process. Reason: Unity was launched with the -noUpm command-line argument
[Package Manager] Unable to send message (not connected to server process).
[Package Manager] Cannot connect to Unity Package Manager local server
ScheduleIndexationOnStartup MainProcess:False IndexOnStartup:True
Mono: successfully reloaded assembly
- Finished resetting the current domain, in  1.016 seconds
Domain Reload Profiling: 2116ms
	BeginReloadAssembly (380ms)
		ExecutionOrderSort (0ms)
		DisableScriptedObjects (38ms)
		BackupInstance (0ms)
		ReleaseScriptingObjects (0ms)
		CreateAndSetChildDomain (93ms)
	RebuildCommonClasses (58ms)
	RebuildNativeTypeToScriptingClass (24ms)
	initialDomainReloadingComplete (28ms)
	LoadAllAssembliesAndSetupDomain (610ms)
		LoadAssemblies (508ms)
		RebuildTransferFunctionScriptingTraits (0ms)
		AnalyzeDomain (274ms)
			TypeCache.Refresh (15ms)
				TypeCache.ScanAssembly (1ms)
			BuildScriptInfoCaches (241ms)
			ResolveRequiredComponents (12ms)
	FinalizeReload (1016ms)
		ReleaseScriptCaches (0ms)
		RebuildScriptCaches (0ms)
		SetupLoadedEditorAssemblies (792ms)
			LogAssemblyErrors (0ms)
			InitializePlatformSupportModulesInManaged (3ms)
			SetLoadedEditorAssemblies (7ms)
			BeforeProcessingInitializeOnLoad (206ms)
			ProcessInitializeOnLoadAttributes (470ms)
			ProcessInitializeOnLoadMethodAttributes (101ms)
			AfterProcessingInitializeOnLoad (3ms)
			EditorAssembliesLoaded (0ms)
		ExecutionOrderSort2 (0ms)
		AwakeInstancesAfterBackupRestoration (21ms)
Refreshing native plugins compatible for Editor in 3.75 ms, found 5 plugins.
Preloading 0 native plugins for Editor in 0.00 ms.
Unloading 16 Unused Serialized files (Serialized files now loaded: 0)
Unloading 7197 unused Assets / (4.3 MB). Loaded Objects now: 8220.
Memory consumption went from 161.8 MB to 157.5 MB.
Total: 13.191600 ms (FindLiveObjects: 1.366900 ms CreateObjectMapping: 0.621000 ms MarkObjects: 7.386600 ms  DeleteObjects: 3.815200 ms)

Prepare: number of updated asset objects reloaded= 0
========================================================================
Received Prepare
Refreshing native plugins compatible for Editor in 3.46 ms, found 5 plugins.
Preloading 0 native plugins for Editor in 0.00 ms.
Unloading 16 Unused Serialized files (Serialized files now loaded: 0)
Unloading 7182 unused Assets / (4.6 MB). Loaded Objects now: 8220.
Memory consumption went from 161.8 MB to 157.2 MB.
Total: 36.572300 ms (FindLiveObjects: 1.409500 ms CreateObjectMapping: 0.661600 ms MarkObjects: 29.881900 ms  DeleteObjects: 4.617500 ms)

Prepare: number of updated asset objects reloaded= 0
========================================================================
Received Prepare
Begin MonoManager ReloadAssembly
- Loaded All Assemblies, in  1.043 seconds
Refreshing native plugins compatible for Editor in 2.54 ms, found 5 plugins.
Native extension for WindowsStandalone target not found
[Package Manager] Failed to launch server process. Reason: Unity was launched with the -noUpm command-line argument
[Package Manager] Unable to send message (not connected to server process).
[Package Manager] Cannot connect to Unity Package Manager local server
[Package Manager] Failed to launch server process. Reason: Unity was launched with the -noUpm command-line argument
[Package Manager] Unable to send message (not connected to server process).
[Package Manager] Cannot connect to Unity Package Manager local server
ScheduleIndexationOnStartup MainProcess:False IndexOnStartup:True
Mono: successfully reloaded assembly
- Finished resetting the current domain, in  0.984 seconds
Domain Reload Profiling: 2030ms
	BeginReloadAssembly (311ms)
		ExecutionOrderSort (0ms)
		DisableScriptedObjects (21ms)
		BackupInstance (0ms)
		ReleaseScriptingObjects (0ms)
		CreateAndSetChildDomain (58ms)
	RebuildCommonClasses (62ms)
	RebuildNativeTypeToScriptingClass (19ms)
	initialDomainReloadingComplete (30ms)
	LoadAllAssembliesAndSetupDomain (625ms)
		LoadAssemblies (482ms)
		RebuildTransferFunctionScriptingTraits (0ms)
		AnalyzeDomain (308ms)
			TypeCache.Refresh (12ms)
				TypeCache.ScanAssembly (1ms)
			BuildScriptInfoCaches (278ms)
			ResolveRequiredComponents (12ms)
	FinalizeReload (984ms)
		ReleaseScriptCaches (0ms)
		RebuildScriptCaches (0ms)
		SetupLoadedEditorAssemblies (787ms)
			LogAssemblyErrors (0ms)
			InitializePlatformSupportModulesInManaged (3ms)
			SetLoadedEditorAssemblies (6ms)
			BeforeProcessingInitializeOnLoad (226ms)
			ProcessInitializeOnLoadAttributes (454ms)
			ProcessInitializeOnLoadMethodAttributes (95ms)
			AfterProcessingInitializeOnLoad (2ms)
			EditorAssembliesLoaded (0ms)
		ExecutionOrderSort2 (0ms)
		AwakeInstancesAfterBackupRestoration (15ms)
Refreshing native plugins compatible for Editor in 3.03 ms, found 5 plugins.
Preloading 0 native plugins for Editor in 0.00 ms.
Unloading 16 Unused Serialized files (Serialized files now loaded: 0)
Unloading 7197 unused Assets / (4.4 MB). Loaded Objects now: 8223.
Memory consumption went from 161.7 MB to 157.3 MB.
Total: 12.454000 ms (FindLiveObjects: 1.353300 ms CreateObjectMapping: 0.720300 ms MarkObjects: 6.813600 ms  DeleteObjects: 3.564900 ms)

Prepare: number of updated asset objects reloaded= 0
========================================================================
Received Prepare
Refreshing native plugins compatible for Editor in 3.24 ms, found 5 plugins.
Preloading 0 native plugins for Editor in 0.00 ms.
Unloading 16 Unused Serialized files (Serialized files now loaded: 0)
Unloading 7182 unused Assets / (4.2 MB). Loaded Objects now: 8223.
Memory consumption went from 161.8 MB to 157.7 MB.
Total: 13.878600 ms (FindLiveObjects: 1.403700 ms CreateObjectMapping: 0.667700 ms MarkObjects: 7.170700 ms  DeleteObjects: 4.634600 ms)

Prepare: number of updated asset objects reloaded= 0
========================================================================
Received Prepare
Begin MonoManager ReloadAssembly
- Loaded All Assemblies, in  1.108 seconds
Refreshing native plugins compatible for Editor in 3.30 ms, found 5 plugins.
Native extension for WindowsStandalone target not found
[Package Manager] Failed to launch server process. Reason: Unity was launched with the -noUpm command-line argument
[Package Manager] Unable to send message (not connected to server process).
[Package Manager] Cannot connect to Unity Package Manager local server
[Package Manager] Failed to launch server process. Reason: Unity was launched with the -noUpm command-line argument
[Package Manager] Unable to send message (not connected to server process).
[Package Manager] Cannot connect to Unity Package Manager local server
ScheduleIndexationOnStartup MainProcess:False IndexOnStartup:True
Mono: successfully reloaded assembly
- Finished resetting the current domain, in  1.063 seconds
Domain Reload Profiling: 2175ms
	BeginReloadAssembly (342ms)
		ExecutionOrderSort (0ms)
		DisableScriptedObjects (21ms)
		BackupInstance (0ms)
		ReleaseScriptingObjects (0ms)
		CreateAndSetChildDomain (74ms)
	RebuildCommonClasses (64ms)
	RebuildNativeTypeToScriptingClass (19ms)
	initialDomainReloadingComplete (40ms)
	LoadAllAssembliesAndSetupDomain (646ms)
		LoadAssemblies (484ms)
		RebuildTransferFunctionScriptingTraits (0ms)
		AnalyzeDomain (339ms)
			TypeCache.Refresh (13ms)
				TypeCache.ScanAssembly (1ms)
			BuildScriptInfoCaches (307ms)
			ResolveRequiredComponents (13ms)
	FinalizeReload (1064ms)
		ReleaseScriptCaches (0ms)
		RebuildScriptCaches (0ms)
		SetupLoadedEditorAssemblies (804ms)
			LogAssemblyErrors (0ms)
			InitializePlatformSupportModulesInManaged (3ms)
			SetLoadedEditorAssemblies (8ms)
			BeforeProcessingInitializeOnLoad (226ms)
			ProcessInitializeOnLoadAttributes (451ms)
			ProcessInitializeOnLoadMethodAttributes (112ms)
			AfterProcessingInitializeOnLoad (3ms)
			EditorAssembliesLoaded (1ms)
		ExecutionOrderSort2 (0ms)
		AwakeInstancesAfterBackupRestoration (23ms)
Refreshing native plugins compatible for Editor in 4.00 ms, found 5 plugins.
Preloading 0 native plugins for Editor in 0.00 ms.
Unloading 16 Unused Serialized files (Serialized files now loaded: 0)
Unloading 7197 unused Assets / (4.3 MB). Loaded Objects now: 8226.
Memory consumption went from 161.8 MB to 157.5 MB.
Total: 12.238000 ms (FindLiveObjects: 1.400400 ms CreateObjectMapping: 1.018100 ms MarkObjects: 6.265000 ms  DeleteObjects: 3.552900 ms)

Prepare: number of updated asset objects reloaded= 0
========================================================================
Received Prepare
Refreshing native plugins compatible for Editor in 3.33 ms, found 5 plugins.
Preloading 0 native plugins for Editor in 0.00 ms.
Unloading 16 Unused Serialized files (Serialized files now loaded: 0)
Unloading 7182 unused Assets / (4.3 MB). Loaded Objects now: 8226.
Memory consumption went from 161.9 MB to 157.6 MB.
Total: 15.319800 ms (FindLiveObjects: 1.661100 ms CreateObjectMapping: 1.459900 ms MarkObjects: 8.366100 ms  DeleteObjects: 3.831200 ms)

Prepare: number of updated asset objects reloaded= 0
========================================================================
Received Prepare
Begin MonoManager ReloadAssembly
[Licensing::Client] Successfully resolved entitlement details
- Loaded All Assemblies, in  0.947 seconds
Refreshing native plugins compatible for Editor in 2.40 ms, found 5 plugins.
Native extension for WindowsStandalone target not found
[Package Manager] Failed to launch server process. Reason: Unity was launched with the -noUpm command-line argument
[Package Manager] Unable to send message (not connected to server process).
[Package Manager] Cannot connect to Unity Package Manager local server
[Package Manager] Failed to launch server process. Reason: Unity was launched with the -noUpm command-line argument
[Package Manager] Unable to send message (not connected to server process).
[Package Manager] Cannot connect to Unity Package Manager local server
ScheduleIndexationOnStartup MainProcess:False IndexOnStartup:True
Mono: successfully reloaded assembly
- Finished resetting the current domain, in  0.874 seconds
Domain Reload Profiling: 1825ms
	BeginReloadAssembly (283ms)
		ExecutionOrderSort (0ms)
		DisableScriptedObjects (18ms)
		BackupInstance (0ms)
		ReleaseScriptingObjects (0ms)
		CreateAndSetChildDomain (53ms)
	RebuildCommonClasses (44ms)
	RebuildNativeTypeToScriptingClass (16ms)
	initialDomainReloadingComplete (28ms)
	LoadAllAssembliesAndSetupDomain (579ms)
		LoadAssemblies (458ms)
		RebuildTransferFunctionScriptingTraits (0ms)
		AnalyzeDomain (270ms)
			TypeCache.Refresh (12ms)
				TypeCache.ScanAssembly (1ms)
			BuildScriptInfoCaches (240ms)
			ResolveRequiredComponents (12ms)
	FinalizeReload (875ms)
		ReleaseScriptCaches (0ms)
		RebuildScriptCaches (0ms)
		SetupLoadedEditorAssemblies (695ms)
			LogAssemblyErrors (0ms)
			InitializePlatformSupportModulesInManaged (3ms)
			SetLoadedEditorAssemblies (5ms)
			BeforeProcessingInitializeOnLoad (164ms)
			ProcessInitializeOnLoadAttributes (424ms)
			ProcessInitializeOnLoadMethodAttributes (97ms)
			AfterProcessingInitializeOnLoad (2ms)
			EditorAssembliesLoaded (0ms)
		ExecutionOrderSort2 (0ms)
		AwakeInstancesAfterBackupRestoration (16ms)
Refreshing native plugins compatible for Editor in 2.48 ms, found 5 plugins.
Preloading 0 native plugins for Editor in 0.00 ms.
Unloading 16 Unused Serialized files (Serialized files now loaded: 0)
Unloading 7197 unused Assets / (4.5 MB). Loaded Objects now: 8229.
Memory consumption went from 161.8 MB to 157.3 MB.
Total: 11.940400 ms (FindLiveObjects: 1.091900 ms CreateObjectMapping: 0.432100 ms MarkObjects: 6.509000 ms  DeleteObjects: 3.905600 ms)

Prepare: number of updated asset objects reloaded= 0
========================================================================
Received Prepare
Refreshing native plugins compatible for Editor in 3.62 ms, found 5 plugins.
Preloading 0 native plugins for Editor in 0.00 ms.
Unloading 16 Unused Serialized files (Serialized files now loaded: 0)
Unloading 7182 unused Assets / (4.3 MB). Loaded Objects now: 8229.
Memory consumption went from 161.9 MB to 157.6 MB.
Total: 14.948900 ms (FindLiveObjects: 1.623000 ms CreateObjectMapping: 0.873400 ms MarkObjects: 8.784400 ms  DeleteObjects: 3.666400 ms)

Prepare: number of updated asset objects reloaded= 0
========================================================================
Received Prepare
Begin MonoManager ReloadAssembly
[Licensing::Client] Successfully resolved entitlement details
- Loaded All Assemblies, in  1.115 seconds
Refreshing native plugins compatible for Editor in 3.18 ms, found 5 plugins.
Native extension for WindowsStandalone target not found
[Package Manager] Failed to launch server process. Reason: Unity was launched with the -noUpm command-line argument
[Package Manager] Unable to send message (not connected to server process).
[Package Manager] Cannot connect to Unity Package Manager local server
[Package Manager] Failed to launch server process. Reason: Unity was launched with the -noUpm command-line argument
[Package Manager] Unable to send message (not connected to server process).
[Package Manager] Cannot connect to Unity Package Manager local server
ScheduleIndexationOnStartup MainProcess:False IndexOnStartup:True
Mono: successfully reloaded assembly
- Finished resetting the current domain, in  1.060 seconds
Domain Reload Profiling: 2180ms
	BeginReloadAssembly (309ms)
		ExecutionOrderSort (0ms)
		DisableScriptedObjects (17ms)
		BackupInstance (0ms)
		ReleaseScriptingObjects (0ms)
		CreateAndSetChildDomain (50ms)
	RebuildCommonClasses (78ms)
	RebuildNativeTypeToScriptingClass (28ms)
	initialDomainReloadingComplete (40ms)
	LoadAllAssembliesAndSetupDomain (664ms)
		LoadAssemblies (509ms)
		RebuildTransferFunctionScriptingTraits (0ms)
		AnalyzeDomain (324ms)
			TypeCache.Refresh (16ms)
				TypeCache.ScanAssembly (1ms)
			BuildScriptInfoCaches (286ms)
			ResolveRequiredComponents (15ms)
	FinalizeReload (1061ms)
		ReleaseScriptCaches (0ms)
		RebuildScriptCaches (0ms)
		SetupLoadedEditorAssemblies (815ms)
			LogAssemblyErrors (0ms)
			InitializePlatformSupportModulesInManaged (3ms)
			SetLoadedEditorAssemblies (8ms)
			BeforeProcessingInitializeOnLoad (218ms)
			ProcessInitializeOnLoadAttributes (476ms)
			ProcessInitializeOnLoadMethodAttributes (107ms)
			AfterProcessingInitializeOnLoad (3ms)
			EditorAssembliesLoaded (0ms)
		ExecutionOrderSort2 (0ms)
		AwakeInstancesAfterBackupRestoration (23ms)
Refreshing native plugins compatible for Editor in 2.46 ms, found 5 plugins.
Preloading 0 native plugins for Editor in 0.00 ms.
Unloading 16 Unused Serialized files (Serialized files now loaded: 0)
Unloading 7197 unused Assets / (4.4 MB). Loaded Objects now: 8232.
Memory consumption went from 161.8 MB to 157.5 MB.
Total: 11.629900 ms (FindLiveObjects: 1.330900 ms CreateObjectMapping: 0.609700 ms MarkObjects: 6.356100 ms  DeleteObjects: 3.331300 ms)

Prepare: number of updated asset objects reloaded= 0
========================================================================
Received Prepare
Refreshing native plugins compatible for Editor in 2.51 ms, found 5 plugins.
Preloading 0 native plugins for Editor in 0.00 ms.
Unloading 16 Unused Serialized files (Serialized files now loaded: 0)
Unloading 7182 unused Assets / (4.6 MB). Loaded Objects now: 8232.
Memory consumption went from 162.0 MB to 157.4 MB.
Total: 13.424900 ms (FindLiveObjects: 1.371400 ms CreateObjectMapping: 0.737100 ms MarkObjects: 7.153200 ms  DeleteObjects: 4.161600 ms)

Prepare: number of updated asset objects reloaded= 0
========================================================================
Received Prepare
Begin MonoManager ReloadAssembly
- Loaded All Assemblies, in  1.031 seconds
Refreshing native plugins compatible for Editor in 3.62 ms, found 5 plugins.
Native extension for WindowsStandalone target not found
[Package Manager] Failed to launch server process. Reason: Unity was launched with the -noUpm command-line argument
[Package Manager] Unable to send message (not connected to server process).
[Package Manager] Cannot connect to Unity Package Manager local server
[Package Manager] Failed to launch server process. Reason: Unity was launched with the -noUpm command-line argument
[Package Manager] Unable to send message (not connected to server process).
[Package Manager] Cannot connect to Unity Package Manager local server
ScheduleIndexationOnStartup MainProcess:False IndexOnStartup:True
Mono: successfully reloaded assembly
- Finished resetting the current domain, in  1.008 seconds
Domain Reload Profiling: 2044ms
	BeginReloadAssembly (309ms)
		ExecutionOrderSort (0ms)
		DisableScriptedObjects (21ms)
		BackupInstance (0ms)
		ReleaseScriptingObjects (0ms)
		CreateAndSetChildDomain (50ms)
	RebuildCommonClasses (49ms)
	RebuildNativeTypeToScriptingClass (16ms)
	initialDomainReloadingComplete (29ms)
	LoadAllAssembliesAndSetupDomain (632ms)
		LoadAssemblies (471ms)
		RebuildTransferFunctionScriptingTraits (0ms)
		AnalyzeDomain (325ms)
			TypeCache.Refresh (15ms)
				TypeCache.ScanAssembly (1ms)
			BuildScriptInfoCaches (284ms)
			ResolveRequiredComponents (18ms)
	FinalizeReload (1008ms)
		ReleaseScriptCaches (0ms)
		RebuildScriptCaches (0ms)
		SetupLoadedEditorAssemblies (794ms)
			LogAssemblyErrors (0ms)
			InitializePlatformSupportModulesInManaged (3ms)
			SetLoadedEditorAssemblies (7ms)
			BeforeProcessingInitializeOnLoad (208ms)
			ProcessInitializeOnLoadAttributes (466ms)
			ProcessInitializeOnLoadMethodAttributes (105ms)
			AfterProcessingInitializeOnLoad (4ms)
			EditorAssembliesLoaded (1ms)
		ExecutionOrderSort2 (0ms)
		AwakeInstancesAfterBackupRestoration (24ms)
Refreshing native plugins compatible for Editor in 2.62 ms, found 5 plugins.
Preloading 0 native plugins for Editor in 0.00 ms.
Unloading 16 Unused Serialized files (Serialized files now loaded: 0)
Unloading 7197 unused Assets / (4.5 MB). Loaded Objects now: 8235.
Memory consumption went from 161.9 MB to 157.4 MB.
Total: 12.933000 ms (FindLiveObjects: 1.375300 ms CreateObjectMapping: 0.615800 ms MarkObjects: 6.927600 ms  DeleteObjects: 4.012200 ms)

Prepare: number of updated asset objects reloaded= 0
========================================================================
Received Prepare
Refreshing native plugins compatible for Editor in 3.40 ms, found 5 plugins.
Preloading 0 native plugins for Editor in 0.00 ms.
Unloading 16 Unused Serialized files (Serialized files now loaded: 0)
Unloading 7182 unused Assets / (4.1 MB). Loaded Objects now: 8235.
Memory consumption went from 162.0 MB to 157.9 MB.
Total: 15.147700 ms (FindLiveObjects: 1.355600 ms CreateObjectMapping: 1.425600 ms MarkObjects: 8.201300 ms  DeleteObjects: 4.163000 ms)

Prepare: number of updated asset objects reloaded= 0
========================================================================
Received Prepare
Refreshing native plugins compatible for Editor in 10.05 ms, found 5 plugins.
Preloading 0 native plugins for Editor in 0.00 ms.
Unloading 16 Unused Serialized files (Serialized files now loaded: 0)
Unloading 7182 unused Assets / (5.8 MB). Loaded Objects now: 8235.
Memory consumption went from 162.0 MB to 156.2 MB.
Total: 61.215900 ms (FindLiveObjects: 3.647100 ms CreateObjectMapping: 4.883900 ms MarkObjects: 31.307000 ms  DeleteObjects: 21.376200 ms)

Prepare: number of updated asset objects reloaded= 0
========================================================================
Received Prepare
Begin MonoManager ReloadAssembly
[Licensing::Client] Successfully resolved entitlement details
- Loaded All Assemblies, in  1.231 seconds
Refreshing native plugins compatible for Editor in 2.59 ms, found 5 plugins.
Native extension for WindowsStandalone target not found
[Package Manager] Failed to launch server process. Reason: Unity was launched with the -noUpm command-line argument
[Package Manager] Unable to send message (not connected to server process).
[Package Manager] Cannot connect to Unity Package Manager local server
[Package Manager] Failed to launch server process. Reason: Unity was launched with the -noUpm command-line argument
[Package Manager] Unable to send message (not connected to server process).
[Package Manager] Cannot connect to Unity Package Manager local server
ScheduleIndexationOnStartup MainProcess:False IndexOnStartup:True
Mono: successfully reloaded assembly
- Finished resetting the current domain, in  0.920 seconds
Domain Reload Profiling: 2157ms
	BeginReloadAssembly (384ms)
		ExecutionOrderSort (0ms)
		DisableScriptedObjects (24ms)
		BackupInstance (0ms)
		ReleaseScriptingObjects (0ms)
		CreateAndSetChildDomain (73ms)
	RebuildCommonClasses (71ms)
	RebuildNativeTypeToScriptingClass (20ms)
	initialDomainReloadingComplete (43ms)
	LoadAllAssembliesAndSetupDomain (717ms)
		LoadAssemblies (563ms)
		RebuildTransferFunctionScriptingTraits (0ms)
		AnalyzeDomain (357ms)
			TypeCache.Refresh (14ms)
				TypeCache.ScanAssembly (1ms)
			BuildScriptInfoCaches (324ms)
			ResolveRequiredComponents (12ms)
	FinalizeReload (921ms)
		ReleaseScriptCaches (0ms)
		RebuildScriptCaches (0ms)
		SetupLoadedEditorAssemblies (709ms)
			LogAssemblyErrors (0ms)
			InitializePlatformSupportModulesInManaged (3ms)
			SetLoadedEditorAssemblies (6ms)
			BeforeProcessingInitializeOnLoad (198ms)
			ProcessInitializeOnLoadAttributes (409ms)
			ProcessInitializeOnLoadMethodAttributes (88ms)
			AfterProcessingInitializeOnLoad (4ms)
			EditorAssembliesLoaded (0ms)
		ExecutionOrderSort2 (0ms)
		AwakeInstancesAfterBackupRestoration (18ms)
Refreshing native plugins compatible for Editor in 3.17 ms, found 5 plugins.
Preloading 0 native plugins for Editor in 0.00 ms.
Unloading 16 Unused Serialized files (Serialized files now loaded: 0)
Unloading 7197 unused Assets / (5.1 MB). Loaded Objects now: 8238.
Memory consumption went from 161.9 MB to 156.9 MB.
Total: 11.953300 ms (FindLiveObjects: 1.144600 ms CreateObjectMapping: 0.537900 ms MarkObjects: 5.940300 ms  DeleteObjects: 4.328700 ms)

Prepare: number of updated asset objects reloaded= 0
========================================================================
Received Prepare
Refreshing native plugins compatible for Editor in 3.93 ms, found 5 plugins.
Preloading 0 native plugins for Editor in 0.00 ms.
Unloading 16 Unused Serialized files (Serialized files now loaded: 0)
Unloading 7182 unused Assets / (4.6 MB). Loaded Objects now: 8238.
Memory consumption went from 162.1 MB to 157.4 MB.
Total: 15.941800 ms (FindLiveObjects: 1.746000 ms CreateObjectMapping: 0.835000 ms MarkObjects: 8.684300 ms  DeleteObjects: 4.673900 ms)

Prepare: number of updated asset objects reloaded= 0
========================================================================
Received Prepare
Begin MonoManager ReloadAssembly
[Licensing::Client] Successfully resolved entitlement details
- Loaded All Assemblies, in  1.168 seconds
Refreshing native plugins compatible for Editor in 2.69 ms, found 5 plugins.
Native extension for WindowsStandalone target not found
[Package Manager] Failed to launch server process. Reason: Unity was launched with the -noUpm command-line argument
[Package Manager] Unable to send message (not connected to server process).
[Package Manager] Cannot connect to Unity Package Manager local server
[Package Manager] Failed to launch server process. Reason: Unity was launched with the -noUpm command-line argument
[Package Manager] Unable to send message (not connected to server process).
[Package Manager] Cannot connect to Unity Package Manager local server
ScheduleIndexationOnStartup MainProcess:False IndexOnStartup:True
Mono: successfully reloaded assembly
- Finished resetting the current domain, in  1.050 seconds
Domain Reload Profiling: 2222ms
	BeginReloadAssembly (362ms)
		ExecutionOrderSort (0ms)
		DisableScriptedObjects (26ms)
		BackupInstance (0ms)
		ReleaseScriptingObjects (0ms)
		CreateAndSetChildDomain (79ms)
	RebuildCommonClasses (56ms)
	RebuildNativeTypeToScriptingClass (23ms)
	initialDomainReloadingComplete (34ms)
	LoadAllAssembliesAndSetupDomain (697ms)
		LoadAssemblies (537ms)
		RebuildTransferFunctionScriptingTraits (0ms)
		AnalyzeDomain (352ms)
			TypeCache.Refresh (15ms)
				TypeCache.ScanAssembly (1ms)
			BuildScriptInfoCaches (320ms)
			ResolveRequiredComponents (12ms)
	FinalizeReload (1050ms)
		ReleaseScriptCaches (0ms)
		RebuildScriptCaches (0ms)
		SetupLoadedEditorAssemblies (828ms)
			LogAssemblyErrors (0ms)
			InitializePlatformSupportModulesInManaged (3ms)
			SetLoadedEditorAssemblies (7ms)
			BeforeProcessingInitializeOnLoad (216ms)
			ProcessInitializeOnLoadAttributes (497ms)
			ProcessInitializeOnLoadMethodAttributes (101ms)
			AfterProcessingInitializeOnLoad (3ms)
			EditorAssembliesLoaded (1ms)
		ExecutionOrderSort2 (0ms)
		AwakeInstancesAfterBackupRestoration (17ms)
Refreshing native plugins compatible for Editor in 3.21 ms, found 5 plugins.
Preloading 0 native plugins for Editor in 0.00 ms.
Unloading 16 Unused Serialized files (Serialized files now loaded: 0)
Unloading 7197 unused Assets / (4.0 MB). Loaded Objects now: 8241.
Memory consumption went from 162.0 MB to 158.0 MB.
Total: 12.664300 ms (FindLiveObjects: 1.498900 ms CreateObjectMapping: 0.937600 ms MarkObjects: 7.087900 ms  DeleteObjects: 3.137900 ms)

Prepare: number of updated asset objects reloaded= 0
========================================================================
Received Prepare
Refreshing native plugins compatible for Editor in 3.60 ms, found 5 plugins.
Preloading 0 native plugins for Editor in 0.00 ms.
Unloading 16 Unused Serialized files (Serialized files now loaded: 0)
Unloading 7182 unused Assets / (4.2 MB). Loaded Objects now: 8241.
Memory consumption went from 162.1 MB to 157.9 MB.
Total: 15.446700 ms (FindLiveObjects: 1.428900 ms CreateObjectMapping: 1.964300 ms MarkObjects: 8.800900 ms  DeleteObjects: 3.250600 ms)

Prepare: number of updated asset objects reloaded= 0
========================================================================
Received Prepare
Begin MonoManager ReloadAssembly
[Licensing::Client] Successfully resolved entitlement details
- Loaded All Assemblies, in  1.207 seconds
Refreshing native plugins compatible for Editor in 2.89 ms, found 5 plugins.
Native extension for WindowsStandalone target not found
[Package Manager] Failed to launch server process. Reason: Unity was launched with the -noUpm command-line argument
[Package Manager] Unable to send message (not connected to server process).
[Package Manager] Cannot connect to Unity Package Manager local server
[Package Manager] Failed to launch server process. Reason: Unity was launched with the -noUpm command-line argument
[Package Manager] Unable to send message (not connected to server process).
[Package Manager] Cannot connect to Unity Package Manager local server
ScheduleIndexationOnStartup MainProcess:False IndexOnStartup:True
Mono: successfully reloaded assembly
- Finished resetting the current domain, in  1.132 seconds
Domain Reload Profiling: 2344ms
	BeginReloadAssembly (344ms)
		ExecutionOrderSort (0ms)
		DisableScriptedObjects (16ms)
		BackupInstance (0ms)
		ReleaseScriptingObjects (0ms)
		CreateAndSetChildDomain (65ms)
	RebuildCommonClasses (50ms)
	RebuildNativeTypeToScriptingClass (17ms)
	initialDomainReloadingComplete (33ms)
	LoadAllAssembliesAndSetupDomain (768ms)
		LoadAssemblies (609ms)
		RebuildTransferFunctionScriptingTraits (0ms)
		AnalyzeDomain (352ms)
			TypeCache.Refresh (18ms)
				TypeCache.ScanAssembly (2ms)
			BuildScriptInfoCaches (308ms)
			ResolveRequiredComponents (19ms)
	FinalizeReload (1132ms)
		ReleaseScriptCaches (0ms)
		RebuildScriptCaches (0ms)
		SetupLoadedEditorAssemblies (882ms)
			LogAssemblyErrors (0ms)
			InitializePlatformSupportModulesInManaged (3ms)
			SetLoadedEditorAssemblies (7ms)
			BeforeProcessingInitializeOnLoad (223ms)
			ProcessInitializeOnLoadAttributes (525ms)
			ProcessInitializeOnLoadMethodAttributes (120ms)
			AfterProcessingInitializeOnLoad (2ms)
			EditorAssembliesLoaded (0ms)
		ExecutionOrderSort2 (0ms)
		AwakeInstancesAfterBackupRestoration (23ms)
Refreshing native plugins compatible for Editor in 3.66 ms, found 5 plugins.
Preloading 0 native plugins for Editor in 0.00 ms.
Unloading 16 Unused Serialized files (Serialized files now loaded: 0)
Unloading 7197 unused Assets / (4.2 MB). Loaded Objects now: 8244.
Memory consumption went from 162.0 MB to 157.8 MB.
Total: 14.590100 ms (FindLiveObjects: 1.381500 ms CreateObjectMapping: 0.851500 ms MarkObjects: 8.191100 ms  DeleteObjects: 4.163900 ms)

Prepare: number of updated asset objects reloaded= 0
========================================================================
Received Prepare
Begin MonoManager ReloadAssembly
- Loaded All Assemblies, in  1.283 seconds
Refreshing native plugins compatible for Editor in 3.00 ms, found 5 plugins.
Native extension for WindowsStandalone target not found
[Package Manager] Failed to launch server process. Reason: Unity was launched with the -noUpm command-line argument
[Package Manager] Unable to send message (not connected to server process).
[Package Manager] Cannot connect to Unity Package Manager local server
[Package Manager] Failed to launch server process. Reason: Unity was launched with the -noUpm command-line argument
[Package Manager] Unable to send message (not connected to server process).
[Package Manager] Cannot connect to Unity Package Manager local server
ScheduleIndexationOnStartup MainProcess:False IndexOnStartup:True
Mono: successfully reloaded assembly
- Finished resetting the current domain, in  1.051 seconds
Domain Reload Profiling: 2342ms
	BeginReloadAssembly (356ms)
		ExecutionOrderSort (0ms)
		DisableScriptedObjects (21ms)
		BackupInstance (0ms)
		ReleaseScriptingObjects (0ms)
		CreateAndSetChildDomain (66ms)
	RebuildCommonClasses (61ms)
	RebuildNativeTypeToScriptingClass (24ms)
	initialDomainReloadingComplete (35ms)
	LoadAllAssembliesAndSetupDomain (814ms)
		LoadAssemblies (611ms)
		RebuildTransferFunctionScriptingTraits (0ms)
		AnalyzeDomain (396ms)
			TypeCache.Refresh (13ms)
				TypeCache.ScanAssembly (1ms)
			BuildScriptInfoCaches (357ms)
			ResolveRequiredComponents (17ms)
	FinalizeReload (1052ms)
		ReleaseScriptCaches (0ms)
		RebuildScriptCaches (0ms)
		SetupLoadedEditorAssemblies (824ms)
			LogAssemblyErrors (0ms)
			InitializePlatformSupportModulesInManaged (2ms)
			SetLoadedEditorAssemblies (6ms)
			BeforeProcessingInitializeOnLoad (190ms)
			ProcessInitializeOnLoadAttributes (519ms)
			ProcessInitializeOnLoadMethodAttributes (103ms)
			AfterProcessingInitializeOnLoad (3ms)
			EditorAssembliesLoaded (0ms)
		ExecutionOrderSort2 (0ms)
		AwakeInstancesAfterBackupRestoration (22ms)
Refreshing native plugins compatible for Editor in 2.85 ms, found 5 plugins.
Preloading 0 native plugins for Editor in 0.00 ms.
Unloading 16 Unused Serialized files (Serialized files now loaded: 0)
Unloading 7197 unused Assets / (4.9 MB). Loaded Objects now: 8247.
Memory consumption went from 162.1 MB to 157.2 MB.
Total: 13.292400 ms (FindLiveObjects: 1.100000 ms CreateObjectMapping: 0.446300 ms MarkObjects: 7.598900 ms  DeleteObjects: 4.145100 ms)

Prepare: number of updated asset objects reloaded= 0
========================================================================
Received Prepare
Refreshing native plugins compatible for Editor in 3.40 ms, found 5 plugins.
Preloading 0 native plugins for Editor in 0.00 ms.
Unloading 16 Unused Serialized files (Serialized files now loaded: 0)
Unloading 7182 unused Assets / (4.8 MB). Loaded Objects now: 8247.
Memory consumption went from 162.2 MB to 157.3 MB.
Total: 14.026200 ms (FindLiveObjects: 1.264300 ms CreateObjectMapping: 0.445300 ms MarkObjects: 7.832600 ms  DeleteObjects: 4.482100 ms)

Prepare: number of updated asset objects reloaded= 0
========================================================================
Received Prepare
Refreshing native plugins compatible for Editor in 3.81 ms, found 5 plugins.
Preloading 0 native plugins for Editor in 0.00 ms.
Unloading 16 Unused Serialized files (Serialized files now loaded: 0)
Unloading 7182 unused Assets / (4.9 MB). Loaded Objects now: 8247.
Memory consumption went from 162.2 MB to 157.3 MB.
Total: 13.731400 ms (FindLiveObjects: 1.459100 ms CreateObjectMapping: 0.655900 ms MarkObjects: 7.327300 ms  DeleteObjects: 4.287000 ms)

Prepare: number of updated asset objects reloaded= 0
========================================================================
Received Prepare
Begin MonoManager ReloadAssembly
[Licensing::Client] Successfully resolved entitlement details
- Loaded All Assemblies, in  1.120 seconds
Refreshing native plugins compatible for Editor in 3.79 ms, found 5 plugins.
Native extension for WindowsStandalone target not found
[Package Manager] Failed to launch server process. Reason: Unity was launched with the -noUpm command-line argument
[Package Manager] Unable to send message (not connected to server process).
[Package Manager] Cannot connect to Unity Package Manager local server
[Package Manager] Failed to launch server process. Reason: Unity was launched with the -noUpm command-line argument
[Package Manager] Unable to send message (not connected to server process).
[Package Manager] Cannot connect to Unity Package Manager local server
ScheduleIndexationOnStartup MainProcess:False IndexOnStartup:True
Mono: successfully reloaded assembly
- Finished resetting the current domain, in  1.095 seconds
Domain Reload Profiling: 2219ms
	BeginReloadAssembly (353ms)
		ExecutionOrderSort (0ms)
		DisableScriptedObjects (20ms)
		BackupInstance (0ms)
		ReleaseScriptingObjects (0ms)
		CreateAndSetChildDomain (66ms)
	RebuildCommonClasses (62ms)
	RebuildNativeTypeToScriptingClass (20ms)
	initialDomainReloadingComplete (38ms)
	LoadAllAssembliesAndSetupDomain (649ms)
		LoadAssemblies (535ms)
		RebuildTransferFunctionScriptingTraits (0ms)
		AnalyzeDomain (303ms)
			TypeCache.Refresh (12ms)
				TypeCache.ScanAssembly (1ms)
			BuildScriptInfoCaches (264ms)
			ResolveRequiredComponents (17ms)
	FinalizeReload (1095ms)
		ReleaseScriptCaches (0ms)
		RebuildScriptCaches (0ms)
		SetupLoadedEditorAssemblies (871ms)
			LogAssemblyErrors (0ms)
			InitializePlatformSupportModulesInManaged (2ms)
			SetLoadedEditorAssemblies (7ms)
			BeforeProcessingInitializeOnLoad (212ms)
			ProcessInitializeOnLoadAttributes (529ms)
			ProcessInitializeOnLoadMethodAttributes (117ms)
			AfterProcessingInitializeOnLoad (3ms)
			EditorAssembliesLoaded (1ms)
		ExecutionOrderSort2 (0ms)
		AwakeInstancesAfterBackupRestoration (25ms)
Refreshing native plugins compatible for Editor in 3.27 ms, found 5 plugins.
Preloading 0 native plugins for Editor in 0.00 ms.
Unloading 16 Unused Serialized files (Serialized files now loaded: 0)
Unloading 7197 unused Assets / (4.5 MB). Loaded Objects now: 8250.
Memory consumption went from 162.1 MB to 157.6 MB.
Total: 16.697900 ms (FindLiveObjects: 2.109000 ms CreateObjectMapping: 1.398500 ms MarkObjects: 8.756600 ms  DeleteObjects: 4.431300 ms)

Prepare: number of updated asset objects reloaded= 0
========================================================================
Received Prepare
Refreshing native plugins compatible for Editor in 2.90 ms, found 5 plugins.
Preloading 0 native plugins for Editor in 0.00 ms.
Unloading 16 Unused Serialized files (Serialized files now loaded: 0)
Unloading 7182 unused Assets / (4.5 MB). Loaded Objects now: 8250.
Memory consumption went from 162.2 MB to 157.8 MB.
Total: 14.768200 ms (FindLiveObjects: 1.484000 ms CreateObjectMapping: 1.052100 ms MarkObjects: 8.016100 ms  DeleteObjects: 4.213600 ms)

Prepare: number of updated asset objects reloaded= 0
========================================================================
Received Prepare
Begin MonoManager ReloadAssembly
- Loaded All Assemblies, in  1.085 seconds
Refreshing native plugins compatible for Editor in 2.26 ms, found 5 plugins.
Native extension for WindowsStandalone target not found
[Package Manager] Failed to launch server process. Reason: Unity was launched with the -noUpm command-line argument
[Package Manager] Unable to send message (not connected to server process).
[Package Manager] Cannot connect to Unity Package Manager local server
[Package Manager] Failed to launch server process. Reason: Unity was launched with the -noUpm command-line argument
[Package Manager] Unable to send message (not connected to server process).
[Package Manager] Cannot connect to Unity Package Manager local server
ScheduleIndexationOnStartup MainProcess:False IndexOnStartup:True
Mono: successfully reloaded assembly
- Finished resetting the current domain, in  1.083 seconds
Domain Reload Profiling: 2174ms
	BeginReloadAssembly (328ms)
		ExecutionOrderSort (0ms)
		DisableScriptedObjects (19ms)
		BackupInstance (0ms)
		ReleaseScriptingObjects (0ms)
		CreateAndSetChildDomain (61ms)
	RebuildCommonClasses (49ms)
	RebuildNativeTypeToScriptingClass (19ms)
	initialDomainReloadingComplete (35ms)
	LoadAllAssembliesAndSetupDomain (660ms)
		LoadAssemblies (523ms)
		RebuildTransferFunctionScriptingTraits (0ms)
		AnalyzeDomain (316ms)
			TypeCache.Refresh (13ms)
				TypeCache.ScanAssembly (1ms)
			BuildScriptInfoCaches (278ms)
			ResolveRequiredComponents (17ms)
	FinalizeReload (1084ms)
		ReleaseScriptCaches (0ms)
		RebuildScriptCaches (0ms)
		SetupLoadedEditorAssemblies (856ms)
			LogAssemblyErrors (0ms)
			InitializePlatformSupportModulesInManaged (3ms)
			SetLoadedEditorAssemblies (6ms)
			BeforeProcessingInitializeOnLoad (199ms)
			ProcessInitializeOnLoadAttributes (527ms)
			ProcessInitializeOnLoadMethodAttributes (117ms)
			AfterProcessingInitializeOnLoad (3ms)
			EditorAssembliesLoaded (1ms)
		ExecutionOrderSort2 (0ms)
		AwakeInstancesAfterBackupRestoration (25ms)
Refreshing native plugins compatible for Editor in 3.54 ms, found 5 plugins.
Preloading 0 native plugins for Editor in 0.00 ms.
Unloading 16 Unused Serialized files (Serialized files now loaded: 0)
Unloading 7197 unused Assets / (4.8 MB). Loaded Objects now: 8253.
Memory consumption went from 162.2 MB to 157.4 MB.
Total: 16.265900 ms (FindLiveObjects: 1.626000 ms CreateObjectMapping: 1.074500 ms MarkObjects: 8.683000 ms  DeleteObjects: 4.880600 ms)

Prepare: number of updated asset objects reloaded= 0
========================================================================
Received Prepare
Refreshing native plugins compatible for Editor in 3.92 ms, found 5 plugins.
Preloading 0 native plugins for Editor in 0.00 ms.
Unloading 16 Unused Serialized files (Serialized files now loaded: 0)
Unloading 7182 unused Assets / (5.5 MB). Loaded Objects now: 8253.
Memory consumption went from 162.3 MB to 156.8 MB.
Total: 14.211100 ms (FindLiveObjects: 1.461000 ms CreateObjectMapping: 1.035700 ms MarkObjects: 6.727000 ms  DeleteObjects: 4.985000 ms)

Prepare: number of updated asset objects reloaded= 0
========================================================================
Received Prepare
Begin MonoManager ReloadAssembly
[Licensing::Client] Successfully resolved entitlement details
- Loaded All Assemblies, in  1.108 seconds
Refreshing native plugins compatible for Editor in 4.23 ms, found 5 plugins.
Native extension for WindowsStandalone target not found
[Package Manager] Failed to launch server process. Reason: Unity was launched with the -noUpm command-line argument
[Package Manager] Unable to send message (not connected to server process).
[Package Manager] Cannot connect to Unity Package Manager local server
[Package Manager] Failed to launch server process. Reason: Unity was launched with the -noUpm command-line argument
[Package Manager] Unable to send message (not connected to server process).
[Package Manager] Cannot connect to Unity Package Manager local server
ScheduleIndexationOnStartup MainProcess:False IndexOnStartup:True
Mono: successfully reloaded assembly
- Finished resetting the current domain, in  1.077 seconds
Domain Reload Profiling: 2190ms
	BeginReloadAssembly (340ms)
		ExecutionOrderSort (0ms)
		DisableScriptedObjects (21ms)
		BackupInstance (0ms)
		ReleaseScriptingObjects (0ms)
		CreateAndSetChildDomain (64ms)
	RebuildCommonClasses (62ms)
	RebuildNativeTypeToScriptingClass (21ms)
	initialDomainReloadingComplete (31ms)
	LoadAllAssembliesAndSetupDomain (660ms)
		LoadAssemblies (520ms)
		RebuildTransferFunctionScriptingTraits (0ms)
		AnalyzeDomain (311ms)
			TypeCache.Refresh (14ms)
				TypeCache.ScanAssembly (1ms)
			BuildScriptInfoCaches (280ms)
			ResolveRequiredComponents (12ms)
	FinalizeReload (1077ms)
		ReleaseScriptCaches (0ms)
		RebuildScriptCaches (0ms)
		SetupLoadedEditorAssemblies (826ms)
			LogAssemblyErrors (0ms)
			InitializePlatformSupportModulesInManaged (4ms)
			SetLoadedEditorAssemblies (6ms)
			BeforeProcessingInitializeOnLoad (227ms)
			ProcessInitializeOnLoadAttributes (493ms)
			ProcessInitializeOnLoadMethodAttributes (93ms)
			AfterProcessingInitializeOnLoad (2ms)
			EditorAssembliesLoaded (1ms)
		ExecutionOrderSort2 (0ms)
		AwakeInstancesAfterBackupRestoration (19ms)
Refreshing native plugins compatible for Editor in 3.77 ms, found 5 plugins.
Preloading 0 native plugins for Editor in 0.00 ms.
Unloading 16 Unused Serialized files (Serialized files now loaded: 0)
Unloading 7197 unused Assets / (4.2 MB). Loaded Objects now: 8256.
Memory consumption went from 162.2 MB to 158.0 MB.
Total: 11.766800 ms (FindLiveObjects: 1.294100 ms CreateObjectMapping: 0.637300 ms MarkObjects: 6.579600 ms  DeleteObjects: 3.254000 ms)

Prepare: number of updated asset objects reloaded= 0
========================================================================
Received Prepare
Refreshing native plugins compatible for Editor in 3.91 ms, found 5 plugins.
Preloading 0 native plugins for Editor in 0.00 ms.
Unloading 16 Unused Serialized files (Serialized files now loaded: 0)
Unloading 7182 unused Assets / (4.4 MB). Loaded Objects now: 8256.
Memory consumption went from 162.3 MB to 157.9 MB.
Total: 15.015300 ms (FindLiveObjects: 1.724100 ms CreateObjectMapping: 3.085600 ms MarkObjects: 6.599900 ms  DeleteObjects: 3.603700 ms)

Prepare: number of updated asset objects reloaded= 0
========================================================================
Received Prepare
Begin MonoManager ReloadAssembly
- Loaded All Assemblies, in  1.076 seconds
Refreshing native plugins compatible for Editor in 3.94 ms, found 5 plugins.
Native extension for WindowsStandalone target not found
[Package Manager] Failed to launch server process. Reason: Unity was launched with the -noUpm command-line argument
[Package Manager] Unable to send message (not connected to server process).
[Package Manager] Cannot connect to Unity Package Manager local server
[Package Manager] Failed to launch server process. Reason: Unity was launched with the -noUpm command-line argument
[Package Manager] Unable to send message (not connected to server process).
[Package Manager] Cannot connect to Unity Package Manager local server
ScheduleIndexationOnStartup MainProcess:False IndexOnStartup:True
Mono: successfully reloaded assembly
- Finished resetting the current domain, in  1.043 seconds
Domain Reload Profiling: 2126ms
	BeginReloadAssembly (354ms)
		ExecutionOrderSort (0ms)
		DisableScriptedObjects (24ms)
		BackupInstance (0ms)
		ReleaseScriptingObjects (0ms)
		CreateAndSetChildDomain (62ms)
	RebuildCommonClasses (50ms)
	RebuildNativeTypeToScriptingClass (23ms)
	initialDomainReloadingComplete (36ms)
	LoadAllAssembliesAndSetupDomain (619ms)
		LoadAssemblies (524ms)
		RebuildTransferFunctionScriptingTraits (0ms)
		AnalyzeDomain (281ms)
			TypeCache.Refresh (12ms)
				TypeCache.ScanAssembly (1ms)
			BuildScriptInfoCaches (250ms)
			ResolveRequiredComponents (12ms)
	FinalizeReload (1044ms)
		ReleaseScriptCaches (0ms)
		RebuildScriptCaches (0ms)
		SetupLoadedEditorAssemblies (803ms)
			LogAssemblyErrors (0ms)
			InitializePlatformSupportModulesInManaged (3ms)
			SetLoadedEditorAssemblies (7ms)
			BeforeProcessingInitializeOnLoad (186ms)
			ProcessInitializeOnLoadAttributes (489ms)
			ProcessInitializeOnLoadMethodAttributes (114ms)
			AfterProcessingInitializeOnLoad (3ms)
			EditorAssembliesLoaded (1ms)
		ExecutionOrderSort2 (0ms)
		AwakeInstancesAfterBackupRestoration (24ms)
Refreshing native plugins compatible for Editor in 3.43 ms, found 5 plugins.
Preloading 0 native plugins for Editor in 0.00 ms.
Unloading 16 Unused Serialized files (Serialized files now loaded: 0)
Unloading 7197 unused Assets / (4.2 MB). Loaded Objects now: 8259.
Memory consumption went from 162.2 MB to 158.1 MB.
Total: 11.959800 ms (FindLiveObjects: 1.381200 ms CreateObjectMapping: 0.622700 ms MarkObjects: 6.500900 ms  DeleteObjects: 3.452900 ms)

Prepare: number of updated asset objects reloaded= 0
========================================================================
Received Prepare
Refreshing native plugins compatible for Editor in 4.76 ms, found 5 plugins.
Preloading 0 native plugins for Editor in 0.00 ms.
Unloading 16 Unused Serialized files (Serialized files now loaded: 0)
Unloading 7182 unused Assets / (4.3 MB). Loaded Objects now: 8259.
Memory consumption went from 162.4 MB to 158.1 MB.
Total: 13.061800 ms (FindLiveObjects: 1.453800 ms CreateObjectMapping: 0.674400 ms MarkObjects: 7.551700 ms  DeleteObjects: 3.380000 ms)

Prepare: number of updated asset objects reloaded= 0
========================================================================
Received Prepare
Begin MonoManager ReloadAssembly
- Loaded All Assemblies, in  1.086 seconds
Refreshing native plugins compatible for Editor in 2.84 ms, found 5 plugins.
Native extension for WindowsStandalone target not found
[Package Manager] Failed to launch server process. Reason: Unity was launched with the -noUpm command-line argument
[Package Manager] Unable to send message (not connected to server process).
[Package Manager] Cannot connect to Unity Package Manager local server
[Package Manager] Failed to launch server process. Reason: Unity was launched with the -noUpm command-line argument
[Package Manager] Unable to send message (not connected to server process).
[Package Manager] Cannot connect to Unity Package Manager local server
ScheduleIndexationOnStartup MainProcess:False IndexOnStartup:True
Mono: successfully reloaded assembly
- Finished resetting the current domain, in  0.997 seconds
Domain Reload Profiling: 2088ms
	BeginReloadAssembly (334ms)
		ExecutionOrderSort (0ms)
		DisableScriptedObjects (19ms)
		BackupInstance (0ms)
		ReleaseScriptingObjects (0ms)
		CreateAndSetChildDomain (63ms)
	RebuildCommonClasses (48ms)
	RebuildNativeTypeToScriptingClass (16ms)
	initialDomainReloadingComplete (30ms)
	LoadAllAssembliesAndSetupDomain (662ms)
		LoadAssemblies (530ms)
		RebuildTransferFunctionScriptingTraits (0ms)
		AnalyzeDomain (306ms)
			TypeCache.Refresh (13ms)
				TypeCache.ScanAssembly (1ms)
			BuildScriptInfoCaches (270ms)
			ResolveRequiredComponents (15ms)
	FinalizeReload (997ms)
		ReleaseScriptCaches (0ms)
		RebuildScriptCaches (0ms)
		SetupLoadedEditorAssemblies (796ms)
			LogAssemblyErrors (0ms)
			InitializePlatformSupportModulesInManaged (3ms)
			SetLoadedEditorAssemblies (5ms)
			BeforeProcessingInitializeOnLoad (202ms)
			ProcessInitializeOnLoadAttributes (471ms)
			ProcessInitializeOnLoadMethodAttributes (112ms)
			AfterProcessingInitializeOnLoad (2ms)
			EditorAssembliesLoaded (0ms)
		ExecutionOrderSort2 (0ms)
		AwakeInstancesAfterBackupRestoration (20ms)
Refreshing native plugins compatible for Editor in 2.52 ms, found 5 plugins.
Preloading 0 native plugins for Editor in 0.00 ms.
Unloading 16 Unused Serialized files (Serialized files now loaded: 0)
Unloading 7197 unused Assets / (4.4 MB). Loaded Objects now: 8262.
Memory consumption went from 162.3 MB to 157.9 MB.
Total: 12.936500 ms (FindLiveObjects: 1.168400 ms CreateObjectMapping: 0.587600 ms MarkObjects: 7.574900 ms  DeleteObjects: 3.604400 ms)

Prepare: number of updated asset objects reloaded= 0
========================================================================
Received Prepare
Refreshing native plugins compatible for Editor in 3.65 ms, found 5 plugins.
Preloading 0 native plugins for Editor in 0.00 ms.
Unloading 16 Unused Serialized files (Serialized files now loaded: 0)
Unloading 7182 unused Assets / (4.9 MB). Loaded Objects now: 8262.
Memory consumption went from 162.4 MB to 157.5 MB.
Total: 16.664400 ms (FindLiveObjects: 1.571600 ms CreateObjectMapping: 1.801600 ms MarkObjects: 8.755100 ms  DeleteObjects: 4.534100 ms)

Prepare: number of updated asset objects reloaded= 0
========================================================================
Received Prepare
Begin MonoManager ReloadAssembly
[Licensing::Client] Successfully resolved entitlement details
- Loaded All Assemblies, in  1.081 seconds
Refreshing native plugins compatible for Editor in 3.38 ms, found 5 plugins.
Native extension for WindowsStandalone target not found
[Package Manager] Failed to launch server process. Reason: Unity was launched with the -noUpm command-line argument
[Package Manager] Unable to send message (not connected to server process).
[Package Manager] Cannot connect to Unity Package Manager local server
[Package Manager] Failed to launch server process. Reason: Unity was launched with the -noUpm command-line argument
[Package Manager] Unable to send message (not connected to server process).
[Package Manager] Cannot connect to Unity Package Manager local server
ScheduleIndexationOnStartup MainProcess:False IndexOnStartup:True
Mono: successfully reloaded assembly
- Finished resetting the current domain, in  1.061 seconds
Domain Reload Profiling: 2149ms
	BeginReloadAssembly (322ms)
		ExecutionOrderSort (0ms)
		DisableScriptedObjects (18ms)
		BackupInstance (0ms)
		ReleaseScriptingObjects (0ms)
		CreateAndSetChildDomain (64ms)
	RebuildCommonClasses (58ms)
	RebuildNativeTypeToScriptingClass (17ms)
	initialDomainReloadingComplete (40ms)
	LoadAllAssembliesAndSetupDomain (650ms)
		LoadAssemblies (501ms)
		RebuildTransferFunctionScriptingTraits (0ms)
		AnalyzeDomain (315ms)
			TypeCache.Refresh (11ms)
				TypeCache.ScanAssembly (1ms)
			BuildScriptInfoCaches (275ms)
			ResolveRequiredComponents (20ms)
	FinalizeReload (1062ms)
		ReleaseScriptCaches (0ms)
		RebuildScriptCaches (0ms)
		SetupLoadedEditorAssemblies (823ms)
			LogAssemblyErrors (0ms)
			InitializePlatformSupportModulesInManaged (4ms)
			SetLoadedEditorAssemblies (8ms)
			BeforeProcessingInitializeOnLoad (214ms)
			ProcessInitializeOnLoadAttributes (479ms)
			ProcessInitializeOnLoadMethodAttributes (116ms)
			AfterProcessingInitializeOnLoad (2ms)
			EditorAssembliesLoaded (0ms)
		ExecutionOrderSort2 (0ms)
		AwakeInstancesAfterBackupRestoration (18ms)
Refreshing native plugins compatible for Editor in 2.95 ms, found 5 plugins.
Preloading 0 native plugins for Editor in 0.00 ms.
Unloading 16 Unused Serialized files (Serialized files now loaded: 0)
Unloading 7197 unused Assets / (4.3 MB). Loaded Objects now: 8265.
Memory consumption went from 162.3 MB to 158.0 MB.
Total: 13.972100 ms (FindLiveObjects: 1.383900 ms CreateObjectMapping: 0.648900 ms MarkObjects: 8.573000 ms  DeleteObjects: 3.364600 ms)

Prepare: number of updated asset objects reloaded= 0
========================================================================
Received Prepare
Refreshing native plugins compatible for Editor in 2.61 ms, found 5 plugins.
Preloading 0 native plugins for Editor in 0.00 ms.
Unloading 16 Unused Serialized files (Serialized files now loaded: 0)
Unloading 7182 unused Assets / (3.6 MB). Loaded Objects now: 8265.
Memory consumption went from 162.4 MB to 158.8 MB.
Total: 11.667400 ms (FindLiveObjects: 1.330400 ms CreateObjectMapping: 0.571300 ms MarkObjects: 6.877700 ms  DeleteObjects: 2.886400 ms)

Prepare: number of updated asset objects reloaded= 0
========================================================================
Received Prepare
Begin MonoManager ReloadAssembly
- Loaded All Assemblies, in  1.096 seconds
Refreshing native plugins compatible for Editor in 2.72 ms, found 5 plugins.
Native extension for WindowsStandalone target not found
[Package Manager] Failed to launch server process. Reason: Unity was launched with the -noUpm command-line argument
[Package Manager] Unable to send message (not connected to server process).
[Package Manager] Cannot connect to Unity Package Manager local server
[Package Manager] Failed to launch server process. Reason: Unity was launched with the -noUpm command-line argument
[Package Manager] Unable to send message (not connected to server process).
[Package Manager] Cannot connect to Unity Package Manager local server
ScheduleIndexationOnStartup MainProcess:False IndexOnStartup:True
Mono: successfully reloaded assembly
- Finished resetting the current domain, in  1.098 seconds
Domain Reload Profiling: 2199ms
	BeginReloadAssembly (322ms)
		ExecutionOrderSort (0ms)
		DisableScriptedObjects (18ms)
		BackupInstance (0ms)
		ReleaseScriptingObjects (0ms)
		CreateAndSetChildDomain (58ms)
	RebuildCommonClasses (51ms)
	RebuildNativeTypeToScriptingClass (22ms)
	initialDomainReloadingComplete (34ms)
	LoadAllAssembliesAndSetupDomain (671ms)
		LoadAssemblies (511ms)
		RebuildTransferFunctionScriptingTraits (0ms)
		AnalyzeDomain (333ms)
			TypeCache.Refresh (15ms)
				TypeCache.ScanAssembly (1ms)
			BuildScriptInfoCaches (293ms)
			ResolveRequiredComponents (18ms)
	FinalizeReload (1099ms)
		ReleaseScriptCaches (0ms)
		RebuildScriptCaches (0ms)
		SetupLoadedEditorAssemblies (841ms)
			LogAssemblyErrors (0ms)
			InitializePlatformSupportModulesInManaged (4ms)
			SetLoadedEditorAssemblies (8ms)
			BeforeProcessingInitializeOnLoad (223ms)
			ProcessInitializeOnLoadAttributes (509ms)
			ProcessInitializeOnLoadMethodAttributes (95ms)
			AfterProcessingInitializeOnLoad (2ms)
			EditorAssembliesLoaded (0ms)
		ExecutionOrderSort2 (0ms)
		AwakeInstancesAfterBackupRestoration (17ms)
Refreshing native plugins compatible for Editor in 2.97 ms, found 5 plugins.
Preloading 0 native plugins for Editor in 0.00 ms.
Unloading 16 Unused Serialized files (Serialized files now loaded: 0)
Unloading 7197 unused Assets / (4.4 MB). Loaded Objects now: 8268.
Memory consumption went from 162.4 MB to 158.0 MB.
Total: 13.205200 ms (FindLiveObjects: 1.237700 ms CreateObjectMapping: 0.801700 ms MarkObjects: 7.635200 ms  DeleteObjects: 3.528500 ms)

Prepare: number of updated asset objects reloaded= 0
========================================================================
Received Import Request.
  Time since last request: 2734.829995 seconds.
  path: Assets/Prefabs/Enemy/Debris.prefab
  artifactKey: Guid(a9075c97819311b429a84e0ad8d37864) Importer(815301076,1909f56bfc062723c751e8b465ee728b)
Start importing Assets/Prefabs/Enemy/Debris.prefab using Guid(a9075c97819311b429a84e0ad8d37864) Importer(815301076,1909f56bfc062723c751e8b465ee728b) (PreviewImporter) -> (artifact id: '61defd971b9f22099247f60da000c5a1') in 1.1215681 seconds
Number of updated asset objects reloaded before import = 0Number of asset objects unloaded after import = 10

========================================================================
Received Prepare
Refreshing native plugins compatible for Editor in 3.70 ms, found 5 plugins.
Preloading 0 native plugins for Editor in 0.00 ms.
Unloading 16 Unused Serialized files (Serialized files now loaded: 0)
Unloading 7182 unused Assets / (4.3 MB). Loaded Objects now: 8361.
Memory consumption went from 163.1 MB to 158.8 MB.
Total: 15.866700 ms (FindLiveObjects: 1.116800 ms CreateObjectMapping: 0.579800 ms MarkObjects: 10.169000 ms  DeleteObjects: 3.999500 ms)

Prepare: number of updated asset objects reloaded= 0
========================================================================
Received Prepare
Begin MonoManager ReloadAssembly
[Licensing::Client] Successfully resolved entitlement details
- Loaded All Assemblies, in  1.167 seconds
Refreshing native plugins compatible for Editor in 2.46 ms, found 5 plugins.
Native extension for WindowsStandalone target not found
[Package Manager] Failed to launch server process. Reason: Unity was launched with the -noUpm command-line argument
[Package Manager] Unable to send message (not connected to server process).
[Package Manager] Cannot connect to Unity Package Manager local server
[Package Manager] Failed to launch server process. Reason: Unity was launched with the -noUpm command-line argument
[Package Manager] Unable to send message (not connected to server process).
[Package Manager] Cannot connect to Unity Package Manager local server
ScheduleIndexationOnStartup MainProcess:False IndexOnStartup:True
Mono: successfully reloaded assembly
- Finished resetting the current domain, in  1.082 seconds
Domain Reload Profiling: 2253ms
	BeginReloadAssembly (393ms)
		ExecutionOrderSort (0ms)
		DisableScriptedObjects (45ms)
		BackupInstance (0ms)
		ReleaseScriptingObjects (0ms)
		CreateAndSetChildDomain (82ms)
	RebuildCommonClasses (64ms)
	RebuildNativeTypeToScriptingClass (22ms)
	initialDomainReloadingComplete (29ms)
	LoadAllAssembliesAndSetupDomain (663ms)
		LoadAssemblies (519ms)
		RebuildTransferFunctionScriptingTraits (0ms)
		AnalyzeDomain (331ms)
			TypeCache.Refresh (14ms)
				TypeCache.ScanAssembly (1ms)
			BuildScriptInfoCaches (297ms)
			ResolveRequiredComponents (13ms)
	FinalizeReload (1083ms)
		ReleaseScriptCaches (0ms)
		RebuildScriptCaches (0ms)
		SetupLoadedEditorAssemblies (854ms)
			LogAssemblyErrors (0ms)
			InitializePlatformSupportModulesInManaged (3ms)
			SetLoadedEditorAssemblies (10ms)
			BeforeProcessingInitializeOnLoad (216ms)
			ProcessInitializeOnLoadAttributes (512ms)
			ProcessInitializeOnLoadMethodAttributes (110ms)
			AfterProcessingInitializeOnLoad (3ms)
			EditorAssembliesLoaded (0ms)
		ExecutionOrderSort2 (0ms)
		AwakeInstancesAfterBackupRestoration (18ms)
Refreshing native plugins compatible for Editor in 3.67 ms, found 5 plugins.
Preloading 0 native plugins for Editor in 0.00 ms.
Unloading 16 Unused Serialized files (Serialized files now loaded: 0)
Unloading 7197 unused Assets / (4.5 MB). Loaded Objects now: 8291.
Memory consumption went from 162.6 MB to 158.1 MB.
Total: 14.775000 ms (FindLiveObjects: 1.489100 ms CreateObjectMapping: 0.828700 ms MarkObjects: 8.091900 ms  DeleteObjects: 4.363500 ms)

Prepare: number of updated asset objects reloaded= 0
========================================================================
Received Prepare
Refreshing native plugins compatible for Editor in 3.26 ms, found 5 plugins.
Preloading 0 native plugins for Editor in 0.00 ms.
Unloading 16 Unused Serialized files (Serialized files now loaded: 0)
Unloading 7182 unused Assets / (4.3 MB). Loaded Objects now: 8291.
Memory consumption went from 162.6 MB to 158.2 MB.
Total: 12.902800 ms (FindLiveObjects: 1.521000 ms CreateObjectMapping: 0.831500 ms MarkObjects: 6.862000 ms  DeleteObjects: 3.686600 ms)

Prepare: number of updated asset objects reloaded= 0
========================================================================
Received Prepare
Begin MonoManager ReloadAssembly
- Loaded All Assemblies, in  1.105 seconds
Refreshing native plugins compatible for Editor in 2.84 ms, found 5 plugins.
Native extension for WindowsStandalone target not found
[Package Manager] Failed to launch server process. Reason: Unity was launched with the -noUpm command-line argument
[Package Manager] Unable to send message (not connected to server process).
[Package Manager] Cannot connect to Unity Package Manager local server
[Package Manager] Failed to launch server process. Reason: Unity was launched with the -noUpm command-line argument
[Package Manager] Unable to send message (not connected to server process).
[Package Manager] Cannot connect to Unity Package Manager local server
ScheduleIndexationOnStartup MainProcess:False IndexOnStartup:True
Mono: successfully reloaded assembly
- Finished resetting the current domain, in  1.159 seconds
Domain Reload Profiling: 2268ms
	BeginReloadAssembly (360ms)
		ExecutionOrderSort (0ms)
		DisableScriptedObjects (17ms)
		BackupInstance (0ms)
		ReleaseScriptingObjects (0ms)
		CreateAndSetChildDomain (65ms)
	RebuildCommonClasses (54ms)
	RebuildNativeTypeToScriptingClass (17ms)
	initialDomainReloadingComplete (36ms)
	LoadAllAssembliesAndSetupDomain (643ms)
		LoadAssemblies (543ms)
		RebuildTransferFunctionScriptingTraits (0ms)
		AnalyzeDomain (295ms)
			TypeCache.Refresh (15ms)
				TypeCache.ScanAssembly (1ms)
			BuildScriptInfoCaches (255ms)
			ResolveRequiredComponents (17ms)
	FinalizeReload (1159ms)
		ReleaseScriptCaches (0ms)
		RebuildScriptCaches (0ms)
		SetupLoadedEditorAssemblies (896ms)
			LogAssemblyErrors (0ms)
			InitializePlatformSupportModulesInManaged (3ms)
			SetLoadedEditorAssemblies (8ms)
			BeforeProcessingInitializeOnLoad (229ms)
			ProcessInitializeOnLoadAttributes (535ms)
			ProcessInitializeOnLoadMethodAttributes (118ms)
			AfterProcessingInitializeOnLoad (2ms)
			EditorAssembliesLoaded (1ms)
		ExecutionOrderSort2 (0ms)
		AwakeInstancesAfterBackupRestoration (25ms)
Refreshing native plugins compatible for Editor in 2.57 ms, found 5 plugins.
Preloading 0 native plugins for Editor in 0.00 ms.
Unloading 16 Unused Serialized files (Serialized files now loaded: 0)
Unloading 7197 unused Assets / (4.7 MB). Loaded Objects now: 8294.
Memory consumption went from 162.5 MB to 157.8 MB.
Total: 15.507100 ms (FindLiveObjects: 1.486700 ms CreateObjectMapping: 1.929600 ms MarkObjects: 7.660400 ms  DeleteObjects: 4.428600 ms)

Prepare: number of updated asset objects reloaded= 0
========================================================================
Received Prepare
Refreshing native plugins compatible for Editor in 4.04 ms, found 5 plugins.
Preloading 0 native plugins for Editor in 0.00 ms.
Unloading 16 Unused Serialized files (Serialized files now loaded: 0)
Unloading 7182 unused Assets / (4.5 MB). Loaded Objects now: 8294.
Memory consumption went from 162.6 MB to 158.1 MB.
Total: 15.017500 ms (FindLiveObjects: 1.647400 ms CreateObjectMapping: 1.119900 ms MarkObjects: 8.143600 ms  DeleteObjects: 4.105100 ms)

Prepare: number of updated asset objects reloaded= 0
========================================================================
Received Prepare
Begin MonoManager ReloadAssembly
- Loaded All Assemblies, in  1.202 seconds
Refreshing native plugins compatible for Editor in 2.35 ms, found 5 plugins.
Native extension for WindowsStandalone target not found
[Package Manager] Failed to launch server process. Reason: Unity was launched with the -noUpm command-line argument
[Package Manager] Unable to send message (not connected to server process).
[Package Manager] Cannot connect to Unity Package Manager local server
[Package Manager] Failed to launch server process. Reason: Unity was launched with the -noUpm command-line argument
[Package Manager] Unable to send message (not connected to server process).
[Package Manager] Cannot connect to Unity Package Manager local server
ScheduleIndexationOnStartup MainProcess:False IndexOnStartup:True
Mono: successfully reloaded assembly
- Finished resetting the current domain, in  0.888 seconds
Domain Reload Profiling: 2095ms
	BeginReloadAssembly (354ms)
		ExecutionOrderSort (0ms)
		DisableScriptedObjects (18ms)
		BackupInstance (0ms)
		ReleaseScriptingObjects (0ms)
		CreateAndSetChildDomain (67ms)
	RebuildCommonClasses (68ms)
	RebuildNativeTypeToScriptingClass (20ms)
	initialDomainReloadingComplete (39ms)
	LoadAllAssembliesAndSetupDomain (725ms)
		LoadAssemblies (550ms)
		RebuildTransferFunctionScriptingTraits (0ms)
		AnalyzeDomain (364ms)
			TypeCache.Refresh (13ms)
				TypeCache.ScanAssembly (1ms)
			BuildScriptInfoCaches (326ms)
			ResolveRequiredComponents (16ms)
	FinalizeReload (889ms)
		ReleaseScriptCaches (0ms)
		RebuildScriptCaches (0ms)
		SetupLoadedEditorAssemblies (694ms)
			LogAssemblyErrors (0ms)
			InitializePlatformSupportModulesInManaged (4ms)
			SetLoadedEditorAssemblies (6ms)
			BeforeProcessingInitializeOnLoad (184ms)
			ProcessInitializeOnLoadAttributes (412ms)
			ProcessInitializeOnLoadMethodAttributes (84ms)
			AfterProcessingInitializeOnLoad (2ms)
			EditorAssembliesLoaded (1ms)
		ExecutionOrderSort2 (0ms)
		AwakeInstancesAfterBackupRestoration (18ms)
Refreshing native plugins compatible for Editor in 3.03 ms, found 5 plugins.
Preloading 0 native plugins for Editor in 0.00 ms.
Unloading 16 Unused Serialized files (Serialized files now loaded: 0)
Unloading 7197 unused Assets / (4.1 MB). Loaded Objects now: 8297.
Memory consumption went from 162.5 MB to 158.4 MB.
Total: 11.330200 ms (FindLiveObjects: 1.087700 ms CreateObjectMapping: 0.481500 ms MarkObjects: 6.671800 ms  DeleteObjects: 3.087900 ms)

Prepare: number of updated asset objects reloaded= 0
========================================================================
Received Prepare
Refreshing native plugins compatible for Editor in 3.77 ms, found 5 plugins.
Preloading 0 native plugins for Editor in 0.00 ms.
Unloading 16 Unused Serialized files (Serialized files now loaded: 0)
Unloading 7182 unused Assets / (4.8 MB). Loaded Objects now: 8297.
Memory consumption went from 162.6 MB to 157.8 MB.
Total: 17.205000 ms (FindLiveObjects: 1.579400 ms CreateObjectMapping: 1.067700 ms MarkObjects: 9.603400 ms  DeleteObjects: 4.952500 ms)

Prepare: number of updated asset objects reloaded= 0
========================================================================
Received Prepare
Begin MonoManager ReloadAssembly
[Licensing::Client] Successfully resolved entitlement details
- Loaded All Assemblies, in  1.160 seconds
Refreshing native plugins compatible for Editor in 3.77 ms, found 5 plugins.
Native extension for WindowsStandalone target not found
[Package Manager] Failed to launch server process. Reason: Unity was launched with the -noUpm command-line argument
[Package Manager] Unable to send message (not connected to server process).
[Package Manager] Cannot connect to Unity Package Manager local server
[Package Manager] Failed to launch server process. Reason: Unity was launched with the -noUpm command-line argument
[Package Manager] Unable to send message (not connected to server process).
[Package Manager] Cannot connect to Unity Package Manager local server
ScheduleIndexationOnStartup MainProcess:False IndexOnStartup:True
Mono: successfully reloaded assembly
- Finished resetting the current domain, in  1.163 seconds
Domain Reload Profiling: 2326ms
	BeginReloadAssembly (381ms)
		ExecutionOrderSort (0ms)
		DisableScriptedObjects (25ms)
		BackupInstance (0ms)
		ReleaseScriptingObjects (0ms)
		CreateAndSetChildDomain (71ms)
	RebuildCommonClasses (55ms)
	RebuildNativeTypeToScriptingClass (24ms)
	initialDomainReloadingComplete (36ms)
	LoadAllAssembliesAndSetupDomain (666ms)
		LoadAssemblies (530ms)
		RebuildTransferFunctionScriptingTraits (0ms)
		AnalyzeDomain (335ms)
			TypeCache.Refresh (11ms)
				TypeCache.ScanAssembly (1ms)
			BuildScriptInfoCaches (298ms)
			ResolveRequiredComponents (19ms)
	FinalizeReload (1163ms)
		ReleaseScriptCaches (0ms)
		RebuildScriptCaches (0ms)
		SetupLoadedEditorAssemblies (903ms)
			LogAssemblyErrors (0ms)
			InitializePlatformSupportModulesInManaged (3ms)
			SetLoadedEditorAssemblies (8ms)
			BeforeProcessingInitializeOnLoad (242ms)
			ProcessInitializeOnLoadAttributes (539ms)
			ProcessInitializeOnLoadMethodAttributes (109ms)
			AfterProcessingInitializeOnLoad (2ms)
			EditorAssembliesLoaded (0ms)
		ExecutionOrderSort2 (0ms)
		AwakeInstancesAfterBackupRestoration (20ms)
Refreshing native plugins compatible for Editor in 2.65 ms, found 5 plugins.
Preloading 0 native plugins for Editor in 0.00 ms.
Unloading 16 Unused Serialized files (Serialized files now loaded: 0)
Unloading 7197 unused Assets / (3.9 MB). Loaded Objects now: 8300.
Memory consumption went from 162.6 MB to 158.6 MB.
Total: 11.436900 ms (FindLiveObjects: 1.343000 ms CreateObjectMapping: 0.620000 ms MarkObjects: 6.360200 ms  DeleteObjects: 3.111800 ms)

Prepare: number of updated asset objects reloaded= 0
========================================================================
Received Prepare
Refreshing native plugins compatible for Editor in 2.50 ms, found 5 plugins.
Preloading 0 native plugins for Editor in 0.00 ms.
Unloading 16 Unused Serialized files (Serialized files now loaded: 0)
Unloading 7182 unused Assets / (4.3 MB). Loaded Objects now: 8300.
Memory consumption went from 162.7 MB to 158.4 MB.
Total: 12.557500 ms (FindLiveObjects: 1.126100 ms CreateObjectMapping: 0.559600 ms MarkObjects: 7.512900 ms  DeleteObjects: 3.357400 ms)

Prepare: number of updated asset objects reloaded= 0
========================================================================
Received Prepare
Refreshing native plugins compatible for Editor in 3.86 ms, found 5 plugins.
Preloading 0 native plugins for Editor in 0.00 ms.
Unloading 16 Unused Serialized files (Serialized files now loaded: 0)
Unloading 7182 unused Assets / (4.4 MB). Loaded Objects now: 8300.
Memory consumption went from 162.7 MB to 158.3 MB.
Total: 15.496100 ms (FindLiveObjects: 1.719700 ms CreateObjectMapping: 1.088100 ms MarkObjects: 8.661400 ms  DeleteObjects: 4.024800 ms)

Prepare: number of updated asset objects reloaded= 0
========================================================================
Received Prepare
Begin MonoManager ReloadAssembly
[Licensing::Client] Successfully resolved entitlement details
- Loaded All Assemblies, in  1.074 seconds
Refreshing native plugins compatible for Editor in 2.45 ms, found 5 plugins.
Native extension for WindowsStandalone target not found
[Package Manager] Failed to launch server process. Reason: Unity was launched with the -noUpm command-line argument
[Package Manager] Unable to send message (not connected to server process).
[Package Manager] Cannot connect to Unity Package Manager local server
[Package Manager] Failed to launch server process. Reason: Unity was launched with the -noUpm command-line argument
[Package Manager] Unable to send message (not connected to server process).
[Package Manager] Cannot connect to Unity Package Manager local server
ScheduleIndexationOnStartup MainProcess:False IndexOnStartup:True
Mono: successfully reloaded assembly
- Finished resetting the current domain, in  1.145 seconds
Domain Reload Profiling: 2223ms
	BeginReloadAssembly (317ms)
		ExecutionOrderSort (0ms)
		DisableScriptedObjects (24ms)
		BackupInstance (0ms)
		ReleaseScriptingObjects (0ms)
		CreateAndSetChildDomain (65ms)
	RebuildCommonClasses (60ms)
	RebuildNativeTypeToScriptingClass (22ms)
	initialDomainReloadingComplete (40ms)
	LoadAllAssembliesAndSetupDomain (639ms)
		LoadAssemblies (528ms)
		RebuildTransferFunctionScriptingTraits (0ms)
		AnalyzeDomain (268ms)
			TypeCache.Refresh (9ms)
				TypeCache.ScanAssembly (0ms)
			BuildScriptInfoCaches (241ms)
			ResolveRequiredComponents (13ms)
	FinalizeReload (1146ms)
		ReleaseScriptCaches (0ms)
		RebuildScriptCaches (0ms)
		SetupLoadedEditorAssemblies (937ms)
			LogAssemblyErrors (0ms)
			InitializePlatformSupportModulesInManaged (3ms)
			SetLoadedEditorAssemblies (6ms)
			BeforeProcessingInitializeOnLoad (218ms)
			ProcessInitializeOnLoadAttributes (555ms)
			ProcessInitializeOnLoadMethodAttributes (152ms)
			AfterProcessingInitializeOnLoad (3ms)
			EditorAssembliesLoaded (1ms)
		ExecutionOrderSort2 (0ms)
		AwakeInstancesAfterBackupRestoration (29ms)
Refreshing native plugins compatible for Editor in 3.75 ms, found 5 plugins.
Preloading 0 native plugins for Editor in 0.00 ms.
Unloading 16 Unused Serialized files (Serialized files now loaded: 0)
Unloading 7197 unused Assets / (4.5 MB). Loaded Objects now: 8303.
Memory consumption went from 162.6 MB to 158.1 MB.
Total: 14.371900 ms (FindLiveObjects: 1.554900 ms CreateObjectMapping: 0.764400 ms MarkObjects: 8.021100 ms  DeleteObjects: 4.030000 ms)

Prepare: number of updated asset objects reloaded= 0
========================================================================
Received Prepare
Refreshing native plugins compatible for Editor in 3.54 ms, found 5 plugins.
Preloading 0 native plugins for Editor in 0.00 ms.
Unloading 16 Unused Serialized files (Serialized files now loaded: 0)
Unloading 7182 unused Assets / (4.3 MB). Loaded Objects now: 8303.
Memory consumption went from 162.7 MB to 158.4 MB.
Total: 13.167300 ms (FindLiveObjects: 1.119900 ms CreateObjectMapping: 0.805500 ms MarkObjects: 7.613000 ms  DeleteObjects: 3.627600 ms)

Prepare: number of updated asset objects reloaded= 0
========================================================================
Received Prepare
Refreshing native plugins compatible for Editor in 3.42 ms, found 5 plugins.
Preloading 0 native plugins for Editor in 0.00 ms.
Unloading 16 Unused Serialized files (Serialized files now loaded: 0)
Unloading 7182 unused Assets / (4.3 MB). Loaded Objects now: 8303.
Memory consumption went from 162.7 MB to 158.5 MB.
Total: 12.455400 ms (FindLiveObjects: 1.390400 ms CreateObjectMapping: 0.725200 ms MarkObjects: 7.147000 ms  DeleteObjects: 3.190600 ms)

Prepare: number of updated asset objects reloaded= 0
========================================================================
Received Prepare
Begin MonoManager ReloadAssembly
[Licensing::Client] Successfully resolved entitlement details
- Loaded All Assemblies, in  1.045 seconds
Refreshing native plugins compatible for Editor in 2.49 ms, found 5 plugins.
Native extension for WindowsStandalone target not found
[Package Manager] Failed to launch server process. Reason: Unity was launched with the -noUpm command-line argument
[Package Manager] Unable to send message (not connected to server process).
[Package Manager] Cannot connect to Unity Package Manager local server
[Package Manager] Failed to launch server process. Reason: Unity was launched with the -noUpm command-line argument
[Package Manager] Unable to send message (not connected to server process).
[Package Manager] Cannot connect to Unity Package Manager local server
ScheduleIndexationOnStartup MainProcess:False IndexOnStartup:True
Mono: successfully reloaded assembly
- Finished resetting the current domain, in  1.045 seconds
Domain Reload Profiling: 2095ms
	BeginReloadAssembly (322ms)
		ExecutionOrderSort (0ms)
		DisableScriptedObjects (18ms)
		BackupInstance (0ms)
		ReleaseScriptingObjects (0ms)
		CreateAndSetChildDomain (61ms)
	RebuildCommonClasses (55ms)
	RebuildNativeTypeToScriptingClass (23ms)
	initialDomainReloadingComplete (36ms)
	LoadAllAssembliesAndSetupDomain (612ms)
		LoadAssemblies (508ms)
		RebuildTransferFunctionScriptingTraits (0ms)
		AnalyzeDomain (276ms)
			TypeCache.Refresh (9ms)
				TypeCache.ScanAssembly (0ms)
			BuildScriptInfoCaches (247ms)
			ResolveRequiredComponents (13ms)
	FinalizeReload (1046ms)
		ReleaseScriptCaches (0ms)
		RebuildScriptCaches (0ms)
		SetupLoadedEditorAssemblies (839ms)
			LogAssemblyErrors (0ms)
			InitializePlatformSupportModulesInManaged (3ms)
			SetLoadedEditorAssemblies (8ms)
			BeforeProcessingInitializeOnLoad (236ms)
			ProcessInitializeOnLoadAttributes (471ms)
			ProcessInitializeOnLoadMethodAttributes (117ms)
			AfterProcessingInitializeOnLoad (3ms)
			EditorAssembliesLoaded (1ms)
		ExecutionOrderSort2 (0ms)
		AwakeInstancesAfterBackupRestoration (23ms)
Refreshing native plugins compatible for Editor in 3.21 ms, found 5 plugins.
Preloading 0 native plugins for Editor in 0.00 ms.
Unloading 16 Unused Serialized files (Serialized files now loaded: 0)
Unloading 7197 unused Assets / (4.8 MB). Loaded Objects now: 8306.
Memory consumption went from 162.7 MB to 157.9 MB.
Total: 14.150500 ms (FindLiveObjects: 1.352200 ms CreateObjectMapping: 0.589200 ms MarkObjects: 8.444600 ms  DeleteObjects: 3.762700 ms)

Prepare: number of updated asset objects reloaded= 0
========================================================================
Received Prepare
Refreshing native plugins compatible for Editor in 2.95 ms, found 5 plugins.
Preloading 0 native plugins for Editor in 0.00 ms.
Unloading 16 Unused Serialized files (Serialized files now loaded: 0)
Unloading 7182 unused Assets / (4.2 MB). Loaded Objects now: 8306.
Memory consumption went from 162.8 MB to 158.5 MB.
Total: 14.925700 ms (FindLiveObjects: 1.430300 ms CreateObjectMapping: 0.664400 ms MarkObjects: 8.972800 ms  DeleteObjects: 3.856200 ms)

Prepare: number of updated asset objects reloaded= 0
========================================================================
Received Prepare
Begin MonoManager ReloadAssembly
[Licensing::Client] Successfully resolved entitlement details
- Loaded All Assemblies, in  1.145 seconds
Refreshing native plugins compatible for Editor in 3.35 ms, found 5 plugins.
Native extension for WindowsStandalone target not found
[Package Manager] Failed to launch server process. Reason: Unity was launched with the -noUpm command-line argument
[Package Manager] Unable to send message (not connected to server process).
[Package Manager] Cannot connect to Unity Package Manager local server
[Package Manager] Failed to launch server process. Reason: Unity was launched with the -noUpm command-line argument
[Package Manager] Unable to send message (not connected to server process).
[Package Manager] Cannot connect to Unity Package Manager local server
ScheduleIndexationOnStartup MainProcess:False IndexOnStartup:True
Mono: successfully reloaded assembly
- Finished resetting the current domain, in  1.156 seconds
Domain Reload Profiling: 2304ms
	BeginReloadAssembly (362ms)
		ExecutionOrderSort (0ms)
		DisableScriptedObjects (20ms)
		BackupInstance (0ms)
		ReleaseScriptingObjects (0ms)
		CreateAndSetChildDomain (70ms)
	RebuildCommonClasses (53ms)
	RebuildNativeTypeToScriptingClass (21ms)
	initialDomainReloadingComplete (37ms)
	LoadAllAssembliesAndSetupDomain (674ms)
		LoadAssemblies (575ms)
		RebuildTransferFunctionScriptingTraits (0ms)
		AnalyzeDomain (294ms)
			TypeCache.Refresh (15ms)
				TypeCache.ScanAssembly (1ms)
			BuildScriptInfoCaches (261ms)
			ResolveRequiredComponents (12ms)
	FinalizeReload (1157ms)
		ReleaseScriptCaches (0ms)
		RebuildScriptCaches (0ms)
		SetupLoadedEditorAssemblies (907ms)
			LogAssemblyErrors (0ms)
			InitializePlatformSupportModulesInManaged (4ms)
			SetLoadedEditorAssemblies (8ms)
			BeforeProcessingInitializeOnLoad (199ms)
			ProcessInitializeOnLoadAttributes (537ms)
			ProcessInitializeOnLoadMethodAttributes (155ms)
			AfterProcessingInitializeOnLoad (3ms)
			EditorAssembliesLoaded (1ms)
		ExecutionOrderSort2 (0ms)
		AwakeInstancesAfterBackupRestoration (28ms)
Refreshing native plugins compatible for Editor in 3.68 ms, found 5 plugins.
Preloading 0 native plugins for Editor in 0.00 ms.
Unloading 16 Unused Serialized files (Serialized files now loaded: 0)
Unloading 7197 unused Assets / (3.6 MB). Loaded Objects now: 8309.
Memory consumption went from 162.7 MB to 159.1 MB.
Total: 12.401400 ms (FindLiveObjects: 1.440000 ms CreateObjectMapping: 0.824000 ms MarkObjects: 6.797200 ms  DeleteObjects: 3.337700 ms)

Prepare: number of updated asset objects reloaded= 0
========================================================================
Received Prepare
Refreshing native plugins compatible for Editor in 9.95 ms, found 5 plugins.
Preloading 0 native plugins for Editor in 0.00 ms.
Unloading 16 Unused Serialized files (Serialized files now loaded: 0)
Unloading 7182 unused Assets / (4.4 MB). Loaded Objects now: 8309.
Memory consumption went from 162.8 MB to 158.4 MB.
Total: 40.467400 ms (FindLiveObjects: 4.456100 ms CreateObjectMapping: 3.060600 ms MarkObjects: 20.962600 ms  DeleteObjects: 11.986000 ms)

Prepare: number of updated asset objects reloaded= 0
========================================================================
Received Prepare
Begin MonoManager ReloadAssembly
- Loaded All Assemblies, in  1.232 seconds
Refreshing native plugins compatible for Editor in 3.17 ms, found 5 plugins.
Native extension for WindowsStandalone target not found
[Package Manager] Failed to launch server process. Reason: Unity was launched with the -noUpm command-line argument
[Package Manager] Unable to send message (not connected to server process).
[Package Manager] Cannot connect to Unity Package Manager local server
[Package Manager] Failed to launch server process. Reason: Unity was launched with the -noUpm command-line argument
[Package Manager] Unable to send message (not connected to server process).
[Package Manager] Cannot connect to Unity Package Manager local server
ScheduleIndexationOnStartup MainProcess:False IndexOnStartup:True
Mono: successfully reloaded assembly
- Finished resetting the current domain, in  1.021 seconds
Domain Reload Profiling: 2258ms
	BeginReloadAssembly (380ms)
		ExecutionOrderSort (0ms)
		DisableScriptedObjects (17ms)
		BackupInstance (0ms)
		ReleaseScriptingObjects (0ms)
		CreateAndSetChildDomain (74ms)
	RebuildCommonClasses (66ms)
	RebuildNativeTypeToScriptingClass (25ms)
	initialDomainReloadingComplete (40ms)
	LoadAllAssembliesAndSetupDomain (726ms)
		LoadAssemblies (581ms)
		RebuildTransferFunctionScriptingTraits (0ms)
		AnalyzeDomain (350ms)
			TypeCache.Refresh (12ms)
				TypeCache.ScanAssembly (1ms)
			BuildScriptInfoCaches (319ms)
			ResolveRequiredComponents (14ms)
	FinalizeReload (1021ms)
		ReleaseScriptCaches (0ms)
		RebuildScriptCaches (0ms)
		SetupLoadedEditorAssemblies (797ms)
			LogAssemblyErrors (0ms)
			InitializePlatformSupportModulesInManaged (3ms)
			SetLoadedEditorAssemblies (7ms)
			BeforeProcessingInitializeOnLoad (197ms)
			ProcessInitializeOnLoadAttributes (480ms)
			ProcessInitializeOnLoadMethodAttributes (107ms)
			AfterProcessingInitializeOnLoad (2ms)
			EditorAssembliesLoaded (0ms)
		ExecutionOrderSort2 (0ms)
		AwakeInstancesAfterBackupRestoration (21ms)
Refreshing native plugins compatible for Editor in 2.87 ms, found 5 plugins.
Preloading 0 native plugins for Editor in 0.00 ms.
Unloading 16 Unused Serialized files (Serialized files now loaded: 0)
Unloading 7197 unused Assets / (4.0 MB). Loaded Objects now: 8312.
Memory consumption went from 162.7 MB to 158.8 MB.
Total: 11.914700 ms (FindLiveObjects: 1.509000 ms CreateObjectMapping: 0.788300 ms MarkObjects: 6.674700 ms  DeleteObjects: 2.940800 ms)

Prepare: number of updated asset objects reloaded= 0
========================================================================
Received Prepare
Refreshing native plugins compatible for Editor in 2.73 ms, found 5 plugins.
Preloading 0 native plugins for Editor in 0.00 ms.
Unloading 16 Unused Serialized files (Serialized files now loaded: 0)
Unloading 7182 unused Assets / (4.2 MB). Loaded Objects now: 8312.
Memory consumption went from 162.9 MB to 158.7 MB.
Total: 13.807100 ms (FindLiveObjects: 1.530400 ms CreateObjectMapping: 1.206200 ms MarkObjects: 7.440900 ms  DeleteObjects: 3.627900 ms)

Prepare: number of updated asset objects reloaded= 0
========================================================================
Received Prepare
Begin MonoManager ReloadAssembly
[Licensing::Client] Successfully resolved entitlement details
- Loaded All Assemblies, in  1.251 seconds
Refreshing native plugins compatible for Editor in 2.47 ms, found 5 plugins.
Native extension for WindowsStandalone target not found
[Package Manager] Failed to launch server process. Reason: Unity was launched with the -noUpm command-line argument
[Package Manager] Unable to send message (not connected to server process).
[Package Manager] Cannot connect to Unity Package Manager local server
[Package Manager] Failed to launch server process. Reason: Unity was launched with the -noUpm command-line argument
[Package Manager] Unable to send message (not connected to server process).
[Package Manager] Cannot connect to Unity Package Manager local server
ScheduleIndexationOnStartup MainProcess:False IndexOnStartup:True
Mono: successfully reloaded assembly
- Finished resetting the current domain, in  1.133 seconds
Domain Reload Profiling: 2388ms
	BeginReloadAssembly (405ms)
		ExecutionOrderSort (0ms)
		DisableScriptedObjects (25ms)
		BackupInstance (0ms)
		ReleaseScriptingObjects (0ms)
		CreateAndSetChildDomain (80ms)
	RebuildCommonClasses (63ms)
	RebuildNativeTypeToScriptingClass (20ms)
	initialDomainReloadingComplete (44ms)
	LoadAllAssembliesAndSetupDomain (723ms)
		LoadAssemblies (567ms)
		RebuildTransferFunctionScriptingTraits (0ms)
		AnalyzeDomain (341ms)
			TypeCache.Refresh (15ms)
				TypeCache.ScanAssembly (1ms)
			BuildScriptInfoCaches (305ms)
			ResolveRequiredComponents (14ms)
	FinalizeReload (1134ms)
		ReleaseScriptCaches (0ms)
		RebuildScriptCaches (0ms)
		SetupLoadedEditorAssemblies (900ms)
			LogAssemblyErrors (0ms)
			InitializePlatformSupportModulesInManaged (4ms)
			SetLoadedEditorAssemblies (8ms)
			BeforeProcessingInitializeOnLoad (221ms)
			ProcessInitializeOnLoadAttributes (542ms)
			ProcessInitializeOnLoadMethodAttributes (122ms)
			AfterProcessingInitializeOnLoad (3ms)
			EditorAssembliesLoaded (1ms)
		ExecutionOrderSort2 (0ms)
		AwakeInstancesAfterBackupRestoration (27ms)
Refreshing native plugins compatible for Editor in 3.56 ms, found 5 plugins.
Preloading 0 native plugins for Editor in 0.00 ms.
Unloading 16 Unused Serialized files (Serialized files now loaded: 0)
Unloading 7197 unused Assets / (4.7 MB). Loaded Objects now: 8315.
Memory consumption went from 162.8 MB to 158.1 MB.
Total: 16.357000 ms (FindLiveObjects: 1.250500 ms CreateObjectMapping: 1.450300 ms MarkObjects: 8.699800 ms  DeleteObjects: 4.954700 ms)

Prepare: number of updated asset objects reloaded= 0
========================================================================
Received Prepare
Refreshing native plugins compatible for Editor in 2.64 ms, found 5 plugins.
Preloading 0 native plugins for Editor in 0.00 ms.
Unloading 16 Unused Serialized files (Serialized files now loaded: 0)
Unloading 7182 unused Assets / (4.4 MB). Loaded Objects now: 8315.
Memory consumption went from 162.9 MB to 158.6 MB.
Total: 13.624300 ms (FindLiveObjects: 1.915000 ms CreateObjectMapping: 1.240000 ms MarkObjects: 7.113600 ms  DeleteObjects: 3.354100 ms)

Prepare: number of updated asset objects reloaded= 0
========================================================================
Received Prepare
Begin MonoManager ReloadAssembly
- Loaded All Assemblies, in  1.141 seconds
Refreshing native plugins compatible for Editor in 2.53 ms, found 5 plugins.
Native extension for WindowsStandalone target not found
[Package Manager] Failed to launch server process. Reason: Unity was launched with the -noUpm command-line argument
[Package Manager] Unable to send message (not connected to server process).
[Package Manager] Cannot connect to Unity Package Manager local server
[Package Manager] Failed to launch server process. Reason: Unity was launched with the -noUpm command-line argument
[Package Manager] Unable to send message (not connected to server process).
[Package Manager] Cannot connect to Unity Package Manager local server
ScheduleIndexationOnStartup MainProcess:False IndexOnStartup:True
Mono: successfully reloaded assembly
- Finished resetting the current domain, in  1.120 seconds
Domain Reload Profiling: 2267ms
	BeginReloadAssembly (356ms)
		ExecutionOrderSort (0ms)
		DisableScriptedObjects (20ms)
		BackupInstance (0ms)
		ReleaseScriptingObjects (0ms)
		CreateAndSetChildDomain (78ms)
	RebuildCommonClasses (58ms)
	RebuildNativeTypeToScriptingClass (17ms)
	initialDomainReloadingComplete (35ms)
	LoadAllAssembliesAndSetupDomain (680ms)
		LoadAssemblies (525ms)
		RebuildTransferFunctionScriptingTraits (0ms)
		AnalyzeDomain (333ms)
			TypeCache.Refresh (13ms)
				TypeCache.ScanAssembly (1ms)
			BuildScriptInfoCaches (292ms)
			ResolveRequiredComponents (17ms)
	FinalizeReload (1121ms)
		ReleaseScriptCaches (0ms)
		RebuildScriptCaches (0ms)
		SetupLoadedEditorAssemblies (879ms)
			LogAssemblyErrors (0ms)
			InitializePlatformSupportModulesInManaged (4ms)
			SetLoadedEditorAssemblies (8ms)
			BeforeProcessingInitializeOnLoad (201ms)
			ProcessInitializeOnLoadAttributes (542ms)
			ProcessInitializeOnLoadMethodAttributes (121ms)
			AfterProcessingInitializeOnLoad (3ms)
			EditorAssembliesLoaded (1ms)
		ExecutionOrderSort2 (0ms)
		AwakeInstancesAfterBackupRestoration (26ms)
Refreshing native plugins compatible for Editor in 3.98 ms, found 5 plugins.
Preloading 0 native plugins for Editor in 0.00 ms.
Unloading 16 Unused Serialized files (Serialized files now loaded: 0)
Unloading 7197 unused Assets / (4.8 MB). Loaded Objects now: 8318.
Memory consumption went from 162.8 MB to 158.0 MB.
Total: 17.017100 ms (FindLiveObjects: 1.849800 ms CreateObjectMapping: 1.490000 ms MarkObjects: 8.896900 ms  DeleteObjects: 4.778900 ms)

Prepare: number of updated asset objects reloaded= 0
========================================================================
Received Prepare
Refreshing native plugins compatible for Editor in 2.86 ms, found 5 plugins.
Preloading 0 native plugins for Editor in 0.00 ms.
Unloading 16 Unused Serialized files (Serialized files now loaded: 0)
Unloading 7182 unused Assets / (4.3 MB). Loaded Objects now: 8318.
Memory consumption went from 162.9 MB to 158.6 MB.
Total: 13.563200 ms (FindLiveObjects: 1.433100 ms CreateObjectMapping: 0.738300 ms MarkObjects: 7.825700 ms  DeleteObjects: 3.564000 ms)

Prepare: number of updated asset objects reloaded= 0
========================================================================
Received Prepare
Begin MonoManager ReloadAssembly
- Loaded All Assemblies, in  1.177 seconds
Refreshing native plugins compatible for Editor in 2.37 ms, found 5 plugins.
Native extension for WindowsStandalone target not found
[Package Manager] Failed to launch server process. Reason: Unity was launched with the -noUpm command-line argument
[Package Manager] Unable to send message (not connected to server process).
[Package Manager] Cannot connect to Unity Package Manager local server
[Package Manager] Failed to launch server process. Reason: Unity was launched with the -noUpm command-line argument
[Package Manager] Unable to send message (not connected to server process).
[Package Manager] Cannot connect to Unity Package Manager local server
ScheduleIndexationOnStartup MainProcess:False IndexOnStartup:True
Mono: successfully reloaded assembly
- Finished resetting the current domain, in  1.093 seconds
Domain Reload Profiling: 2275ms
	BeginReloadAssembly (365ms)
		ExecutionOrderSort (0ms)
		DisableScriptedObjects (23ms)
		BackupInstance (0ms)
		ReleaseScriptingObjects (0ms)
		CreateAndSetChildDomain (75ms)
	RebuildCommonClasses (59ms)
	RebuildNativeTypeToScriptingClass (17ms)
	initialDomainReloadingComplete (44ms)
	LoadAllAssembliesAndSetupDomain (697ms)
		LoadAssemblies (544ms)
		RebuildTransferFunctionScriptingTraits (0ms)
		AnalyzeDomain (343ms)
			TypeCache.Refresh (15ms)
				TypeCache.ScanAssembly (1ms)
			BuildScriptInfoCaches (304ms)
			ResolveRequiredComponents (17ms)
	FinalizeReload (1093ms)
		ReleaseScriptCaches (0ms)
		RebuildScriptCaches (0ms)
		SetupLoadedEditorAssemblies (822ms)
			LogAssemblyErrors (0ms)
			InitializePlatformSupportModulesInManaged (4ms)
			SetLoadedEditorAssemblies (7ms)
			BeforeProcessingInitializeOnLoad (217ms)
			ProcessInitializeOnLoadAttributes (475ms)
			ProcessInitializeOnLoadMethodAttributes (116ms)
			AfterProcessingInitializeOnLoad (3ms)
			EditorAssembliesLoaded (0ms)
		ExecutionOrderSort2 (0ms)
		AwakeInstancesAfterBackupRestoration (21ms)
Refreshing native plugins compatible for Editor in 2.71 ms, found 5 plugins.
Preloading 0 native plugins for Editor in 0.00 ms.
Unloading 16 Unused Serialized files (Serialized files now loaded: 0)
Unloading 7197 unused Assets / (4.4 MB). Loaded Objects now: 8321.
Memory consumption went from 162.9 MB to 158.5 MB.
Total: 12.687900 ms (FindLiveObjects: 1.376500 ms CreateObjectMapping: 0.683700 ms MarkObjects: 7.141200 ms  DeleteObjects: 3.484700 ms)

Prepare: number of updated asset objects reloaded= 0
========================================================================
Received Prepare
Refreshing native plugins compatible for Editor in 3.33 ms, found 5 plugins.
Preloading 0 native plugins for Editor in 0.00 ms.
Unloading 16 Unused Serialized files (Serialized files now loaded: 0)
Unloading 7182 unused Assets / (4.2 MB). Loaded Objects now: 8321.
Memory consumption went from 163.0 MB to 158.8 MB.
Total: 13.920300 ms (FindLiveObjects: 1.422600 ms CreateObjectMapping: 0.778900 ms MarkObjects: 8.302200 ms  DeleteObjects: 3.415400 ms)

Prepare: number of updated asset objects reloaded= 0
========================================================================
Received Prepare
Begin MonoManager ReloadAssembly
[Licensing::Client] Successfully resolved entitlement details
- Loaded All Assemblies, in  1.092 seconds
Refreshing native plugins compatible for Editor in 3.69 ms, found 5 plugins.
Native extension for WindowsStandalone target not found
[Package Manager] Failed to launch server process. Reason: Unity was launched with the -noUpm command-line argument
[Package Manager] Unable to send message (not connected to server process).
[Package Manager] Cannot connect to Unity Package Manager local server
[Package Manager] Failed to launch server process. Reason: Unity was launched with the -noUpm command-line argument
[Package Manager] Unable to send message (not connected to server process).
[Package Manager] Cannot connect to Unity Package Manager local server
ScheduleIndexationOnStartup MainProcess:False IndexOnStartup:True
Mono: successfully reloaded assembly
- Finished resetting the current domain, in  1.144 seconds
Domain Reload Profiling: 2242ms
	BeginReloadAssembly (347ms)
		ExecutionOrderSort (0ms)
		DisableScriptedObjects (19ms)
		BackupInstance (0ms)
		ReleaseScriptingObjects (0ms)
		CreateAndSetChildDomain (65ms)
	RebuildCommonClasses (47ms)
	RebuildNativeTypeToScriptingClass (16ms)
	initialDomainReloadingComplete (37ms)
	LoadAllAssembliesAndSetupDomain (650ms)
		LoadAssemblies (515ms)
		RebuildTransferFunctionScriptingTraits (0ms)
		AnalyzeDomain (318ms)
			TypeCache.Refresh (15ms)
				TypeCache.ScanAssembly (1ms)
			BuildScriptInfoCaches (277ms)
			ResolveRequiredComponents (19ms)
	FinalizeReload (1145ms)
		ReleaseScriptCaches (0ms)
		RebuildScriptCaches (0ms)
		SetupLoadedEditorAssemblies (891ms)
			LogAssemblyErrors (0ms)
			InitializePlatformSupportModulesInManaged (4ms)
			SetLoadedEditorAssemblies (8ms)
			BeforeProcessingInitializeOnLoad (220ms)
			ProcessInitializeOnLoadAttributes (535ms)
			ProcessInitializeOnLoadMethodAttributes (121ms)
			AfterProcessingInitializeOnLoad (3ms)
			EditorAssembliesLoaded (0ms)
		ExecutionOrderSort2 (0ms)
		AwakeInstancesAfterBackupRestoration (25ms)
Refreshing native plugins compatible for Editor in 4.39 ms, found 5 plugins.
Preloading 0 native plugins for Editor in 0.00 ms.
Unloading 16 Unused Serialized files (Serialized files now loaded: 0)
Unloading 7197 unused Assets / (4.3 MB). Loaded Objects now: 8324.
Memory consumption went from 162.9 MB to 158.6 MB.
Total: 14.979300 ms (FindLiveObjects: 1.548700 ms CreateObjectMapping: 1.327600 ms MarkObjects: 7.753800 ms  DeleteObjects: 4.337300 ms)

Prepare: number of updated asset objects reloaded= 0
========================================================================
Received Import Request.
  Time since last request: 2796.881652 seconds.
  path: Assets/Prefabs/Enemy/Debris.prefab
  artifactKey: Guid(a9075c97819311b429a84e0ad8d37864) Importer(815301076,1909f56bfc062723c751e8b465ee728b)
Start importing Assets/Prefabs/Enemy/Debris.prefab using Guid(a9075c97819311b429a84e0ad8d37864) Importer(815301076,1909f56bfc062723c751e8b465ee728b) (PreviewImporter) -> (artifact id: '2dd37a6af2a9dba57e4e508f38fca589') in 0.729905 seconds
Number of updated asset objects reloaded before import = 0Number of asset objects unloaded after import = 10

========================================================================
Received Prepare
Refreshing native plugins compatible for Editor in 3.30 ms, found 5 plugins.
Preloading 0 native plugins for Editor in 0.00 ms.
Unloading 16 Unused Serialized files (Serialized files now loaded: 0)
Unloading 7182 unused Assets / (4.1 MB). Loaded Objects now: 8417.
Memory consumption went from 163.6 MB to 159.5 MB.
Total: 12.912500 ms (FindLiveObjects: 1.417500 ms CreateObjectMapping: 0.654200 ms MarkObjects: 7.762600 ms  DeleteObjects: 3.077000 ms)

Prepare: number of updated asset objects reloaded= 0
========================================================================
Received Prepare
Refreshing native plugins compatible for Editor in 3.22 ms, found 5 plugins.
Preloading 0 native plugins for Editor in 0.00 ms.
Unloading 16 Unused Serialized files (Serialized files now loaded: 0)
Unloading 7182 unused Assets / (4.3 MB). Loaded Objects now: 8417.
Memory consumption went from 163.6 MB to 159.3 MB.
Total: 17.931000 ms (FindLiveObjects: 1.479400 ms CreateObjectMapping: 1.358000 ms MarkObjects: 10.934000 ms  DeleteObjects: 4.156700 ms)

Prepare: number of updated asset objects reloaded= 0
========================================================================
Received Prepare
Begin MonoManager ReloadAssembly
[Licensing::Client] Successfully resolved entitlement details
- Loaded All Assemblies, in  1.131 seconds
Refreshing native plugins compatible for Editor in 3.55 ms, found 5 plugins.
Native extension for WindowsStandalone target not found
[Package Manager] Failed to launch server process. Reason: Unity was launched with the -noUpm command-line argument
[Package Manager] Unable to send message (not connected to server process).
[Package Manager] Cannot connect to Unity Package Manager local server
[Package Manager] Failed to launch server process. Reason: Unity was launched with the -noUpm command-line argument
[Package Manager] Unable to send message (not connected to server process).
[Package Manager] Cannot connect to Unity Package Manager local server
ScheduleIndexationOnStartup MainProcess:False IndexOnStartup:True
Mono: successfully reloaded assembly
- Finished resetting the current domain, in  0.999 seconds
Domain Reload Profiling: 2136ms
	BeginReloadAssembly (390ms)
		ExecutionOrderSort (0ms)
		DisableScriptedObjects (43ms)
		BackupInstance (0ms)
		ReleaseScriptingObjects (0ms)
		CreateAndSetChildDomain (84ms)
	RebuildCommonClasses (50ms)
	RebuildNativeTypeToScriptingClass (25ms)
	initialDomainReloadingComplete (31ms)
	LoadAllAssembliesAndSetupDomain (640ms)
		LoadAssemblies (543ms)
		RebuildTransferFunctionScriptingTraits (0ms)
		AnalyzeDomain (284ms)
			TypeCache.Refresh (16ms)
				TypeCache.ScanAssembly (1ms)
			BuildScriptInfoCaches (245ms)
			ResolveRequiredComponents (16ms)
	FinalizeReload (1000ms)
		ReleaseScriptCaches (0ms)
		RebuildScriptCaches (0ms)
		SetupLoadedEditorAssemblies (771ms)
			LogAssemblyErrors (0ms)
			InitializePlatformSupportModulesInManaged (3ms)
			SetLoadedEditorAssemblies (7ms)
			BeforeProcessingInitializeOnLoad (213ms)
			ProcessInitializeOnLoadAttributes (450ms)
			ProcessInitializeOnLoadMethodAttributes (94ms)
			AfterProcessingInitializeOnLoad (3ms)
			EditorAssembliesLoaded (1ms)
		ExecutionOrderSort2 (0ms)
		AwakeInstancesAfterBackupRestoration (22ms)
Refreshing native plugins compatible for Editor in 4.80 ms, found 5 plugins.
Preloading 0 native plugins for Editor in 0.00 ms.
Unloading 16 Unused Serialized files (Serialized files now loaded: 0)
Unloading 7197 unused Assets / (4.1 MB). Loaded Objects now: 8347.
Memory consumption went from 163.1 MB to 159.0 MB.
Total: 14.935800 ms (FindLiveObjects: 1.667100 ms CreateObjectMapping: 0.789200 ms MarkObjects: 8.721100 ms  DeleteObjects: 3.756700 ms)

Prepare: number of updated asset objects reloaded= 0
========================================================================
Received Prepare
Refreshing native plugins compatible for Editor in 3.41 ms, found 5 plugins.
Preloading 0 native plugins for Editor in 0.00 ms.
Unloading 16 Unused Serialized files (Serialized files now loaded: 0)
Unloading 7182 unused Assets / (4.5 MB). Loaded Objects now: 8347.
Memory consumption went from 163.1 MB to 158.6 MB.
Total: 12.187800 ms (FindLiveObjects: 1.236300 ms CreateObjectMapping: 0.616800 ms MarkObjects: 7.049700 ms  DeleteObjects: 3.283200 ms)

Prepare: number of updated asset objects reloaded= 0
========================================================================
Received Import Request.
  Time since last request: 129.499626 seconds.
  path: Assets/Prefabs/Enemy/Breach.prefab
  artifactKey: Guid(2aa3ffd38d86b2e409308b8334d6311f) Importer(815301076,1909f56bfc062723c751e8b465ee728b)
Start importing Assets/Prefabs/Enemy/Breach.prefab using Guid(2aa3ffd38d86b2e409308b8334d6311f) Importer(815301076,1909f56bfc062723c751e8b465ee728b) (PreviewImporter) -> (artifact id: '9ab1e88873e405154f5f4cd8e7024e75') in 0.7066651 seconds
Number of updated asset objects reloaded before import = 0Number of asset objects unloaded after import = 10

========================================================================
Received Prepare
Begin MonoManager ReloadAssembly
- Loaded All Assemblies, in  1.085 seconds
Refreshing native plugins compatible for Editor in 3.15 ms, found 5 plugins.
Native extension for WindowsStandalone target not found
[Package Manager] Failed to launch server process. Reason: Unity was launched with the -noUpm command-line argument
[Package Manager] Unable to send message (not connected to server process).
[Package Manager] Cannot connect to Unity Package Manager local server
[Package Manager] Failed to launch server process. Reason: Unity was launched with the -noUpm command-line argument
[Package Manager] Unable to send message (not connected to server process).
[Package Manager] Cannot connect to Unity Package Manager local server
ScheduleIndexationOnStartup MainProcess:False IndexOnStartup:True
Mono: successfully reloaded assembly
- Finished resetting the current domain, in  1.042 seconds
Domain Reload Profiling: 2132ms
	BeginReloadAssembly (341ms)
		ExecutionOrderSort (0ms)
		DisableScriptedObjects (39ms)
		BackupInstance (0ms)
		ReleaseScriptingObjects (0ms)
		CreateAndSetChildDomain (83ms)
	RebuildCommonClasses (47ms)
	RebuildNativeTypeToScriptingClass (18ms)
	initialDomainReloadingComplete (37ms)
	LoadAllAssembliesAndSetupDomain (646ms)
		LoadAssemblies (491ms)
		RebuildTransferFunctionScriptingTraits (0ms)
		AnalyzeDomain (298ms)
			TypeCache.Refresh (13ms)
				TypeCache.ScanAssembly (1ms)
			BuildScriptInfoCaches (261ms)
			ResolveRequiredComponents (18ms)
	FinalizeReload (1043ms)
		ReleaseScriptCaches (0ms)
		RebuildScriptCaches (0ms)
		SetupLoadedEditorAssemblies (806ms)
			LogAssemblyErrors (0ms)
			InitializePlatformSupportModulesInManaged (4ms)
			SetLoadedEditorAssemblies (7ms)
			BeforeProcessingInitializeOnLoad (203ms)
			ProcessInitializeOnLoadAttributes (486ms)
			ProcessInitializeOnLoadMethodAttributes (103ms)
			AfterProcessingInitializeOnLoad (2ms)
			EditorAssembliesLoaded (0ms)
		ExecutionOrderSort2 (0ms)
		AwakeInstancesAfterBackupRestoration (20ms)
Refreshing native plugins compatible for Editor in 4.38 ms, found 5 plugins.
Preloading 0 native plugins for Editor in 0.00 ms.
Unloading 16 Unused Serialized files (Serialized files now loaded: 0)
Unloading 7197 unused Assets / (4.1 MB). Loaded Objects now: 8370.
Memory consumption went from 163.2 MB to 159.0 MB.
Total: 17.197500 ms (FindLiveObjects: 1.533200 ms CreateObjectMapping: 1.558700 ms MarkObjects: 11.049800 ms  DeleteObjects: 3.054200 ms)

Prepare: number of updated asset objects reloaded= 0
========================================================================
Received Prepare
Refreshing native plugins compatible for Editor in 3.66 ms, found 5 plugins.
Preloading 0 native plugins for Editor in 0.00 ms.
Unloading 16 Unused Serialized files (Serialized files now loaded: 0)
Unloading 7182 unused Assets / (4.2 MB). Loaded Objects now: 8370.
Memory consumption went from 163.2 MB to 158.9 MB.
Total: 13.283800 ms (FindLiveObjects: 1.537200 ms CreateObjectMapping: 0.706900 ms MarkObjects: 7.362300 ms  DeleteObjects: 3.675800 ms)

Prepare: number of updated asset objects reloaded= 0
========================================================================
Received Prepare
Begin MonoManager ReloadAssembly
- Loaded All Assemblies, in  1.126 seconds
Refreshing native plugins compatible for Editor in 3.06 ms, found 5 plugins.
Native extension for WindowsStandalone target not found
[Package Manager] Failed to launch server process. Reason: Unity was launched with the -noUpm command-line argument
[Package Manager] Unable to send message (not connected to server process).
[Package Manager] Cannot connect to Unity Package Manager local server
[Package Manager] Failed to launch server process. Reason: Unity was launched with the -noUpm command-line argument
[Package Manager] Unable to send message (not connected to server process).
[Package Manager] Cannot connect to Unity Package Manager local server
ScheduleIndexationOnStartup MainProcess:False IndexOnStartup:True
Mono: successfully reloaded assembly
- Finished resetting the current domain, in  1.076 seconds
Domain Reload Profiling: 2207ms
	BeginReloadAssembly (343ms)
		ExecutionOrderSort (0ms)
		DisableScriptedObjects (25ms)
		BackupInstance (0ms)
		ReleaseScriptingObjects (0ms)
		CreateAndSetChildDomain (74ms)
	RebuildCommonClasses (58ms)
	RebuildNativeTypeToScriptingClass (18ms)
	initialDomainReloadingComplete (35ms)
	LoadAllAssembliesAndSetupDomain (676ms)
		LoadAssemblies (506ms)
		RebuildTransferFunctionScriptingTraits (0ms)
		AnalyzeDomain (337ms)
			TypeCache.Refresh (13ms)
				TypeCache.ScanAssembly (1ms)
			BuildScriptInfoCaches (299ms)
			ResolveRequiredComponents (18ms)
	FinalizeReload (1076ms)
		ReleaseScriptCaches (0ms)
		RebuildScriptCaches (0ms)
		SetupLoadedEditorAssemblies (805ms)
			LogAssemblyErrors (0ms)
			InitializePlatformSupportModulesInManaged (4ms)
			SetLoadedEditorAssemblies (8ms)
			BeforeProcessingInitializeOnLoad (199ms)
			ProcessInitializeOnLoadAttributes (485ms)
			ProcessInitializeOnLoadMethodAttributes (107ms)
			AfterProcessingInitializeOnLoad (3ms)
			EditorAssembliesLoaded (0ms)
		ExecutionOrderSort2 (0ms)
		AwakeInstancesAfterBackupRestoration (24ms)
Refreshing native plugins compatible for Editor in 3.81 ms, found 5 plugins.
Preloading 0 native plugins for Editor in 0.00 ms.
Unloading 16 Unused Serialized files (Serialized files now loaded: 0)
Unloading 7197 unused Assets / (4.5 MB). Loaded Objects now: 8373.
Memory consumption went from 163.1 MB to 158.6 MB.
Total: 12.994700 ms (FindLiveObjects: 1.472700 ms CreateObjectMapping: 0.744100 ms MarkObjects: 6.878400 ms  DeleteObjects: 3.897800 ms)

Prepare: number of updated asset objects reloaded= 0
========================================================================
Received Prepare
Refreshing native plugins compatible for Editor in 3.95 ms, found 5 plugins.
Preloading 0 native plugins for Editor in 0.00 ms.
Unloading 16 Unused Serialized files (Serialized files now loaded: 0)
Unloading 7182 unused Assets / (4.0 MB). Loaded Objects now: 8373.
Memory consumption went from 163.2 MB to 159.2 MB.
Total: 16.715100 ms (FindLiveObjects: 1.737100 ms CreateObjectMapping: 2.011600 ms MarkObjects: 8.333000 ms  DeleteObjects: 4.631500 ms)

Prepare: number of updated asset objects reloaded= 0
========================================================================
Received Prepare
Begin MonoManager ReloadAssembly
- Loaded All Assemblies, in  1.083 seconds
Refreshing native plugins compatible for Editor in 2.37 ms, found 5 plugins.
Native extension for WindowsStandalone target not found
[Package Manager] Failed to launch server process. Reason: Unity was launched with the -noUpm command-line argument
[Package Manager] Unable to send message (not connected to server process).
[Package Manager] Cannot connect to Unity Package Manager local server
[Package Manager] Failed to launch server process. Reason: Unity was launched with the -noUpm command-line argument
[Package Manager] Unable to send message (not connected to server process).
[Package Manager] Cannot connect to Unity Package Manager local server
ScheduleIndexationOnStartup MainProcess:False IndexOnStartup:True
Mono: successfully reloaded assembly
- Finished resetting the current domain, in  1.033 seconds
Domain Reload Profiling: 2121ms
	BeginReloadAssembly (318ms)
		ExecutionOrderSort (0ms)
		DisableScriptedObjects (21ms)
		BackupInstance (0ms)
		ReleaseScriptingObjects (0ms)
		CreateAndSetChildDomain (68ms)
	RebuildCommonClasses (61ms)
	RebuildNativeTypeToScriptingClass (17ms)
	initialDomainReloadingComplete (30ms)
	LoadAllAssembliesAndSetupDomain (661ms)
		LoadAssemblies (506ms)
		RebuildTransferFunctionScriptingTraits (0ms)
		AnalyzeDomain (319ms)
			TypeCache.Refresh (12ms)
				TypeCache.ScanAssembly (1ms)
			BuildScriptInfoCaches (284ms)
			ResolveRequiredComponents (16ms)
	FinalizeReload (1034ms)
		ReleaseScriptCaches (0ms)
		RebuildScriptCaches (0ms)
		SetupLoadedEditorAssemblies (808ms)
			LogAssemblyErrors (0ms)
			InitializePlatformSupportModulesInManaged (3ms)
			SetLoadedEditorAssemblies (5ms)
			BeforeProcessingInitializeOnLoad (216ms)
			ProcessInitializeOnLoadAttributes (474ms)
			ProcessInitializeOnLoadMethodAttributes (107ms)
			AfterProcessingInitializeOnLoad (2ms)
			EditorAssembliesLoaded (0ms)
		ExecutionOrderSort2 (0ms)
		AwakeInstancesAfterBackupRestoration (17ms)
Refreshing native plugins compatible for Editor in 9.69 ms, found 5 plugins.
Preloading 0 native plugins for Editor in 0.00 ms.
Unloading 16 Unused Serialized files (Serialized files now loaded: 0)
Unloading 7197 unused Assets / (4.3 MB). Loaded Objects now: 8376.
Memory consumption went from 163.1 MB to 158.8 MB.
Total: 26.556100 ms (FindLiveObjects: 10.556700 ms CreateObjectMapping: 2.516900 ms MarkObjects: 9.209000 ms  DeleteObjects: 4.271000 ms)

Prepare: number of updated asset objects reloaded= 0
========================================================================
Received Prepare
Refreshing native plugins compatible for Editor in 3.63 ms, found 5 plugins.
Preloading 0 native plugins for Editor in 0.00 ms.
Unloading 16 Unused Serialized files (Serialized files now loaded: 0)
Unloading 7182 unused Assets / (4.6 MB). Loaded Objects now: 8376.
Memory consumption went from 163.2 MB to 158.6 MB.
Total: 15.768500 ms (FindLiveObjects: 1.592000 ms CreateObjectMapping: 0.650100 ms MarkObjects: 8.039600 ms  DeleteObjects: 5.485000 ms)

Prepare: number of updated asset objects reloaded= 0
========================================================================
Received Prepare
Begin MonoManager ReloadAssembly
- Loaded All Assemblies, in  1.110 seconds
Refreshing native plugins compatible for Editor in 3.74 ms, found 5 plugins.
Native extension for WindowsStandalone target not found
[Package Manager] Failed to launch server process. Reason: Unity was launched with the -noUpm command-line argument
[Package Manager] Unable to send message (not connected to server process).
[Package Manager] Cannot connect to Unity Package Manager local server
[Package Manager] Failed to launch server process. Reason: Unity was launched with the -noUpm command-line argument
[Package Manager] Unable to send message (not connected to server process).
[Package Manager] Cannot connect to Unity Package Manager local server
ScheduleIndexationOnStartup MainProcess:False IndexOnStartup:True
Mono: successfully reloaded assembly
- Finished resetting the current domain, in  1.117 seconds
Domain Reload Profiling: 2232ms
	BeginReloadAssembly (326ms)
		ExecutionOrderSort (0ms)
		DisableScriptedObjects (21ms)
		BackupInstance (0ms)
		ReleaseScriptingObjects (0ms)
		CreateAndSetChildDomain (68ms)
	RebuildCommonClasses (51ms)
	RebuildNativeTypeToScriptingClass (25ms)
	initialDomainReloadingComplete (30ms)
	LoadAllAssembliesAndSetupDomain (683ms)
		LoadAssemblies (508ms)
		RebuildTransferFunctionScriptingTraits (0ms)
		AnalyzeDomain (334ms)
			TypeCache.Refresh (13ms)
				TypeCache.ScanAssembly (1ms)
			BuildScriptInfoCaches (300ms)
			ResolveRequiredComponents (14ms)
	FinalizeReload (1118ms)
		ReleaseScriptCaches (0ms)
		RebuildScriptCaches (0ms)
		SetupLoadedEditorAssemblies (863ms)
			LogAssemblyErrors (0ms)
			InitializePlatformSupportModulesInManaged (3ms)
			SetLoadedEditorAssemblies (6ms)
			BeforeProcessingInitializeOnLoad (211ms)
			ProcessInitializeOnLoadAttributes (531ms)
			ProcessInitializeOnLoadMethodAttributes (110ms)
			AfterProcessingInitializeOnLoad (2ms)
			EditorAssembliesLoaded (0ms)
		ExecutionOrderSort2 (0ms)
		AwakeInstancesAfterBackupRestoration (18ms)
Refreshing native plugins compatible for Editor in 3.59 ms, found 5 plugins.
Preloading 0 native plugins for Editor in 0.00 ms.
Unloading 16 Unused Serialized files (Serialized files now loaded: 0)
Unloading 7197 unused Assets / (4.3 MB). Loaded Objects now: 8379.
Memory consumption went from 163.2 MB to 158.9 MB.
Total: 12.812500 ms (FindLiveObjects: 1.224800 ms CreateObjectMapping: 0.456100 ms MarkObjects: 7.398000 ms  DeleteObjects: 3.731300 ms)

Prepare: number of updated asset objects reloaded= 0
========================================================================
Received Prepare
Refreshing native plugins compatible for Editor in 9.71 ms, found 5 plugins.
Preloading 0 native plugins for Editor in 0.00 ms.
Unloading 16 Unused Serialized files (Serialized files now loaded: 0)
Unloading 7182 unused Assets / (4.4 MB). Loaded Objects now: 8379.
Memory consumption went from 163.3 MB to 158.9 MB.
Total: 14.746700 ms (FindLiveObjects: 1.283000 ms CreateObjectMapping: 0.690300 ms MarkObjects: 8.249700 ms  DeleteObjects: 4.521900 ms)

Prepare: number of updated asset objects reloaded= 0
========================================================================
Received Import Request.
  Time since last request: 33.768996 seconds.
  path: Assets/Prefabs/Enemy/Debris.prefab
  artifactKey: Guid(a9075c97819311b429a84e0ad8d37864) Importer(815301076,1909f56bfc062723c751e8b465ee728b)
Start importing Assets/Prefabs/Enemy/Debris.prefab using Guid(a9075c97819311b429a84e0ad8d37864) Importer(815301076,1909f56bfc062723c751e8b465ee728b) (PreviewImporter) -> (artifact id: '245f4423ae6c339cec5f77d320605be3') in 0.9101991 seconds
Number of updated asset objects reloaded before import = 0Number of asset objects unloaded after import = 10

========================================================================
Received Prepare
Begin MonoManager ReloadAssembly
- Loaded All Assemblies, in  1.135 seconds
Refreshing native plugins compatible for Editor in 2.37 ms, found 5 plugins.
Native extension for WindowsStandalone target not found
[Package Manager] Failed to launch server process. Reason: Unity was launched with the -noUpm command-line argument
[Package Manager] Unable to send message (not connected to server process).
[Package Manager] Cannot connect to Unity Package Manager local server
[Package Manager] Failed to launch server process. Reason: Unity was launched with the -noUpm command-line argument
[Package Manager] Unable to send message (not connected to server process).
[Package Manager] Cannot connect to Unity Package Manager local server
ScheduleIndexationOnStartup MainProcess:False IndexOnStartup:True
Mono: successfully reloaded assembly
- Finished resetting the current domain, in  1.009 seconds
Domain Reload Profiling: 2148ms
	BeginReloadAssembly (398ms)
		ExecutionOrderSort (0ms)
		DisableScriptedObjects (43ms)
		BackupInstance (0ms)
		ReleaseScriptingObjects (0ms)
		CreateAndSetChildDomain (97ms)
	RebuildCommonClasses (44ms)
	RebuildNativeTypeToScriptingClass (17ms)
	initialDomainReloadingComplete (31ms)
	LoadAllAssembliesAndSetupDomain (649ms)
		LoadAssemblies (507ms)
		RebuildTransferFunctionScriptingTraits (0ms)
		AnalyzeDomain (320ms)
			TypeCache.Refresh (14ms)
				TypeCache.ScanAssembly (1ms)
			BuildScriptInfoCaches (288ms)
			ResolveRequiredComponents (13ms)
	FinalizeReload (1009ms)
		ReleaseScriptCaches (0ms)
		RebuildScriptCaches (0ms)
		SetupLoadedEditorAssemblies (781ms)
			LogAssemblyErrors (0ms)
			InitializePlatformSupportModulesInManaged (3ms)
			SetLoadedEditorAssemblies (6ms)
			BeforeProcessingInitializeOnLoad (205ms)
			ProcessInitializeOnLoadAttributes (452ms)
			ProcessInitializeOnLoadMethodAttributes (112ms)
			AfterProcessingInitializeOnLoad (2ms)
			EditorAssembliesLoaded (0ms)
		ExecutionOrderSort2 (0ms)
		AwakeInstancesAfterBackupRestoration (23ms)
Refreshing native plugins compatible for Editor in 3.50 ms, found 5 plugins.
Preloading 0 native plugins for Editor in 0.00 ms.
Unloading 16 Unused Serialized files (Serialized files now loaded: 0)
Unloading 7197 unused Assets / (4.2 MB). Loaded Objects now: 8402.
Memory consumption went from 163.4 MB to 159.2 MB.
Total: 11.637000 ms (FindLiveObjects: 1.145400 ms CreateObjectMapping: 0.461500 ms MarkObjects: 6.351300 ms  DeleteObjects: 3.677200 ms)

Prepare: number of updated asset objects reloaded= 0
========================================================================
Received Prepare
Refreshing native plugins compatible for Editor in 3.18 ms, found 5 plugins.
Preloading 0 native plugins for Editor in 0.00 ms.
Unloading 16 Unused Serialized files (Serialized files now loaded: 0)
Unloading 7182 unused Assets / (4.5 MB). Loaded Objects now: 8402.
Memory consumption went from 163.3 MB to 158.9 MB.
Total: 15.099600 ms (FindLiveObjects: 1.400500 ms CreateObjectMapping: 0.683800 ms MarkObjects: 8.834900 ms  DeleteObjects: 4.178100 ms)

Prepare: number of updated asset objects reloaded= 0
========================================================================
Received Prepare
Begin MonoManager ReloadAssembly
- Loaded All Assemblies, in  1.114 seconds
Refreshing native plugins compatible for Editor in 3.54 ms, found 5 plugins.
Native extension for WindowsStandalone target not found
[Package Manager] Failed to launch server process. Reason: Unity was launched with the -noUpm command-line argument
[Package Manager] Unable to send message (not connected to server process).
[Package Manager] Cannot connect to Unity Package Manager local server
[Package Manager] Failed to launch server process. Reason: Unity was launched with the -noUpm command-line argument
[Package Manager] Unable to send message (not connected to server process).
[Package Manager] Cannot connect to Unity Package Manager local server
ScheduleIndexationOnStartup MainProcess:False IndexOnStartup:True
Mono: successfully reloaded assembly
- Finished resetting the current domain, in  1.083 seconds
Domain Reload Profiling: 2202ms
	BeginReloadAssembly (327ms)
		ExecutionOrderSort (0ms)
		DisableScriptedObjects (24ms)
		BackupInstance (0ms)
		ReleaseScriptingObjects (0ms)
		CreateAndSetChildDomain (69ms)
	RebuildCommonClasses (61ms)
	RebuildNativeTypeToScriptingClass (23ms)
	initialDomainReloadingComplete (35ms)
	LoadAllAssembliesAndSetupDomain (673ms)
		LoadAssemblies (516ms)
		RebuildTransferFunctionScriptingTraits (0ms)
		AnalyzeDomain (322ms)
			TypeCache.Refresh (12ms)
				TypeCache.ScanAssembly (1ms)
			BuildScriptInfoCaches (286ms)
			ResolveRequiredComponents (17ms)
	FinalizeReload (1084ms)
		ReleaseScriptCaches (0ms)
		RebuildScriptCaches (0ms)
		SetupLoadedEditorAssemblies (824ms)
			LogAssemblyErrors (0ms)
			InitializePlatformSupportModulesInManaged (3ms)
			SetLoadedEditorAssemblies (8ms)
			BeforeProcessingInitializeOnLoad (210ms)
			ProcessInitializeOnLoadAttributes (494ms)
			ProcessInitializeOnLoadMethodAttributes (105ms)
			AfterProcessingInitializeOnLoad (3ms)
			EditorAssembliesLoaded (1ms)
		ExecutionOrderSort2 (0ms)
		AwakeInstancesAfterBackupRestoration (22ms)
Refreshing native plugins compatible for Editor in 3.68 ms, found 5 plugins.
Preloading 0 native plugins for Editor in 0.00 ms.
Unloading 16 Unused Serialized files (Serialized files now loaded: 0)
Unloading 7197 unused Assets / (4.4 MB). Loaded Objects now: 8405.
Memory consumption went from 163.3 MB to 158.8 MB.
Total: 34.035100 ms (FindLiveObjects: 2.322700 ms CreateObjectMapping: 3.385300 ms MarkObjects: 22.376300 ms  DeleteObjects: 5.948900 ms)

Prepare: number of updated asset objects reloaded= 0
========================================================================
Received Prepare
Refreshing native plugins compatible for Editor in 3.99 ms, found 5 plugins.
Preloading 0 native plugins for Editor in 0.00 ms.
Unloading 16 Unused Serialized files (Serialized files now loaded: 0)
Unloading 7182 unused Assets / (4.3 MB). Loaded Objects now: 8405.
Memory consumption went from 163.4 MB to 159.1 MB.
Total: 15.899800 ms (FindLiveObjects: 1.280100 ms CreateObjectMapping: 1.960500 ms MarkObjects: 8.737200 ms  DeleteObjects: 3.920200 ms)

Prepare: number of updated asset objects reloaded= 0
========================================================================
Received Prepare
Begin MonoManager ReloadAssembly
[Licensing::Client] Successfully resolved entitlement details
- Loaded All Assemblies, in  1.128 seconds
Refreshing native plugins compatible for Editor in 2.47 ms, found 5 plugins.
Native extension for WindowsStandalone target not found
[Package Manager] Failed to launch server process. Reason: Unity was launched with the -noUpm command-line argument
[Package Manager] Unable to send message (not connected to server process).
[Package Manager] Cannot connect to Unity Package Manager local server
[Package Manager] Failed to launch server process. Reason: Unity was launched with the -noUpm command-line argument
[Package Manager] Unable to send message (not connected to server process).
[Package Manager] Cannot connect to Unity Package Manager local server
ScheduleIndexationOnStartup MainProcess:False IndexOnStartup:True
Mono: successfully reloaded assembly
- Finished resetting the current domain, in  1.101 seconds
Domain Reload Profiling: 2235ms
	BeginReloadAssembly (342ms)
		ExecutionOrderSort (0ms)
		DisableScriptedObjects (21ms)
		BackupInstance (0ms)
		ReleaseScriptingObjects (0ms)
		CreateAndSetChildDomain (74ms)
	RebuildCommonClasses (48ms)
	RebuildNativeTypeToScriptingClass (23ms)
	initialDomainReloadingComplete (30ms)
	LoadAllAssembliesAndSetupDomain (690ms)
		LoadAssemblies (533ms)
		RebuildTransferFunctionScriptingTraits (0ms)
		AnalyzeDomain (330ms)
			TypeCache.Refresh (16ms)
				TypeCache.ScanAssembly (1ms)
			BuildScriptInfoCaches (290ms)
			ResolveRequiredComponents (17ms)
	FinalizeReload (1102ms)
		ReleaseScriptCaches (0ms)
		RebuildScriptCaches (0ms)
		SetupLoadedEditorAssemblies (861ms)
			LogAssemblyErrors (0ms)
			InitializePlatformSupportModulesInManaged (3ms)
			SetLoadedEditorAssemblies (6ms)
			BeforeProcessingInitializeOnLoad (196ms)
			ProcessInitializeOnLoadAttributes (533ms)
			ProcessInitializeOnLoadMethodAttributes (120ms)
			AfterProcessingInitializeOnLoad (3ms)
			EditorAssembliesLoaded (1ms)
		ExecutionOrderSort2 (0ms)
		AwakeInstancesAfterBackupRestoration (25ms)
Refreshing native plugins compatible for Editor in 3.29 ms, found 5 plugins.
Preloading 0 native plugins for Editor in 0.00 ms.
Unloading 16 Unused Serialized files (Serialized files now loaded: 0)
Unloading 7197 unused Assets / (4.5 MB). Loaded Objects now: 8408.
Memory consumption went from 163.3 MB to 158.8 MB.
Total: 15.006600 ms (FindLiveObjects: 1.491400 ms CreateObjectMapping: 1.076800 ms MarkObjects: 8.134300 ms  DeleteObjects: 4.302200 ms)

Prepare: number of updated asset objects reloaded= 0
========================================================================
Received Prepare
Refreshing native plugins compatible for Editor in 2.99 ms, found 5 plugins.
Preloading 0 native plugins for Editor in 0.00 ms.
Unloading 16 Unused Serialized files (Serialized files now loaded: 0)
Unloading 7182 unused Assets / (4.2 MB). Loaded Objects now: 8408.
Memory consumption went from 163.4 MB to 159.3 MB.
Total: 16.072400 ms (FindLiveObjects: 2.634400 ms CreateObjectMapping: 1.117400 ms MarkObjects: 8.684200 ms  DeleteObjects: 3.634200 ms)

Prepare: number of updated asset objects reloaded= 0
========================================================================
Received Prepare
Begin MonoManager ReloadAssembly
- Loaded All Assemblies, in  1.129 seconds
Refreshing native plugins compatible for Editor in 3.48 ms, found 5 plugins.
Native extension for WindowsStandalone target not found
[Package Manager] Failed to launch server process. Reason: Unity was launched with the -noUpm command-line argument
[Package Manager] Unable to send message (not connected to server process).
[Package Manager] Cannot connect to Unity Package Manager local server
[Package Manager] Failed to launch server process. Reason: Unity was launched with the -noUpm command-line argument
[Package Manager] Unable to send message (not connected to server process).
[Package Manager] Cannot connect to Unity Package Manager local server
ScheduleIndexationOnStartup MainProcess:False IndexOnStartup:True
Mono: successfully reloaded assembly
- Finished resetting the current domain, in  1.049 seconds
Domain Reload Profiling: 2183ms
	BeginReloadAssembly (342ms)
		ExecutionOrderSort (0ms)
		DisableScriptedObjects (17ms)
		BackupInstance (0ms)
		ReleaseScriptingObjects (0ms)
		CreateAndSetChildDomain (73ms)
	RebuildCommonClasses (45ms)
	RebuildNativeTypeToScriptingClass (16ms)
	initialDomainReloadingComplete (39ms)
	LoadAllAssembliesAndSetupDomain (691ms)
		LoadAssemblies (518ms)
		RebuildTransferFunctionScriptingTraits (0ms)
		AnalyzeDomain (345ms)
			TypeCache.Refresh (13ms)
				TypeCache.ScanAssembly (1ms)
			BuildScriptInfoCaches (305ms)
			ResolveRequiredComponents (19ms)
	FinalizeReload (1050ms)
		ReleaseScriptCaches (0ms)
		RebuildScriptCaches (0ms)
		SetupLoadedEditorAssemblies (810ms)
			LogAssemblyErrors (0ms)
			InitializePlatformSupportModulesInManaged (4ms)
			SetLoadedEditorAssemblies (7ms)
			BeforeProcessingInitializeOnLoad (213ms)
			ProcessInitializeOnLoadAttributes (469ms)
			ProcessInitializeOnLoadMethodAttributes (113ms)
			AfterProcessingInitializeOnLoad (4ms)
			EditorAssembliesLoaded (1ms)
		ExecutionOrderSort2 (0ms)
		AwakeInstancesAfterBackupRestoration (22ms)
Refreshing native plugins compatible for Editor in 3.00 ms, found 5 plugins.
Preloading 0 native plugins for Editor in 0.00 ms.
Unloading 16 Unused Serialized files (Serialized files now loaded: 0)
Unloading 7197 unused Assets / (4.4 MB). Loaded Objects now: 8411.
Memory consumption went from 163.4 MB to 159.0 MB.
Total: 12.332300 ms (FindLiveObjects: 1.135200 ms CreateObjectMapping: 0.454600 ms MarkObjects: 7.130400 ms  DeleteObjects: 3.610400 ms)

Prepare: number of updated asset objects reloaded= 0
========================================================================
Received Prepare
Refreshing native plugins compatible for Editor in 3.45 ms, found 5 plugins.
Preloading 0 native plugins for Editor in 0.00 ms.
Unloading 16 Unused Serialized files (Serialized files now loaded: 0)
Unloading 7182 unused Assets / (4.9 MB). Loaded Objects now: 8411.
Memory consumption went from 163.5 MB to 158.6 MB.
Total: 15.142800 ms (FindLiveObjects: 1.417800 ms CreateObjectMapping: 0.712500 ms MarkObjects: 8.451400 ms  DeleteObjects: 4.559400 ms)

Prepare: number of updated asset objects reloaded= 0
========================================================================
Received Prepare
Begin MonoManager ReloadAssembly
[Licensing::Client] Successfully resolved entitlement details
- Loaded All Assemblies, in  1.124 seconds
Refreshing native plugins compatible for Editor in 2.68 ms, found 5 plugins.
Native extension for WindowsStandalone target not found
[Package Manager] Failed to launch server process. Reason: Unity was launched with the -noUpm command-line argument
[Package Manager] Unable to send message (not connected to server process).
[Package Manager] Cannot connect to Unity Package Manager local server
[Package Manager] Failed to launch server process. Reason: Unity was launched with the -noUpm command-line argument
[Package Manager] Unable to send message (not connected to server process).
[Package Manager] Cannot connect to Unity Package Manager local server
ScheduleIndexationOnStartup MainProcess:False IndexOnStartup:True
Mono: successfully reloaded assembly
- Finished resetting the current domain, in  0.981 seconds
Domain Reload Profiling: 2110ms
	BeginReloadAssembly (356ms)
		ExecutionOrderSort (0ms)
		DisableScriptedObjects (27ms)
		BackupInstance (0ms)
		ReleaseScriptingObjects (0ms)
		CreateAndSetChildDomain (72ms)
	RebuildCommonClasses (49ms)
	RebuildNativeTypeToScriptingClass (19ms)
	initialDomainReloadingComplete (36ms)
	LoadAllAssembliesAndSetupDomain (669ms)
		LoadAssemblies (542ms)
		RebuildTransferFunctionScriptingTraits (0ms)
		AnalyzeDomain (300ms)
			TypeCache.Refresh (15ms)
				TypeCache.ScanAssembly (1ms)
			BuildScriptInfoCaches (259ms)
			ResolveRequiredComponents (17ms)
	FinalizeReload (981ms)
		ReleaseScriptCaches (0ms)
		RebuildScriptCaches (0ms)
		SetupLoadedEditorAssemblies (771ms)
			LogAssemblyErrors (0ms)
			InitializePlatformSupportModulesInManaged (3ms)
			SetLoadedEditorAssemblies (8ms)
			BeforeProcessingInitializeOnLoad (198ms)
			ProcessInitializeOnLoadAttributes (460ms)
			ProcessInitializeOnLoadMethodAttributes (101ms)
			AfterProcessingInitializeOnLoad (2ms)
			EditorAssembliesLoaded (0ms)
		ExecutionOrderSort2 (0ms)
		AwakeInstancesAfterBackupRestoration (17ms)
Refreshing native plugins compatible for Editor in 2.49 ms, found 5 plugins.
Preloading 0 native plugins for Editor in 0.00 ms.
Unloading 16 Unused Serialized files (Serialized files now loaded: 0)
Unloading 7197 unused Assets / (4.4 MB). Loaded Objects now: 8414.
Memory consumption went from 163.4 MB to 159.0 MB.
Total: 13.346000 ms (FindLiveObjects: 1.411900 ms CreateObjectMapping: 0.618800 ms MarkObjects: 7.913800 ms  DeleteObjects: 3.400100 ms)

Prepare: number of updated asset objects reloaded= 0
========================================================================
Received Prepare
Refreshing native plugins compatible for Editor in 3.64 ms, found 5 plugins.
Preloading 0 native plugins for Editor in 0.00 ms.
Unloading 16 Unused Serialized files (Serialized files now loaded: 0)
Unloading 7182 unused Assets / (4.1 MB). Loaded Objects now: 8414.
Memory consumption went from 163.5 MB to 159.5 MB.
Total: 13.582200 ms (FindLiveObjects: 1.434200 ms CreateObjectMapping: 0.769700 ms MarkObjects: 7.475600 ms  DeleteObjects: 3.901000 ms)

Prepare: number of updated asset objects reloaded= 0
========================================================================
Received Prepare
Begin MonoManager ReloadAssembly
- Loaded All Assemblies, in  1.160 seconds
Refreshing native plugins compatible for Editor in 3.25 ms, found 5 plugins.
Native extension for WindowsStandalone target not found
[Package Manager] Failed to launch server process. Reason: Unity was launched with the -noUpm command-line argument
[Package Manager] Unable to send message (not connected to server process).
[Package Manager] Cannot connect to Unity Package Manager local server
[Package Manager] Failed to launch server process. Reason: Unity was launched with the -noUpm command-line argument
[Package Manager] Unable to send message (not connected to server process).
[Package Manager] Cannot connect to Unity Package Manager local server
ScheduleIndexationOnStartup MainProcess:False IndexOnStartup:True
Mono: successfully reloaded assembly
- Finished resetting the current domain, in  0.970 seconds
Domain Reload Profiling: 2135ms
	BeginReloadAssembly (342ms)
		ExecutionOrderSort (0ms)
		DisableScriptedObjects (24ms)
		BackupInstance (0ms)
		ReleaseScriptingObjects (0ms)
		CreateAndSetChildDomain (66ms)
	RebuildCommonClasses (54ms)
	RebuildNativeTypeToScriptingClass (16ms)
	initialDomainReloadingComplete (39ms)
	LoadAllAssembliesAndSetupDomain (714ms)
		LoadAssemblies (528ms)
		RebuildTransferFunctionScriptingTraits (0ms)
		AnalyzeDomain (366ms)
			TypeCache.Refresh (13ms)
				TypeCache.ScanAssembly (1ms)
			BuildScriptInfoCaches (325ms)
			ResolveRequiredComponents (19ms)
	FinalizeReload (971ms)
		ReleaseScriptCaches (0ms)
		RebuildScriptCaches (0ms)
		SetupLoadedEditorAssemblies (734ms)
			LogAssemblyErrors (0ms)
			InitializePlatformSupportModulesInManaged (3ms)
			SetLoadedEditorAssemblies (6ms)
			BeforeProcessingInitializeOnLoad (175ms)
			ProcessInitializeOnLoadAttributes (447ms)
			ProcessInitializeOnLoadMethodAttributes (101ms)
			AfterProcessingInitializeOnLoad (3ms)
			EditorAssembliesLoaded (0ms)
		ExecutionOrderSort2 (0ms)
		AwakeInstancesAfterBackupRestoration (22ms)
Refreshing native plugins compatible for Editor in 3.26 ms, found 5 plugins.
Preloading 0 native plugins for Editor in 0.00 ms.
Unloading 16 Unused Serialized files (Serialized files now loaded: 0)
Unloading 7197 unused Assets / (4.2 MB). Loaded Objects now: 8417.
Memory consumption went from 163.4 MB to 159.2 MB.
Total: 11.589100 ms (FindLiveObjects: 1.221500 ms CreateObjectMapping: 0.544400 ms MarkObjects: 6.756000 ms  DeleteObjects: 3.065300 ms)

Prepare: number of updated asset objects reloaded= 0
========================================================================
Received Prepare
Refreshing native plugins compatible for Editor in 2.70 ms, found 5 plugins.
Preloading 0 native plugins for Editor in 0.00 ms.
Unloading 16 Unused Serialized files (Serialized files now loaded: 0)
Unloading 7182 unused Assets / (4.3 MB). Loaded Objects now: 8417.
Memory consumption went from 163.6 MB to 159.3 MB.
Total: 14.457800 ms (FindLiveObjects: 1.388800 ms CreateObjectMapping: 0.918000 ms MarkObjects: 8.437600 ms  DeleteObjects: 3.711400 ms)

Prepare: number of updated asset objects reloaded= 0
========================================================================
Received Prepare
Refreshing native plugins compatible for Editor in 3.47 ms, found 5 plugins.
Preloading 0 native plugins for Editor in 0.00 ms.
Unloading 16 Unused Serialized files (Serialized files now loaded: 0)
Unloading 7182 unused Assets / (4.7 MB). Loaded Objects now: 8417.
Memory consumption went from 163.6 MB to 158.9 MB.
Total: 14.289100 ms (FindLiveObjects: 1.674100 ms CreateObjectMapping: 0.903300 ms MarkObjects: 7.871000 ms  DeleteObjects: 3.838600 ms)

Prepare: number of updated asset objects reloaded= 0
========================================================================
Received Prepare
Begin MonoManager ReloadAssembly
[Licensing::Client] Successfully resolved entitlement details
- Loaded All Assemblies, in  1.247 seconds
Refreshing native plugins compatible for Editor in 3.43 ms, found 5 plugins.
Native extension for WindowsStandalone target not found
[Package Manager] Failed to launch server process. Reason: Unity was launched with the -noUpm command-line argument
[Package Manager] Unable to send message (not connected to server process).
[Package Manager] Cannot connect to Unity Package Manager local server
[Package Manager] Failed to launch server process. Reason: Unity was launched with the -noUpm command-line argument
[Package Manager] Unable to send message (not connected to server process).
[Package Manager] Cannot connect to Unity Package Manager local server
ScheduleIndexationOnStartup MainProcess:False IndexOnStartup:True
Mono: successfully reloaded assembly
- Finished resetting the current domain, in  0.999 seconds
Domain Reload Profiling: 2251ms
	BeginReloadAssembly (341ms)
		ExecutionOrderSort (0ms)
		DisableScriptedObjects (22ms)
		BackupInstance (0ms)
		ReleaseScriptingObjects (0ms)
		CreateAndSetChildDomain (68ms)
	RebuildCommonClasses (73ms)
	RebuildNativeTypeToScriptingClass (27ms)
	initialDomainReloadingComplete (35ms)
	LoadAllAssembliesAndSetupDomain (774ms)
		LoadAssemblies (578ms)
		RebuildTransferFunctionScriptingTraits (0ms)
		AnalyzeDomain (370ms)
			TypeCache.Refresh (16ms)
				TypeCache.ScanAssembly (1ms)
			BuildScriptInfoCaches (329ms)
			ResolveRequiredComponents (17ms)
	FinalizeReload (1000ms)
		ReleaseScriptCaches (0ms)
		RebuildScriptCaches (0ms)
		SetupLoadedEditorAssemblies (769ms)
			LogAssemblyErrors (0ms)
			InitializePlatformSupportModulesInManaged (3ms)
			SetLoadedEditorAssemblies (7ms)
			BeforeProcessingInitializeOnLoad (194ms)
			ProcessInitializeOnLoadAttributes (449ms)
			ProcessInitializeOnLoadMethodAttributes (112ms)
			AfterProcessingInitializeOnLoad (3ms)
			EditorAssembliesLoaded (1ms)
		ExecutionOrderSort2 (0ms)
		AwakeInstancesAfterBackupRestoration (24ms)
Refreshing native plugins compatible for Editor in 3.72 ms, found 5 plugins.
Preloading 0 native plugins for Editor in 0.00 ms.
Unloading 16 Unused Serialized files (Serialized files now loaded: 0)
Unloading 7197 unused Assets / (3.6 MB). Loaded Objects now: 8420.
Memory consumption went from 163.5 MB to 159.9 MB.
Total: 12.561500 ms (FindLiveObjects: 1.368000 ms CreateObjectMapping: 0.640900 ms MarkObjects: 7.368900 ms  DeleteObjects: 3.181800 ms)

Prepare: number of updated asset objects reloaded= 0
========================================================================
Received Prepare
Refreshing native plugins compatible for Editor in 2.93 ms, found 5 plugins.
Preloading 0 native plugins for Editor in 0.00 ms.
Unloading 16 Unused Serialized files (Serialized files now loaded: 0)
Unloading 7182 unused Assets / (4.5 MB). Loaded Objects now: 8420.
Memory consumption went from 163.6 MB to 159.1 MB.
Total: 14.812200 ms (FindLiveObjects: 1.362100 ms CreateObjectMapping: 0.657600 ms MarkObjects: 8.566000 ms  DeleteObjects: 4.224800 ms)

Prepare: number of updated asset objects reloaded= 0
========================================================================
Received Prepare
Begin MonoManager ReloadAssembly
[Licensing::Client] Successfully resolved entitlement details
- Loaded All Assemblies, in  1.155 seconds
Refreshing native plugins compatible for Editor in 3.01 ms, found 5 plugins.
Native extension for WindowsStandalone target not found
[Package Manager] Failed to launch server process. Reason: Unity was launched with the -noUpm command-line argument
[Package Manager] Unable to send message (not connected to server process).
[Package Manager] Cannot connect to Unity Package Manager local server
[Package Manager] Failed to launch server process. Reason: Unity was launched with the -noUpm command-line argument
[Package Manager] Unable to send message (not connected to server process).
[Package Manager] Cannot connect to Unity Package Manager local server
ScheduleIndexationOnStartup MainProcess:False IndexOnStartup:True
Mono: successfully reloaded assembly
- Finished resetting the current domain, in  1.046 seconds
Domain Reload Profiling: 2207ms
	BeginReloadAssembly (347ms)
		ExecutionOrderSort (0ms)
		DisableScriptedObjects (19ms)
		BackupInstance (0ms)
		ReleaseScriptingObjects (0ms)
		CreateAndSetChildDomain (67ms)
	RebuildCommonClasses (52ms)
	RebuildNativeTypeToScriptingClass (18ms)
	initialDomainReloadingComplete (34ms)
	LoadAllAssembliesAndSetupDomain (710ms)
		LoadAssemblies (574ms)
		RebuildTransferFunctionScriptingTraits (0ms)
		AnalyzeDomain (317ms)
			TypeCache.Refresh (14ms)
				TypeCache.ScanAssembly (1ms)
			BuildScriptInfoCaches (282ms)
			ResolveRequiredComponents (14ms)
	FinalizeReload (1047ms)
		ReleaseScriptCaches (0ms)
		RebuildScriptCaches (0ms)
		SetupLoadedEditorAssemblies (802ms)
			LogAssemblyErrors (0ms)
			InitializePlatformSupportModulesInManaged (4ms)
			SetLoadedEditorAssemblies (7ms)
			BeforeProcessingInitializeOnLoad (186ms)
			ProcessInitializeOnLoadAttributes (492ms)
			ProcessInitializeOnLoadMethodAttributes (111ms)
			AfterProcessingInitializeOnLoad (2ms)
			EditorAssembliesLoaded (0ms)
		ExecutionOrderSort2 (0ms)
		AwakeInstancesAfterBackupRestoration (18ms)
Refreshing native plugins compatible for Editor in 3.16 ms, found 5 plugins.
Preloading 0 native plugins for Editor in 0.00 ms.
Unloading 16 Unused Serialized files (Serialized files now loaded: 0)
Unloading 7197 unused Assets / (4.3 MB). Loaded Objects now: 8423.
Memory consumption went from 163.5 MB to 159.3 MB.
Total: 11.963100 ms (FindLiveObjects: 1.420700 ms CreateObjectMapping: 0.600400 ms MarkObjects: 6.759900 ms  DeleteObjects: 3.179900 ms)

Prepare: number of updated asset objects reloaded= 0
========================================================================
Received Prepare
Refreshing native plugins compatible for Editor in 3.33 ms, found 5 plugins.
Preloading 0 native plugins for Editor in 0.00 ms.
Unloading 16 Unused Serialized files (Serialized files now loaded: 0)
Unloading 7182 unused Assets / (3.9 MB). Loaded Objects now: 8423.
Memory consumption went from 163.7 MB to 159.8 MB.
Total: 13.010000 ms (FindLiveObjects: 1.412400 ms CreateObjectMapping: 0.910300 ms MarkObjects: 7.522900 ms  DeleteObjects: 3.162900 ms)

Prepare: number of updated asset objects reloaded= 0
========================================================================
Received Prepare
Begin MonoManager ReloadAssembly
- Loaded All Assemblies, in  1.186 seconds
Refreshing native plugins compatible for Editor in 2.60 ms, found 5 plugins.
Native extension for WindowsStandalone target not found
[Package Manager] Failed to launch server process. Reason: Unity was launched with the -noUpm command-line argument
[Package Manager] Unable to send message (not connected to server process).
[Package Manager] Cannot connect to Unity Package Manager local server
[Package Manager] Failed to launch server process. Reason: Unity was launched with the -noUpm command-line argument
[Package Manager] Unable to send message (not connected to server process).
[Package Manager] Cannot connect to Unity Package Manager local server
ScheduleIndexationOnStartup MainProcess:False IndexOnStartup:True
Mono: successfully reloaded assembly
- Finished resetting the current domain, in  1.021 seconds
Domain Reload Profiling: 2212ms
	BeginReloadAssembly (366ms)
		ExecutionOrderSort (0ms)
		DisableScriptedObjects (26ms)
		BackupInstance (0ms)
		ReleaseScriptingObjects (0ms)
		CreateAndSetChildDomain (71ms)
	RebuildCommonClasses (63ms)
	RebuildNativeTypeToScriptingClass (18ms)
	initialDomainReloadingComplete (34ms)
	LoadAllAssembliesAndSetupDomain (709ms)
		LoadAssemblies (556ms)
		RebuildTransferFunctionScriptingTraits (0ms)
		AnalyzeDomain (348ms)
			TypeCache.Refresh (13ms)
				TypeCache.ScanAssembly (1ms)
			BuildScriptInfoCaches (313ms)
			ResolveRequiredComponents (15ms)
	FinalizeReload (1022ms)
		ReleaseScriptCaches (0ms)
		RebuildScriptCaches (0ms)
		SetupLoadedEditorAssemblies (794ms)
			LogAssemblyErrors (0ms)
			InitializePlatformSupportModulesInManaged (3ms)
			SetLoadedEditorAssemblies (8ms)
			BeforeProcessingInitializeOnLoad (209ms)
			ProcessInitializeOnLoadAttributes (459ms)
			ProcessInitializeOnLoadMethodAttributes (113ms)
			AfterProcessingInitializeOnLoad (2ms)
			EditorAssembliesLoaded (0ms)
		ExecutionOrderSort2 (0ms)
		AwakeInstancesAfterBackupRestoration (21ms)
Refreshing native plugins compatible for Editor in 3.06 ms, found 5 plugins.
Preloading 0 native plugins for Editor in 0.00 ms.
Unloading 16 Unused Serialized files (Serialized files now loaded: 0)
Unloading 7197 unused Assets / (4.6 MB). Loaded Objects now: 8426.
Memory consumption went from 163.6 MB to 159.0 MB.
Total: 14.532700 ms (FindLiveObjects: 1.737200 ms CreateObjectMapping: 0.722800 ms MarkObjects: 8.047200 ms  DeleteObjects: 4.023500 ms)

Prepare: number of updated asset objects reloaded= 0
========================================================================
Received Prepare
Refreshing native plugins compatible for Editor in 3.37 ms, found 5 plugins.
Preloading 0 native plugins for Editor in 0.00 ms.
Unloading 16 Unused Serialized files (Serialized files now loaded: 0)
Unloading 7182 unused Assets / (5.6 MB). Loaded Objects now: 8426.
Memory consumption went from 163.7 MB to 158.1 MB.
Total: 20.017500 ms (FindLiveObjects: 1.612800 ms CreateObjectMapping: 2.093900 ms MarkObjects: 10.693300 ms  DeleteObjects: 5.614700 ms)

Prepare: number of updated asset objects reloaded= 0
========================================================================
Received Prepare
Begin MonoManager ReloadAssembly
- Loaded All Assemblies, in  1.284 seconds
Refreshing native plugins compatible for Editor in 2.48 ms, found 5 plugins.
Native extension for WindowsStandalone target not found
[Package Manager] Failed to launch server process. Reason: Unity was launched with the -noUpm command-line argument
[Package Manager] Unable to send message (not connected to server process).
[Package Manager] Cannot connect to Unity Package Manager local server
[Package Manager] Failed to launch server process. Reason: Unity was launched with the -noUpm command-line argument
[Package Manager] Unable to send message (not connected to server process).
[Package Manager] Cannot connect to Unity Package Manager local server
ScheduleIndexationOnStartup MainProcess:False IndexOnStartup:True
Mono: successfully reloaded assembly
- Finished resetting the current domain, in  1.020 seconds
Domain Reload Profiling: 2309ms
	BeginReloadAssembly (436ms)
		ExecutionOrderSort (0ms)
		DisableScriptedObjects (23ms)
		BackupInstance (0ms)
		ReleaseScriptingObjects (0ms)
		CreateAndSetChildDomain (93ms)
	RebuildCommonClasses (106ms)
	RebuildNativeTypeToScriptingClass (25ms)
	initialDomainReloadingComplete (40ms)
	LoadAllAssembliesAndSetupDomain (681ms)
		LoadAssemblies (584ms)
		RebuildTransferFunctionScriptingTraits (0ms)
		AnalyzeDomain (318ms)
			TypeCache.Refresh (12ms)
				TypeCache.ScanAssembly (1ms)
			BuildScriptInfoCaches (287ms)
			ResolveRequiredComponents (13ms)
	FinalizeReload (1021ms)
		ReleaseScriptCaches (0ms)
		RebuildScriptCaches (0ms)
		SetupLoadedEditorAssemblies (766ms)
			LogAssemblyErrors (0ms)
			InitializePlatformSupportModulesInManaged (3ms)
			SetLoadedEditorAssemblies (6ms)
			BeforeProcessingInitializeOnLoad (192ms)
			ProcessInitializeOnLoadAttributes (443ms)
			ProcessInitializeOnLoadMethodAttributes (117ms)
			AfterProcessingInitializeOnLoad (3ms)
			EditorAssembliesLoaded (1ms)
		ExecutionOrderSort2 (0ms)
		AwakeInstancesAfterBackupRestoration (23ms)
Refreshing native plugins compatible for Editor in 2.71 ms, found 5 plugins.
Preloading 0 native plugins for Editor in 0.00 ms.
Unloading 16 Unused Serialized files (Serialized files now loaded: 0)
Unloading 7197 unused Assets / (4.4 MB). Loaded Objects now: 8429.
Memory consumption went from 163.6 MB to 159.3 MB.
Total: 12.883800 ms (FindLiveObjects: 1.526400 ms CreateObjectMapping: 0.797700 ms MarkObjects: 6.829400 ms  DeleteObjects: 3.729100 ms)

Prepare: number of updated asset objects reloaded= 0
========================================================================
Received Prepare
Refreshing native plugins compatible for Editor in 3.43 ms, found 5 plugins.
Preloading 0 native plugins for Editor in 0.00 ms.
Unloading 16 Unused Serialized files (Serialized files now loaded: 0)
Unloading 7182 unused Assets / (4.1 MB). Loaded Objects now: 8429.
Memory consumption went from 163.8 MB to 159.7 MB.
Total: 14.777000 ms (FindLiveObjects: 1.721700 ms CreateObjectMapping: 0.999100 ms MarkObjects: 8.073200 ms  DeleteObjects: 3.981300 ms)

Prepare: number of updated asset objects reloaded= 0
========================================================================
Received Prepare
Begin MonoManager ReloadAssembly
- Loaded All Assemblies, in  1.123 seconds
Refreshing native plugins compatible for Editor in 2.42 ms, found 5 plugins.
Native extension for WindowsStandalone target not found
[Package Manager] Failed to launch server process. Reason: Unity was launched with the -noUpm command-line argument
[Package Manager] Unable to send message (not connected to server process).
[Package Manager] Cannot connect to Unity Package Manager local server
[Package Manager] Failed to launch server process. Reason: Unity was launched with the -noUpm command-line argument
[Package Manager] Unable to send message (not connected to server process).
[Package Manager] Cannot connect to Unity Package Manager local server
ScheduleIndexationOnStartup MainProcess:False IndexOnStartup:True
Mono: successfully reloaded assembly
- Finished resetting the current domain, in  1.080 seconds
Domain Reload Profiling: 2209ms
	BeginReloadAssembly (335ms)
		ExecutionOrderSort (0ms)
		DisableScriptedObjects (21ms)
		BackupInstance (0ms)
		ReleaseScriptingObjects (0ms)
		CreateAndSetChildDomain (68ms)
	RebuildCommonClasses (61ms)
	RebuildNativeTypeToScriptingClass (19ms)
	initialDomainReloadingComplete (35ms)
	LoadAllAssembliesAndSetupDomain (677ms)
		LoadAssemblies (532ms)
		RebuildTransferFunctionScriptingTraits (0ms)
		AnalyzeDomain (320ms)
			TypeCache.Refresh (12ms)
				TypeCache.ScanAssembly (1ms)
			BuildScriptInfoCaches (288ms)
			ResolveRequiredComponents (12ms)
	FinalizeReload (1081ms)
		ReleaseScriptCaches (0ms)
		RebuildScriptCaches (0ms)
		SetupLoadedEditorAssemblies (860ms)
			LogAssemblyErrors (0ms)
			InitializePlatformSupportModulesInManaged (3ms)
			SetLoadedEditorAssemblies (6ms)
			BeforeProcessingInitializeOnLoad (207ms)
			ProcessInitializeOnLoadAttributes (522ms)
			ProcessInitializeOnLoadMethodAttributes (119ms)
			AfterProcessingInitializeOnLoad (3ms)
			EditorAssembliesLoaded (0ms)
		ExecutionOrderSort2 (0ms)
		AwakeInstancesAfterBackupRestoration (20ms)
Refreshing native plugins compatible for Editor in 3.86 ms, found 5 plugins.
Preloading 0 native plugins for Editor in 0.00 ms.
Unloading 16 Unused Serialized files (Serialized files now loaded: 0)
Unloading 7197 unused Assets / (4.4 MB). Loaded Objects now: 8432.
Memory consumption went from 163.7 MB to 159.3 MB.
Total: 12.718500 ms (FindLiveObjects: 1.283500 ms CreateObjectMapping: 0.492300 ms MarkObjects: 6.495900 ms  DeleteObjects: 4.444200 ms)

Prepare: number of updated asset objects reloaded= 0
========================================================================
Received Prepare
Refreshing native plugins compatible for Editor in 3.78 ms, found 5 plugins.
Preloading 0 native plugins for Editor in 0.00 ms.
Unloading 16 Unused Serialized files (Serialized files now loaded: 0)
Unloading 7182 unused Assets / (3.9 MB). Loaded Objects now: 8432.
Memory consumption went from 163.8 MB to 159.9 MB.
Total: 18.022400 ms (FindLiveObjects: 2.359000 ms CreateObjectMapping: 1.733800 ms MarkObjects: 9.723400 ms  DeleteObjects: 4.204000 ms)

Prepare: number of updated asset objects reloaded= 0
========================================================================
Received Prepare
Begin MonoManager ReloadAssembly
- Loaded All Assemblies, in  1.135 seconds
Refreshing native plugins compatible for Editor in 3.62 ms, found 5 plugins.
Native extension for WindowsStandalone target not found
[Package Manager] Failed to launch server process. Reason: Unity was launched with the -noUpm command-line argument
[Package Manager] Unable to send message (not connected to server process).
[Package Manager] Cannot connect to Unity Package Manager local server
[Package Manager] Failed to launch server process. Reason: Unity was launched with the -noUpm command-line argument
[Package Manager] Unable to send message (not connected to server process).
[Package Manager] Cannot connect to Unity Package Manager local server
ScheduleIndexationOnStartup MainProcess:False IndexOnStartup:True
Mono: successfully reloaded assembly
- Finished resetting the current domain, in  1.031 seconds
Domain Reload Profiling: 2169ms
	BeginReloadAssembly (362ms)
		ExecutionOrderSort (0ms)
		DisableScriptedObjects (24ms)
		BackupInstance (0ms)
		ReleaseScriptingObjects (0ms)
		CreateAndSetChildDomain (76ms)
	RebuildCommonClasses (51ms)
	RebuildNativeTypeToScriptingClass (22ms)
	initialDomainReloadingComplete (42ms)
	LoadAllAssembliesAndSetupDomain (661ms)
		LoadAssemblies (550ms)
		RebuildTransferFunctionScriptingTraits (0ms)
		AnalyzeDomain (309ms)
			TypeCache.Refresh (12ms)
				TypeCache.ScanAssembly (1ms)
			BuildScriptInfoCaches (277ms)
			ResolveRequiredComponents (14ms)
	FinalizeReload (1032ms)
		ReleaseScriptCaches (0ms)
		RebuildScriptCaches (0ms)
		SetupLoadedEditorAssemblies (794ms)
			LogAssemblyErrors (0ms)
			InitializePlatformSupportModulesInManaged (4ms)
			SetLoadedEditorAssemblies (7ms)
			BeforeProcessingInitializeOnLoad (186ms)
			ProcessInitializeOnLoadAttributes (484ms)
			ProcessInitializeOnLoadMethodAttributes (110ms)
			AfterProcessingInitializeOnLoad (3ms)
			EditorAssembliesLoaded (1ms)
		ExecutionOrderSort2 (0ms)
		AwakeInstancesAfterBackupRestoration (20ms)
Refreshing native plugins compatible for Editor in 3.36 ms, found 5 plugins.
Preloading 0 native plugins for Editor in 0.00 ms.
Unloading 16 Unused Serialized files (Serialized files now loaded: 0)
Unloading 7197 unused Assets / (4.5 MB). Loaded Objects now: 8435.
Memory consumption went from 163.7 MB to 159.2 MB.
Total: 15.293100 ms (FindLiveObjects: 1.588200 ms CreateObjectMapping: 1.696400 ms MarkObjects: 7.459000 ms  DeleteObjects: 4.546700 ms)

Prepare: number of updated asset objects reloaded= 0
========================================================================
Received Prepare
Refreshing native plugins compatible for Editor in 4.65 ms, found 5 plugins.
Preloading 0 native plugins for Editor in 0.00 ms.
Unloading 16 Unused Serialized files (Serialized files now loaded: 0)
Unloading 7182 unused Assets / (4.7 MB). Loaded Objects now: 8435.
Memory consumption went from 163.8 MB to 159.1 MB.
Total: 18.500000 ms (FindLiveObjects: 1.790300 ms CreateObjectMapping: 1.952200 ms MarkObjects: 9.306100 ms  DeleteObjects: 5.449800 ms)

Prepare: number of updated asset objects reloaded= 0
========================================================================
Received Prepare
Begin MonoManager ReloadAssembly
- Loaded All Assemblies, in  1.192 seconds
Refreshing native plugins compatible for Editor in 3.11 ms, found 5 plugins.
Native extension for WindowsStandalone target not found
[Package Manager] Failed to launch server process. Reason: Unity was launched with the -noUpm command-line argument
[Package Manager] Unable to send message (not connected to server process).
[Package Manager] Cannot connect to Unity Package Manager local server
[Package Manager] Failed to launch server process. Reason: Unity was launched with the -noUpm command-line argument
[Package Manager] Unable to send message (not connected to server process).
[Package Manager] Cannot connect to Unity Package Manager local server
ScheduleIndexationOnStartup MainProcess:False IndexOnStartup:True
Mono: successfully reloaded assembly
- Finished resetting the current domain, in  1.003 seconds
Domain Reload Profiling: 2200ms
	BeginReloadAssembly (355ms)
		ExecutionOrderSort (0ms)
		DisableScriptedObjects (18ms)
		BackupInstance (0ms)
		ReleaseScriptingObjects (0ms)
		CreateAndSetChildDomain (80ms)
	RebuildCommonClasses (60ms)
	RebuildNativeTypeToScriptingClass (25ms)
	initialDomainReloadingComplete (42ms)
	LoadAllAssembliesAndSetupDomain (714ms)
		LoadAssemblies (516ms)
		RebuildTransferFunctionScriptingTraits (0ms)
		AnalyzeDomain (378ms)
			TypeCache.Refresh (17ms)
				TypeCache.ScanAssembly (1ms)
			BuildScriptInfoCaches (341ms)
			ResolveRequiredComponents (12ms)
	FinalizeReload (1003ms)
		ReleaseScriptCaches (0ms)
		RebuildScriptCaches (0ms)
		SetupLoadedEditorAssemblies (768ms)
			LogAssemblyErrors (0ms)
			InitializePlatformSupportModulesInManaged (3ms)
			SetLoadedEditorAssemblies (8ms)
			BeforeProcessingInitializeOnLoad (185ms)
			ProcessInitializeOnLoadAttributes (474ms)
			ProcessInitializeOnLoadMethodAttributes (96ms)
			AfterProcessingInitializeOnLoad (2ms)
			EditorAssembliesLoaded (0ms)
		ExecutionOrderSort2 (0ms)
		AwakeInstancesAfterBackupRestoration (25ms)
Refreshing native plugins compatible for Editor in 3.38 ms, found 5 plugins.
Preloading 0 native plugins for Editor in 0.00 ms.
Unloading 16 Unused Serialized files (Serialized files now loaded: 0)
Unloading 7197 unused Assets / (4.7 MB). Loaded Objects now: 8438.
Memory consumption went from 163.8 MB to 159.0 MB.
Total: 13.570000 ms (FindLiveObjects: 1.375500 ms CreateObjectMapping: 0.641500 ms MarkObjects: 7.749100 ms  DeleteObjects: 3.802200 ms)

Prepare: number of updated asset objects reloaded= 0
========================================================================
Received Prepare
Refreshing native plugins compatible for Editor in 3.86 ms, found 5 plugins.
Preloading 0 native plugins for Editor in 0.00 ms.
Unloading 16 Unused Serialized files (Serialized files now loaded: 0)
Unloading 7182 unused Assets / (4.6 MB). Loaded Objects now: 8438.
Memory consumption went from 163.9 MB to 159.2 MB.
Total: 14.385800 ms (FindLiveObjects: 1.155200 ms CreateObjectMapping: 0.438400 ms MarkObjects: 8.475800 ms  DeleteObjects: 4.314900 ms)

Prepare: number of updated asset objects reloaded= 0
========================================================================
Received Prepare
Begin MonoManager ReloadAssembly
[Licensing::Client] Successfully resolved entitlement details
- Loaded All Assemblies, in  1.142 seconds
Refreshing native plugins compatible for Editor in 3.69 ms, found 5 plugins.
Native extension for WindowsStandalone target not found
[Package Manager] Failed to launch server process. Reason: Unity was launched with the -noUpm command-line argument
[Package Manager] Unable to send message (not connected to server process).
[Package Manager] Cannot connect to Unity Package Manager local server
[Package Manager] Failed to launch server process. Reason: Unity was launched with the -noUpm command-line argument
[Package Manager] Unable to send message (not connected to server process).
[Package Manager] Cannot connect to Unity Package Manager local server
ScheduleIndexationOnStartup MainProcess:False IndexOnStartup:True
Mono: successfully reloaded assembly
- Finished resetting the current domain, in  0.998 seconds
Domain Reload Profiling: 2145ms
	BeginReloadAssembly (337ms)
		ExecutionOrderSort (0ms)
		DisableScriptedObjects (21ms)
		BackupInstance (0ms)
		ReleaseScriptingObjects (0ms)
		CreateAndSetChildDomain (64ms)
	RebuildCommonClasses (52ms)
	RebuildNativeTypeToScriptingClass (17ms)
	initialDomainReloadingComplete (35ms)
	LoadAllAssembliesAndSetupDomain (706ms)
		LoadAssemblies (539ms)
		RebuildTransferFunctionScriptingTraits (0ms)
		AnalyzeDomain (340ms)
			TypeCache.Refresh (14ms)
				TypeCache.ScanAssembly (1ms)
			BuildScriptInfoCaches (303ms)
			ResolveRequiredComponents (16ms)
	FinalizeReload (998ms)
		ReleaseScriptCaches (0ms)
		RebuildScriptCaches (0ms)
		SetupLoadedEditorAssemblies (747ms)
			LogAssemblyErrors (0ms)
			InitializePlatformSupportModulesInManaged (2ms)
			SetLoadedEditorAssemblies (7ms)
			BeforeProcessingInitializeOnLoad (197ms)
			ProcessInitializeOnLoadAttributes (428ms)
			ProcessInitializeOnLoadMethodAttributes (110ms)
			AfterProcessingInitializeOnLoad (2ms)
			EditorAssembliesLoaded (0ms)
		ExecutionOrderSort2 (0ms)
		AwakeInstancesAfterBackupRestoration (17ms)
Refreshing native plugins compatible for Editor in 3.55 ms, found 5 plugins.
Preloading 0 native plugins for Editor in 0.00 ms.
Unloading 16 Unused Serialized files (Serialized files now loaded: 0)
Unloading 7197 unused Assets / (4.2 MB). Loaded Objects now: 8441.
Memory consumption went from 163.8 MB to 159.6 MB.
Total: 11.622300 ms (FindLiveObjects: 1.532400 ms CreateObjectMapping: 1.098600 ms MarkObjects: 5.875100 ms  DeleteObjects: 3.114700 ms)

Prepare: number of updated asset objects reloaded= 0
========================================================================
Received Import Request.
  Time since last request: 764.527523 seconds.
  path: Assets/Prefabs/Enemy/Debris.prefab
  artifactKey: Guid(a9075c97819311b429a84e0ad8d37864) Importer(815301076,1909f56bfc062723c751e8b465ee728b)
Start importing Assets/Prefabs/Enemy/Debris.prefab using Guid(a9075c97819311b429a84e0ad8d37864) Importer(815301076,1909f56bfc062723c751e8b465ee728b) (PreviewImporter) -> (artifact id: '0639ca450c61bf7d4aecb10c83cc419a') in 0.7153311 seconds
Number of updated asset objects reloaded before import = 0Number of asset objects unloaded after import = 11

========================================================================
Received Prepare
Refreshing native plugins compatible for Editor in 3.83 ms, found 5 plugins.
Preloading 0 native plugins for Editor in 0.00 ms.
Unloading 16 Unused Serialized files (Serialized files now loaded: 0)
Unloading 7182 unused Assets / (5.3 MB). Loaded Objects now: 8534.
Memory consumption went from 164.5 MB to 159.2 MB.
Total: 19.969500 ms (FindLiveObjects: 1.642000 ms CreateObjectMapping: 1.116900 ms MarkObjects: 12.755200 ms  DeleteObjects: 4.453400 ms)

Prepare: number of updated asset objects reloaded= 0
========================================================================
Received Prepare
Begin MonoManager ReloadAssembly
[Licensing::Client] Successfully resolved entitlement details
- Loaded All Assemblies, in  1.179 seconds
Refreshing native plugins compatible for Editor in 3.49 ms, found 5 plugins.
Native extension for WindowsStandalone target not found
[Package Manager] Failed to launch server process. Reason: Unity was launched with the -noUpm command-line argument
[Package Manager] Unable to send message (not connected to server process).
[Package Manager] Cannot connect to Unity Package Manager local server
[Package Manager] Failed to launch server process. Reason: Unity was launched with the -noUpm command-line argument
[Package Manager] Unable to send message (not connected to server process).
[Package Manager] Cannot connect to Unity Package Manager local server
ScheduleIndexationOnStartup MainProcess:False IndexOnStartup:True
Mono: successfully reloaded assembly
- Finished resetting the current domain, in  1.068 seconds
Domain Reload Profiling: 2253ms
	BeginReloadAssembly (392ms)
		ExecutionOrderSort (0ms)
		DisableScriptedObjects (43ms)
		BackupInstance (0ms)
		ReleaseScriptingObjects (0ms)
		CreateAndSetChildDomain (92ms)
	RebuildCommonClasses (62ms)
	RebuildNativeTypeToScriptingClass (21ms)
	initialDomainReloadingComplete (35ms)
	LoadAllAssembliesAndSetupDomain (674ms)
		LoadAssemblies (515ms)
		RebuildTransferFunctionScriptingTraits (0ms)
		AnalyzeDomain (337ms)
			TypeCache.Refresh (13ms)
				TypeCache.ScanAssembly (1ms)
			BuildScriptInfoCaches (303ms)
			ResolveRequiredComponents (15ms)
	FinalizeReload (1069ms)
		ReleaseScriptCaches (0ms)
		RebuildScriptCaches (0ms)
		SetupLoadedEditorAssemblies (809ms)
			LogAssemblyErrors (0ms)
			InitializePlatformSupportModulesInManaged (3ms)
			SetLoadedEditorAssemblies (6ms)
			BeforeProcessingInitializeOnLoad (216ms)
			ProcessInitializeOnLoadAttributes (472ms)
			ProcessInitializeOnLoadMethodAttributes (110ms)
			AfterProcessingInitializeOnLoad (2ms)
			EditorAssembliesLoaded (0ms)
		ExecutionOrderSort2 (0ms)
		AwakeInstancesAfterBackupRestoration (25ms)
Refreshing native plugins compatible for Editor in 3.67 ms, found 5 plugins.
Preloading 0 native plugins for Editor in 0.00 ms.
Unloading 16 Unused Serialized files (Serialized files now loaded: 0)
Unloading 7197 unused Assets / (3.8 MB). Loaded Objects now: 8464.
Memory consumption went from 164.0 MB to 160.2 MB.
Total: 12.440500 ms (FindLiveObjects: 1.197400 ms CreateObjectMapping: 0.496900 ms MarkObjects: 7.758800 ms  DeleteObjects: 2.985900 ms)

Prepare: number of updated asset objects reloaded= 0
========================================================================
Received Prepare
Refreshing native plugins compatible for Editor in 3.33 ms, found 5 plugins.
Preloading 0 native plugins for Editor in 0.00 ms.
Unloading 16 Unused Serialized files (Serialized files now loaded: 0)
Unloading 7182 unused Assets / (4.6 MB). Loaded Objects now: 8464.
Memory consumption went from 164.0 MB to 159.4 MB.
Total: 15.843300 ms (FindLiveObjects: 1.430800 ms CreateObjectMapping: 1.511600 ms MarkObjects: 7.318300 ms  DeleteObjects: 5.580800 ms)

Prepare: number of updated asset objects reloaded= 0
========================================================================
Received Prepare
Begin MonoManager ReloadAssembly
[Licensing::Client] Successfully resolved entitlement details
- Loaded All Assemblies, in  1.192 seconds
Refreshing native plugins compatible for Editor in 3.55 ms, found 5 plugins.
Native extension for WindowsStandalone target not found
[Package Manager] Failed to launch server process. Reason: Unity was launched with the -noUpm command-line argument
[Package Manager] Unable to send message (not connected to server process).
[Package Manager] Cannot connect to Unity Package Manager local server
[Package Manager] Failed to launch server process. Reason: Unity was launched with the -noUpm command-line argument
[Package Manager] Unable to send message (not connected to server process).
[Package Manager] Cannot connect to Unity Package Manager local server
ScheduleIndexationOnStartup MainProcess:False IndexOnStartup:True
Mono: successfully reloaded assembly
- Finished resetting the current domain, in  1.122 seconds
Domain Reload Profiling: 2320ms
	BeginReloadAssembly (361ms)
		ExecutionOrderSort (0ms)
		DisableScriptedObjects (22ms)
		BackupInstance (0ms)
		ReleaseScriptingObjects (0ms)
		CreateAndSetChildDomain (77ms)
	RebuildCommonClasses (54ms)
	RebuildNativeTypeToScriptingClass (20ms)
	initialDomainReloadingComplete (38ms)
	LoadAllAssembliesAndSetupDomain (723ms)
		LoadAssemblies (551ms)
		RebuildTransferFunctionScriptingTraits (0ms)
		AnalyzeDomain (359ms)
			TypeCache.Refresh (15ms)
				TypeCache.ScanAssembly (1ms)
			BuildScriptInfoCaches (319ms)
			ResolveRequiredComponents (19ms)
	FinalizeReload (1123ms)
		ReleaseScriptCaches (0ms)
		RebuildScriptCaches (0ms)
		SetupLoadedEditorAssemblies (858ms)
			LogAssemblyErrors (0ms)
			InitializePlatformSupportModulesInManaged (3ms)
			SetLoadedEditorAssemblies (6ms)
			BeforeProcessingInitializeOnLoad (212ms)
			ProcessInitializeOnLoadAttributes (527ms)
			ProcessInitializeOnLoadMethodAttributes (106ms)
			AfterProcessingInitializeOnLoad (3ms)
			EditorAssembliesLoaded (0ms)
		ExecutionOrderSort2 (0ms)
		AwakeInstancesAfterBackupRestoration (27ms)
Refreshing native plugins compatible for Editor in 2.98 ms, found 5 plugins.
Preloading 0 native plugins for Editor in 0.00 ms.
Unloading 16 Unused Serialized files (Serialized files now loaded: 0)
Unloading 7197 unused Assets / (4.3 MB). Loaded Objects now: 8467.
Memory consumption went from 163.9 MB to 159.6 MB.
Total: 12.398500 ms (FindLiveObjects: 1.431100 ms CreateObjectMapping: 0.601500 ms MarkObjects: 6.743100 ms  DeleteObjects: 3.620300 ms)

Prepare: number of updated asset objects reloaded= 0
========================================================================
Received Prepare
Refreshing native plugins compatible for Editor in 3.11 ms, found 5 plugins.
Preloading 0 native plugins for Editor in 0.00 ms.
Unloading 16 Unused Serialized files (Serialized files now loaded: 0)
Unloading 7182 unused Assets / (5.3 MB). Loaded Objects now: 8467.
Memory consumption went from 164.0 MB to 158.7 MB.
Total: 13.270900 ms (FindLiveObjects: 1.308700 ms CreateObjectMapping: 0.624700 ms MarkObjects: 7.058400 ms  DeleteObjects: 4.277300 ms)

Prepare: number of updated asset objects reloaded= 0
========================================================================
Received Prepare
Begin MonoManager ReloadAssembly
- Loaded All Assemblies, in  1.113 seconds
Refreshing native plugins compatible for Editor in 3.17 ms, found 5 plugins.
Native extension for WindowsStandalone target not found
[Package Manager] Failed to launch server process. Reason: Unity was launched with the -noUpm command-line argument
[Package Manager] Unable to send message (not connected to server process).
[Package Manager] Cannot connect to Unity Package Manager local server
[Package Manager] Failed to launch server process. Reason: Unity was launched with the -noUpm command-line argument
[Package Manager] Unable to send message (not connected to server process).
[Package Manager] Cannot connect to Unity Package Manager local server
ScheduleIndexationOnStartup MainProcess:False IndexOnStartup:True
Mono: successfully reloaded assembly
- Finished resetting the current domain, in  1.051 seconds
Domain Reload Profiling: 2168ms
	BeginReloadAssembly (329ms)
		ExecutionOrderSort (0ms)
		DisableScriptedObjects (21ms)
		BackupInstance (0ms)
		ReleaseScriptingObjects (0ms)
		CreateAndSetChildDomain (67ms)
	RebuildCommonClasses (53ms)
	RebuildNativeTypeToScriptingClass (22ms)
	initialDomainReloadingComplete (37ms)
	LoadAllAssembliesAndSetupDomain (675ms)
		LoadAssemblies (520ms)
		RebuildTransferFunctionScriptingTraits (0ms)
		AnalyzeDomain (326ms)
			TypeCache.Refresh (12ms)
				TypeCache.ScanAssembly (1ms)
			BuildScriptInfoCaches (289ms)
			ResolveRequiredComponents (17ms)
	FinalizeReload (1051ms)
		ReleaseScriptCaches (0ms)
		RebuildScriptCaches (0ms)
		SetupLoadedEditorAssemblies (822ms)
			LogAssemblyErrors (0ms)
			InitializePlatformSupportModulesInManaged (3ms)
			SetLoadedEditorAssemblies (8ms)
			BeforeProcessingInitializeOnLoad (212ms)
			ProcessInitializeOnLoadAttributes (476ms)
			ProcessInitializeOnLoadMethodAttributes (120ms)
			AfterProcessingInitializeOnLoad (2ms)
			EditorAssembliesLoaded (0ms)
		ExecutionOrderSort2 (0ms)
		AwakeInstancesAfterBackupRestoration (25ms)
Refreshing native plugins compatible for Editor in 3.27 ms, found 5 plugins.
Preloading 0 native plugins for Editor in 0.00 ms.
Unloading 16 Unused Serialized files (Serialized files now loaded: 0)
Unloading 7197 unused Assets / (5.4 MB). Loaded Objects now: 8470.
Memory consumption went from 164.0 MB to 158.5 MB.
Total: 28.383600 ms (FindLiveObjects: 1.371500 ms CreateObjectMapping: 0.695900 ms MarkObjects: 8.447700 ms  DeleteObjects: 17.866400 ms)

Prepare: number of updated asset objects reloaded= 0
========================================================================
Received Prepare
Refreshing native plugins compatible for Editor in 3.81 ms, found 5 plugins.
Preloading 0 native plugins for Editor in 0.00 ms.
Unloading 16 Unused Serialized files (Serialized files now loaded: 0)
Unloading 7182 unused Assets / (4.4 MB). Loaded Objects now: 8470.
Memory consumption went from 164.1 MB to 159.6 MB.
Total: 13.415800 ms (FindLiveObjects: 1.418300 ms CreateObjectMapping: 0.648800 ms MarkObjects: 7.509600 ms  DeleteObjects: 3.837400 ms)

Prepare: number of updated asset objects reloaded= 0
========================================================================
Received Prepare
Begin MonoManager ReloadAssembly
- Loaded All Assemblies, in  1.091 seconds
Refreshing native plugins compatible for Editor in 2.43 ms, found 5 plugins.
Native extension for WindowsStandalone target not found
[Package Manager] Failed to launch server process. Reason: Unity was launched with the -noUpm command-line argument
[Package Manager] Unable to send message (not connected to server process).
[Package Manager] Cannot connect to Unity Package Manager local server
[Package Manager] Failed to launch server process. Reason: Unity was launched with the -noUpm command-line argument
[Package Manager] Unable to send message (not connected to server process).
[Package Manager] Cannot connect to Unity Package Manager local server
ScheduleIndexationOnStartup MainProcess:False IndexOnStartup:True
Mono: successfully reloaded assembly
- Finished resetting the current domain, in  0.991 seconds
Domain Reload Profiling: 2085ms
	BeginReloadAssembly (333ms)
		ExecutionOrderSort (0ms)
		DisableScriptedObjects (17ms)
		BackupInstance (0ms)
		ReleaseScriptingObjects (0ms)
		CreateAndSetChildDomain (70ms)
	RebuildCommonClasses (58ms)
	RebuildNativeTypeToScriptingClass (18ms)
	initialDomainReloadingComplete (38ms)
	LoadAllAssembliesAndSetupDomain (646ms)
		LoadAssemblies (533ms)
		RebuildTransferFunctionScriptingTraits (0ms)
		AnalyzeDomain (293ms)
			TypeCache.Refresh (15ms)
				TypeCache.ScanAssembly (1ms)
			BuildScriptInfoCaches (261ms)
			ResolveRequiredComponents (12ms)
	FinalizeReload (992ms)
		ReleaseScriptCaches (0ms)
		RebuildScriptCaches (0ms)
		SetupLoadedEditorAssemblies (780ms)
			LogAssemblyErrors (0ms)
			InitializePlatformSupportModulesInManaged (3ms)
			SetLoadedEditorAssemblies (6ms)
			BeforeProcessingInitializeOnLoad (203ms)
			ProcessInitializeOnLoadAttributes (470ms)
			ProcessInitializeOnLoadMethodAttributes (96ms)
			AfterProcessingInitializeOnLoad (2ms)
			EditorAssembliesLoaded (0ms)
		ExecutionOrderSort2 (0ms)
		AwakeInstancesAfterBackupRestoration (18ms)
Refreshing native plugins compatible for Editor in 3.47 ms, found 5 plugins.
Preloading 0 native plugins for Editor in 0.00 ms.
Unloading 16 Unused Serialized files (Serialized files now loaded: 0)
Unloading 7197 unused Assets / (3.9 MB). Loaded Objects now: 8473.
Memory consumption went from 164.0 MB to 160.1 MB.
Total: 13.136000 ms (FindLiveObjects: 1.465800 ms CreateObjectMapping: 1.425000 ms MarkObjects: 7.212800 ms  DeleteObjects: 3.030200 ms)

Prepare: number of updated asset objects reloaded= 0
========================================================================
Received Prepare
Refreshing native plugins compatible for Editor in 3.69 ms, found 5 plugins.
Preloading 0 native plugins for Editor in 0.00 ms.
Unloading 16 Unused Serialized files (Serialized files now loaded: 0)
Unloading 7182 unused Assets / (4.1 MB). Loaded Objects now: 8473.
Memory consumption went from 164.1 MB to 160.0 MB.
Total: 12.121200 ms (FindLiveObjects: 1.235700 ms CreateObjectMapping: 0.570000 ms MarkObjects: 7.128300 ms  DeleteObjects: 3.185600 ms)

Prepare: number of updated asset objects reloaded= 0
========================================================================
Received Prepare
Begin MonoManager ReloadAssembly
- Loaded All Assemblies, in  1.142 seconds
Refreshing native plugins compatible for Editor in 3.32 ms, found 5 plugins.
Native extension for WindowsStandalone target not found
[Package Manager] Failed to launch server process. Reason: Unity was launched with the -noUpm command-line argument
[Package Manager] Unable to send message (not connected to server process).
[Package Manager] Cannot connect to Unity Package Manager local server
[Package Manager] Failed to launch server process. Reason: Unity was launched with the -noUpm command-line argument
[Package Manager] Unable to send message (not connected to server process).
[Package Manager] Cannot connect to Unity Package Manager local server
ScheduleIndexationOnStartup MainProcess:False IndexOnStartup:True
Mono: successfully reloaded assembly
- Finished resetting the current domain, in  1.080 seconds
Domain Reload Profiling: 2227ms
	BeginReloadAssembly (347ms)
		ExecutionOrderSort (0ms)
		DisableScriptedObjects (21ms)
		BackupInstance (0ms)
		ReleaseScriptingObjects (0ms)
		CreateAndSetChildDomain (66ms)
	RebuildCommonClasses (52ms)
	RebuildNativeTypeToScriptingClass (16ms)
	initialDomainReloadingComplete (39ms)
	LoadAllAssembliesAndSetupDomain (692ms)
		LoadAssemblies (534ms)
		RebuildTransferFunctionScriptingTraits (0ms)
		AnalyzeDomain (351ms)
			TypeCache.Refresh (13ms)
				TypeCache.ScanAssembly (1ms)
			BuildScriptInfoCaches (311ms)
			ResolveRequiredComponents (19ms)
	FinalizeReload (1081ms)
		ReleaseScriptCaches (0ms)
		RebuildScriptCaches (0ms)
		SetupLoadedEditorAssemblies (829ms)
			LogAssemblyErrors (0ms)
			InitializePlatformSupportModulesInManaged (3ms)
			SetLoadedEditorAssemblies (6ms)
			BeforeProcessingInitializeOnLoad (215ms)
			ProcessInitializeOnLoadAttributes (487ms)
			ProcessInitializeOnLoadMethodAttributes (116ms)
			AfterProcessingInitializeOnLoad (3ms)
			EditorAssembliesLoaded (0ms)
		ExecutionOrderSort2 (0ms)
		AwakeInstancesAfterBackupRestoration (24ms)
Refreshing native plugins compatible for Editor in 2.79 ms, found 5 plugins.
Preloading 0 native plugins for Editor in 0.00 ms.
Unloading 16 Unused Serialized files (Serialized files now loaded: 0)
Unloading 7197 unused Assets / (4.5 MB). Loaded Objects now: 8476.
Memory consumption went from 164.0 MB to 159.6 MB.
Total: 12.082800 ms (FindLiveObjects: 1.158300 ms CreateObjectMapping: 0.444400 ms MarkObjects: 7.015300 ms  DeleteObjects: 3.463200 ms)

Prepare: number of updated asset objects reloaded= 0
========================================================================
Received Import Request.
  Time since last request: 937.275348 seconds.
  path: Assets/Prefabs/Enemy/Debris.prefab
  artifactKey: Guid(a9075c97819311b429a84e0ad8d37864) Importer(815301076,1909f56bfc062723c751e8b465ee728b)
Start importing Assets/Prefabs/Enemy/Debris.prefab using Guid(a9075c97819311b429a84e0ad8d37864) Importer(815301076,1909f56bfc062723c751e8b465ee728b) (PreviewImporter) -> (artifact id: 'd6c85e2afa6e01b17176c28875a2e02e') in 0.5767202 seconds
Number of updated asset objects reloaded before import = 0Number of asset objects unloaded after import = 10

========================================================================
Received Import Request.
  Time since last request: 58.543816 seconds.
  path: Assets/Prefabs/Projectiles/Player Projectile.prefab
  artifactKey: Guid(6fea9b448a7b0fc4a83bf8bde296afc6) Importer(815301076,1909f56bfc062723c751e8b465ee728b)
Start importing Assets/Prefabs/Projectiles/Player Projectile.prefab using Guid(6fea9b448a7b0fc4a83bf8bde296afc6) Importer(815301076,1909f56bfc062723c751e8b465ee728b) (PreviewImporter) -> (artifact id: '52a5bb2885fd7d60a940829a30324f9f') in 0.011378 seconds
Number of updated asset objects reloaded before import = 0Number of asset objects unloaded after import = 10

========================================================================
Received Prepare
Refreshing native plugins compatible for Editor in 3.55 ms, found 5 plugins.
Preloading 0 native plugins for Editor in 0.00 ms.
Unloading 16 Unused Serialized files (Serialized files now loaded: 0)
Unloading 7182 unused Assets / (4.0 MB). Loaded Objects now: 8569.
Memory consumption went from 164.8 MB to 160.7 MB.
Total: 14.410400 ms (FindLiveObjects: 1.304500 ms CreateObjectMapping: 0.752200 ms MarkObjects: 9.016400 ms  DeleteObjects: 3.335400 ms)

Prepare: number of updated asset objects reloaded= 0
========================================================================
Received Prepare
Begin MonoManager ReloadAssembly
[Licensing::Client] Successfully resolved entitlement details
- Loaded All Assemblies, in  1.250 seconds
Refreshing native plugins compatible for Editor in 2.39 ms, found 5 plugins.
Native extension for WindowsStandalone target not found
[Package Manager] Failed to launch server process. Reason: Unity was launched with the -noUpm command-line argument
[Package Manager] Unable to send message (not connected to server process).
[Package Manager] Cannot connect to Unity Package Manager local server
[Package Manager] Failed to launch server process. Reason: Unity was launched with the -noUpm command-line argument
[Package Manager] Unable to send message (not connected to server process).
[Package Manager] Cannot connect to Unity Package Manager local server
ScheduleIndexationOnStartup MainProcess:False IndexOnStartup:True
Mono: successfully reloaded assembly
- Finished resetting the current domain, in  0.903 seconds
Domain Reload Profiling: 2157ms
	BeginReloadAssembly (427ms)
		ExecutionOrderSort (0ms)
		DisableScriptedObjects (53ms)
		BackupInstance (0ms)
		ReleaseScriptingObjects (0ms)
		CreateAndSetChildDomain (90ms)
	RebuildCommonClasses (64ms)
	RebuildNativeTypeToScriptingClass (18ms)
	initialDomainReloadingComplete (44ms)
	LoadAllAssembliesAndSetupDomain (700ms)
		LoadAssemblies (554ms)
		RebuildTransferFunctionScriptingTraits (0ms)
		AnalyzeDomain (344ms)
			TypeCache.Refresh (14ms)
				TypeCache.ScanAssembly (1ms)
			BuildScriptInfoCaches (310ms)
			ResolveRequiredComponents (12ms)
	FinalizeReload (903ms)
		ReleaseScriptCaches (0ms)
		RebuildScriptCaches (0ms)
		SetupLoadedEditorAssemblies (689ms)
			LogAssemblyErrors (0ms)
			InitializePlatformSupportModulesInManaged (3ms)
			SetLoadedEditorAssemblies (6ms)
			BeforeProcessingInitializeOnLoad (166ms)
			ProcessInitializeOnLoadAttributes (411ms)
			ProcessInitializeOnLoadMethodAttributes (100ms)
			AfterProcessingInitializeOnLoad (2ms)
			EditorAssembliesLoaded (0ms)
		ExecutionOrderSort2 (0ms)
		AwakeInstancesAfterBackupRestoration (24ms)
Refreshing native plugins compatible for Editor in 2.74 ms, found 5 plugins.
Preloading 0 native plugins for Editor in 0.00 ms.
Unloading 16 Unused Serialized files (Serialized files now loaded: 0)
Unloading 7197 unused Assets / (4.8 MB). Loaded Objects now: 8499.
Memory consumption went from 164.2 MB to 159.4 MB.
Total: 13.096400 ms (FindLiveObjects: 1.151800 ms CreateObjectMapping: 0.489000 ms MarkObjects: 7.376800 ms  DeleteObjects: 4.077000 ms)

Prepare: number of updated asset objects reloaded= 0
========================================================================
Received Prepare
Refreshing native plugins compatible for Editor in 2.91 ms, found 5 plugins.
Preloading 0 native plugins for Editor in 0.00 ms.
Unloading 16 Unused Serialized files (Serialized files now loaded: 0)
Unloading 7182 unused Assets / (4.4 MB). Loaded Objects now: 8499.
Memory consumption went from 164.2 MB to 159.8 MB.
Total: 15.754100 ms (FindLiveObjects: 2.120900 ms CreateObjectMapping: 1.700900 ms MarkObjects: 7.589700 ms  DeleteObjects: 4.341000 ms)

Prepare: number of updated asset objects reloaded= 0
========================================================================
Received Prepare
Begin MonoManager ReloadAssembly
[Licensing::Client] Successfully resolved entitlement details
- Loaded All Assemblies, in  1.183 seconds
Refreshing native plugins compatible for Editor in 3.20 ms, found 5 plugins.
Native extension for WindowsStandalone target not found
[Package Manager] Failed to launch server process. Reason: Unity was launched with the -noUpm command-line argument
[Package Manager] Unable to send message (not connected to server process).
[Package Manager] Cannot connect to Unity Package Manager local server
[Package Manager] Failed to launch server process. Reason: Unity was launched with the -noUpm command-line argument
[Package Manager] Unable to send message (not connected to server process).
[Package Manager] Cannot connect to Unity Package Manager local server
ScheduleIndexationOnStartup MainProcess:False IndexOnStartup:True
Mono: successfully reloaded assembly
- Finished resetting the current domain, in  1.016 seconds
Domain Reload Profiling: 2203ms
	BeginReloadAssembly (364ms)
		ExecutionOrderSort (0ms)
		DisableScriptedObjects (17ms)
		BackupInstance (0ms)
		ReleaseScriptingObjects (0ms)
		CreateAndSetChildDomain (68ms)
	RebuildCommonClasses (60ms)
	RebuildNativeTypeToScriptingClass (21ms)
	initialDomainReloadingComplete (33ms)
	LoadAllAssembliesAndSetupDomain (709ms)
		LoadAssemblies (564ms)
		RebuildTransferFunctionScriptingTraits (0ms)
		AnalyzeDomain (343ms)
			TypeCache.Refresh (14ms)
				TypeCache.ScanAssembly (1ms)
			BuildScriptInfoCaches (301ms)
			ResolveRequiredComponents (19ms)
	FinalizeReload (1016ms)
		ReleaseScriptCaches (0ms)
		RebuildScriptCaches (0ms)
		SetupLoadedEditorAssemblies (782ms)
			LogAssemblyErrors (0ms)
			InitializePlatformSupportModulesInManaged (3ms)
			SetLoadedEditorAssemblies (7ms)
			BeforeProcessingInitializeOnLoad (193ms)
			ProcessInitializeOnLoadAttributes (461ms)
			ProcessInitializeOnLoadMethodAttributes (114ms)
			AfterProcessingInitializeOnLoad (3ms)
			EditorAssembliesLoaded (0ms)
		ExecutionOrderSort2 (0ms)
		AwakeInstancesAfterBackupRestoration (27ms)
Refreshing native plugins compatible for Editor in 3.54 ms, found 5 plugins.
Preloading 0 native plugins for Editor in 0.00 ms.
Unloading 16 Unused Serialized files (Serialized files now loaded: 0)
Unloading 7197 unused Assets / (4.2 MB). Loaded Objects now: 8502.
Memory consumption went from 164.2 MB to 160.0 MB.
Total: 14.803500 ms (FindLiveObjects: 1.525300 ms CreateObjectMapping: 1.166900 ms MarkObjects: 8.355200 ms  DeleteObjects: 3.754200 ms)

Prepare: number of updated asset objects reloaded= 0
========================================================================
Received Prepare
Refreshing native plugins compatible for Editor in 4.19 ms, found 5 plugins.
Preloading 0 native plugins for Editor in 0.00 ms.
Unloading 16 Unused Serialized files (Serialized files now loaded: 0)
Unloading 7182 unused Assets / (4.2 MB). Loaded Objects now: 8502.
Memory consumption went from 164.3 MB to 160.1 MB.
Total: 12.983000 ms (FindLiveObjects: 1.603500 ms CreateObjectMapping: 0.873900 ms MarkObjects: 7.059200 ms  DeleteObjects: 3.444800 ms)

Prepare: number of updated asset objects reloaded= 0
========================================================================
Received Prepare
Begin MonoManager ReloadAssembly
- Loaded All Assemblies, in  0.947 seconds
Refreshing native plugins compatible for Editor in 2.78 ms, found 5 plugins.
Native extension for WindowsStandalone target not found
[Package Manager] Failed to launch server process. Reason: Unity was launched with the -noUpm command-line argument
[Package Manager] Unable to send message (not connected to server process).
[Package Manager] Cannot connect to Unity Package Manager local server
[Package Manager] Failed to launch server process. Reason: Unity was launched with the -noUpm command-line argument
[Package Manager] Unable to send message (not connected to server process).
[Package Manager] Cannot connect to Unity Package Manager local server
ScheduleIndexationOnStartup MainProcess:False IndexOnStartup:True
Mono: successfully reloaded assembly
- Finished resetting the current domain, in  0.947 seconds
Domain Reload Profiling: 1899ms
	BeginReloadAssembly (289ms)
		ExecutionOrderSort (0ms)
		DisableScriptedObjects (16ms)
		BackupInstance (0ms)
		ReleaseScriptingObjects (0ms)
		CreateAndSetChildDomain (64ms)
	RebuildCommonClasses (43ms)
	RebuildNativeTypeToScriptingClass (16ms)
	initialDomainReloadingComplete (33ms)
	LoadAllAssembliesAndSetupDomain (569ms)
		LoadAssemblies (441ms)
		RebuildTransferFunctionScriptingTraits (0ms)
		AnalyzeDomain (277ms)
			TypeCache.Refresh (12ms)
				TypeCache.ScanAssembly (1ms)
			BuildScriptInfoCaches (247ms)
			ResolveRequiredComponents (12ms)
	FinalizeReload (947ms)
		ReleaseScriptCaches (0ms)
		RebuildScriptCaches (0ms)
		SetupLoadedEditorAssemblies (745ms)
			LogAssemblyErrors (0ms)
			InitializePlatformSupportModulesInManaged (3ms)
			SetLoadedEditorAssemblies (6ms)
			BeforeProcessingInitializeOnLoad (196ms)
			ProcessInitializeOnLoadAttributes (449ms)
			ProcessInitializeOnLoadMethodAttributes (89ms)
			AfterProcessingInitializeOnLoad (2ms)
			EditorAssembliesLoaded (0ms)
		ExecutionOrderSort2 (0ms)
		AwakeInstancesAfterBackupRestoration (19ms)
Refreshing native plugins compatible for Editor in 2.48 ms, found 5 plugins.
Preloading 0 native plugins for Editor in 0.00 ms.
Unloading 16 Unused Serialized files (Serialized files now loaded: 0)
Unloading 7197 unused Assets / (4.0 MB). Loaded Objects now: 8505.
Memory consumption went from 164.2 MB to 160.2 MB.
Total: 10.389000 ms (FindLiveObjects: 1.128100 ms CreateObjectMapping: 0.451300 ms MarkObjects: 6.045800 ms  DeleteObjects: 2.762400 ms)

Prepare: number of updated asset objects reloaded= 0
========================================================================
Received Prepare
Refreshing native plugins compatible for Editor in 2.84 ms, found 5 plugins.
Preloading 0 native plugins for Editor in 0.00 ms.
Unloading 16 Unused Serialized files (Serialized files now loaded: 0)
Unloading 7182 unused Assets / (4.3 MB). Loaded Objects now: 8505.
Memory consumption went from 164.3 MB to 160.0 MB.
Total: 13.116900 ms (FindLiveObjects: 1.625400 ms CreateObjectMapping: 0.724500 ms MarkObjects: 6.900000 ms  DeleteObjects: 3.865400 ms)

Prepare: number of updated asset objects reloaded= 0
========================================================================
Received Prepare
Begin MonoManager ReloadAssembly
[Licensing::Client] Successfully resolved entitlement details
- Loaded All Assemblies, in  1.274 seconds
Refreshing native plugins compatible for Editor in 3.38 ms, found 5 plugins.
Native extension for WindowsStandalone target not found
[Package Manager] Failed to launch server process. Reason: Unity was launched with the -noUpm command-line argument
[Package Manager] Unable to send message (not connected to server process).
[Package Manager] Cannot connect to Unity Package Manager local server
[Package Manager] Failed to launch server process. Reason: Unity was launched with the -noUpm command-line argument
[Package Manager] Unable to send message (not connected to server process).
[Package Manager] Cannot connect to Unity Package Manager local server
ScheduleIndexationOnStartup MainProcess:False IndexOnStartup:True
Mono: successfully reloaded assembly
- Finished resetting the current domain, in  1.051 seconds
Domain Reload Profiling: 2330ms
	BeginReloadAssembly (378ms)
		ExecutionOrderSort (0ms)
		DisableScriptedObjects (20ms)
		BackupInstance (0ms)
		ReleaseScriptingObjects (0ms)
		CreateAndSetChildDomain (75ms)
	RebuildCommonClasses (67ms)
	RebuildNativeTypeToScriptingClass (25ms)
	initialDomainReloadingComplete (45ms)
	LoadAllAssembliesAndSetupDomain (763ms)
		LoadAssemblies (583ms)
		RebuildTransferFunctionScriptingTraits (0ms)
		AnalyzeDomain (379ms)
			TypeCache.Refresh (14ms)
				TypeCache.ScanAssembly (1ms)
			BuildScriptInfoCaches (341ms)
			ResolveRequiredComponents (16ms)
	FinalizeReload (1052ms)
		ReleaseScriptCaches (0ms)
		RebuildScriptCaches (0ms)
		SetupLoadedEditorAssemblies (792ms)
			LogAssemblyErrors (0ms)
			InitializePlatformSupportModulesInManaged (3ms)
			SetLoadedEditorAssemblies (6ms)
			BeforeProcessingInitializeOnLoad (215ms)
			ProcessInitializeOnLoadAttributes (452ms)
			ProcessInitializeOnLoadMethodAttributes (113ms)
			AfterProcessingInitializeOnLoad (3ms)
			EditorAssembliesLoaded (0ms)
		ExecutionOrderSort2 (0ms)
		AwakeInstancesAfterBackupRestoration (25ms)
Refreshing native plugins compatible for Editor in 3.62 ms, found 5 plugins.
Preloading 0 native plugins for Editor in 0.00 ms.
Unloading 16 Unused Serialized files (Serialized files now loaded: 0)
Unloading 7197 unused Assets / (4.3 MB). Loaded Objects now: 8508.
Memory consumption went from 164.2 MB to 159.9 MB.
Total: 12.670200 ms (FindLiveObjects: 1.394000 ms CreateObjectMapping: 0.646500 ms MarkObjects: 7.252300 ms  DeleteObjects: 3.375300 ms)

Prepare: number of updated asset objects reloaded= 0
========================================================================
Received Import Request.
  Time since last request: 894.685652 seconds.
  path: Assets/Prefabs/Enemy/Debris.prefab
  artifactKey: Guid(a9075c97819311b429a84e0ad8d37864) Importer(815301076,1909f56bfc062723c751e8b465ee728b)
Start importing Assets/Prefabs/Enemy/Debris.prefab using Guid(a9075c97819311b429a84e0ad8d37864) Importer(815301076,1909f56bfc062723c751e8b465ee728b) (PreviewImporter) -> (artifact id: '655ca88c77f68de7e9a1a262e2e3e003') in 0.5058497 seconds
Number of updated asset objects reloaded before import = 0Number of asset objects unloaded after import = 11

========================================================================
Received Prepare
Refreshing native plugins compatible for Editor in 2.51 ms, found 5 plugins.
Preloading 0 native plugins for Editor in 0.00 ms.
Unloading 16 Unused Serialized files (Serialized files now loaded: 0)
Unloading 7182 unused Assets / (4.3 MB). Loaded Objects now: 8601.
Memory consumption went from 164.9 MB to 160.6 MB.
Total: 15.448200 ms (FindLiveObjects: 1.388700 ms CreateObjectMapping: 0.685200 ms MarkObjects: 8.684800 ms  DeleteObjects: 4.687700 ms)

Prepare: number of updated asset objects reloaded= 0
========================================================================
Received Prepare
Begin MonoManager ReloadAssembly
[Licensing::Client] Successfully resolved entitlement details
- Loaded All Assemblies, in  1.171 seconds
Refreshing native plugins compatible for Editor in 4.63 ms, found 5 plugins.
Native extension for WindowsStandalone target not found
[Package Manager] Failed to launch server process. Reason: Unity was launched with the -noUpm command-line argument
[Package Manager] Unable to send message (not connected to server process).
[Package Manager] Cannot connect to Unity Package Manager local server
[Package Manager] Failed to launch server process. Reason: Unity was launched with the -noUpm command-line argument
[Package Manager] Unable to send message (not connected to server process).
[Package Manager] Cannot connect to Unity Package Manager local server
ScheduleIndexationOnStartup MainProcess:False IndexOnStartup:True
Mono: successfully reloaded assembly
- Finished resetting the current domain, in  1.098 seconds
Domain Reload Profiling: 2275ms
	BeginReloadAssembly (364ms)
		ExecutionOrderSort (0ms)
		DisableScriptedObjects (34ms)
		BackupInstance (0ms)
		ReleaseScriptingObjects (0ms)
		CreateAndSetChildDomain (83ms)
	RebuildCommonClasses (64ms)
	RebuildNativeTypeToScriptingClass (19ms)
	initialDomainReloadingComplete (38ms)
	LoadAllAssembliesAndSetupDomain (690ms)
		LoadAssemblies (537ms)
		RebuildTransferFunctionScriptingTraits (0ms)
		AnalyzeDomain (328ms)
			TypeCache.Refresh (13ms)
				TypeCache.ScanAssembly (1ms)
			BuildScriptInfoCaches (296ms)
			ResolveRequiredComponents (13ms)
	FinalizeReload (1099ms)
		ReleaseScriptCaches (0ms)
		RebuildScriptCaches (0ms)
		SetupLoadedEditorAssemblies (849ms)
			LogAssemblyErrors (0ms)
			InitializePlatformSupportModulesInManaged (3ms)
			SetLoadedEditorAssemblies (8ms)
			BeforeProcessingInitializeOnLoad (217ms)
			ProcessInitializeOnLoadAttributes (515ms)
			ProcessInitializeOnLoadMethodAttributes (102ms)
			AfterProcessingInitializeOnLoad (3ms)
			EditorAssembliesLoaded (1ms)
		ExecutionOrderSort2 (0ms)
		AwakeInstancesAfterBackupRestoration (24ms)
Refreshing native plugins compatible for Editor in 2.95 ms, found 5 plugins.
Preloading 0 native plugins for Editor in 0.00 ms.
Unloading 16 Unused Serialized files (Serialized files now loaded: 0)
Unloading 7197 unused Assets / (4.4 MB). Loaded Objects now: 8531.
Memory consumption went from 164.4 MB to 160.0 MB.
Total: 13.962500 ms (FindLiveObjects: 1.638700 ms CreateObjectMapping: 1.337000 ms MarkObjects: 7.429900 ms  DeleteObjects: 3.554800 ms)

Prepare: number of updated asset objects reloaded= 0
========================================================================
Received Prepare
Refreshing native plugins compatible for Editor in 3.95 ms, found 5 plugins.
Preloading 0 native plugins for Editor in 0.00 ms.
Unloading 16 Unused Serialized files (Serialized files now loaded: 0)
Unloading 7182 unused Assets / (4.4 MB). Loaded Objects now: 8531.
Memory consumption went from 164.4 MB to 160.1 MB.
Total: 14.494200 ms (FindLiveObjects: 1.450300 ms CreateObjectMapping: 0.688600 ms MarkObjects: 8.672600 ms  DeleteObjects: 3.680500 ms)

Prepare: number of updated asset objects reloaded= 0
========================================================================
Received Prepare
Begin MonoManager ReloadAssembly
- Loaded All Assemblies, in  1.128 seconds
Refreshing native plugins compatible for Editor in 2.25 ms, found 5 plugins.
Native extension for WindowsStandalone target not found
[Package Manager] Failed to launch server process. Reason: Unity was launched with the -noUpm command-line argument
[Package Manager] Unable to send message (not connected to server process).
[Package Manager] Cannot connect to Unity Package Manager local server
[Package Manager] Failed to launch server process. Reason: Unity was launched with the -noUpm command-line argument
[Package Manager] Unable to send message (not connected to server process).
[Package Manager] Cannot connect to Unity Package Manager local server
ScheduleIndexationOnStartup MainProcess:False IndexOnStartup:True
Mono: successfully reloaded assembly
- Finished resetting the current domain, in  1.043 seconds
Domain Reload Profiling: 2177ms
	BeginReloadAssembly (348ms)
		ExecutionOrderSort (0ms)
		DisableScriptedObjects (18ms)
		BackupInstance (0ms)
		ReleaseScriptingObjects (0ms)
		CreateAndSetChildDomain (73ms)
	RebuildCommonClasses (66ms)
	RebuildNativeTypeToScriptingClass (26ms)
	initialDomainReloadingComplete (37ms)
	LoadAllAssembliesAndSetupDomain (657ms)
		LoadAssemblies (525ms)
		RebuildTransferFunctionScriptingTraits (0ms)
		AnalyzeDomain (320ms)
			TypeCache.Refresh (15ms)
				TypeCache.ScanAssembly (1ms)
			BuildScriptInfoCaches (283ms)
			ResolveRequiredComponents (15ms)
	FinalizeReload (1044ms)
		ReleaseScriptCaches (0ms)
		RebuildScriptCaches (0ms)
		SetupLoadedEditorAssemblies (818ms)
			LogAssemblyErrors (0ms)
			InitializePlatformSupportModulesInManaged (3ms)
			SetLoadedEditorAssemblies (8ms)
			BeforeProcessingInitializeOnLoad (180ms)
			ProcessInitializeOnLoadAttributes (510ms)
			ProcessInitializeOnLoadMethodAttributes (115ms)
			AfterProcessingInitializeOnLoad (3ms)
			EditorAssembliesLoaded (1ms)
		ExecutionOrderSort2 (0ms)
		AwakeInstancesAfterBackupRestoration (27ms)
Refreshing native plugins compatible for Editor in 3.78 ms, found 5 plugins.
Preloading 0 native plugins for Editor in 0.00 ms.
Unloading 16 Unused Serialized files (Serialized files now loaded: 0)
Unloading 7197 unused Assets / (4.2 MB). Loaded Objects now: 8534.
Memory consumption went from 164.3 MB to 160.1 MB.
Total: 16.402400 ms (FindLiveObjects: 1.735000 ms CreateObjectMapping: 2.113900 ms MarkObjects: 9.170200 ms  DeleteObjects: 3.381300 ms)

Prepare: number of updated asset objects reloaded= 0
========================================================================
Received Prepare
Refreshing native plugins compatible for Editor in 3.24 ms, found 5 plugins.
Preloading 0 native plugins for Editor in 0.00 ms.
Unloading 16 Unused Serialized files (Serialized files now loaded: 0)
Unloading 7182 unused Assets / (3.9 MB). Loaded Objects now: 8534.
Memory consumption went from 164.5 MB to 160.5 MB.
Total: 12.075100 ms (FindLiveObjects: 1.499000 ms CreateObjectMapping: 0.643400 ms MarkObjects: 6.285900 ms  DeleteObjects: 3.644600 ms)

Prepare: number of updated asset objects reloaded= 0
========================================================================
Received Prepare
Begin MonoManager ReloadAssembly
[Licensing::Client] Successfully resolved entitlement details
- Loaded All Assemblies, in  1.103 seconds
Refreshing native plugins compatible for Editor in 3.34 ms, found 5 plugins.
Native extension for WindowsStandalone target not found
[Package Manager] Failed to launch server process. Reason: Unity was launched with the -noUpm command-line argument
[Package Manager] Unable to send message (not connected to server process).
[Package Manager] Cannot connect to Unity Package Manager local server
[Package Manager] Failed to launch server process. Reason: Unity was launched with the -noUpm command-line argument
[Package Manager] Unable to send message (not connected to server process).
[Package Manager] Cannot connect to Unity Package Manager local server
ScheduleIndexationOnStartup MainProcess:False IndexOnStartup:True
Mono: successfully reloaded assembly
- Finished resetting the current domain, in  0.996 seconds
Domain Reload Profiling: 2102ms
	BeginReloadAssembly (345ms)
		ExecutionOrderSort (0ms)
		DisableScriptedObjects (19ms)
		BackupInstance (0ms)
		ReleaseScriptingObjects (0ms)
		CreateAndSetChildDomain (65ms)
	RebuildCommonClasses (56ms)
	RebuildNativeTypeToScriptingClass (20ms)
	initialDomainReloadingComplete (42ms)
	LoadAllAssembliesAndSetupDomain (644ms)
		LoadAssemblies (499ms)
		RebuildTransferFunctionScriptingTraits (0ms)
		AnalyzeDomain (336ms)
			TypeCache.Refresh (13ms)
				TypeCache.ScanAssembly (1ms)
			BuildScriptInfoCaches (305ms)
			ResolveRequiredComponents (12ms)
	FinalizeReload (996ms)
		ReleaseScriptCaches (0ms)
		RebuildScriptCaches (0ms)
		SetupLoadedEditorAssemblies (755ms)
			LogAssemblyErrors (0ms)
			InitializePlatformSupportModulesInManaged (2ms)
			SetLoadedEditorAssemblies (5ms)
			BeforeProcessingInitializeOnLoad (210ms)
			ProcessInitializeOnLoadAttributes (421ms)
			ProcessInitializeOnLoadMethodAttributes (112ms)
			AfterProcessingInitializeOnLoad (3ms)
			EditorAssembliesLoaded (0ms)
		ExecutionOrderSort2 (0ms)
		AwakeInstancesAfterBackupRestoration (24ms)
Refreshing native plugins compatible for Editor in 3.02 ms, found 5 plugins.
Preloading 0 native plugins for Editor in 0.00 ms.
Unloading 16 Unused Serialized files (Serialized files now loaded: 0)
Unloading 7197 unused Assets / (4.3 MB). Loaded Objects now: 8537.
Memory consumption went from 164.4 MB to 160.1 MB.
Total: 14.158500 ms (FindLiveObjects: 1.161200 ms CreateObjectMapping: 0.451900 ms MarkObjects: 9.444000 ms  DeleteObjects: 3.099600 ms)

Prepare: number of updated asset objects reloaded= 0
========================================================================
Received Prepare
Refreshing native plugins compatible for Editor in 3.51 ms, found 5 plugins.
Preloading 0 native plugins for Editor in 0.00 ms.
Unloading 16 Unused Serialized files (Serialized files now loaded: 0)
Unloading 7182 unused Assets / (4.4 MB). Loaded Objects now: 8537.
Memory consumption went from 164.5 MB to 160.2 MB.
Total: 14.709900 ms (FindLiveObjects: 1.291000 ms CreateObjectMapping: 0.639400 ms MarkObjects: 8.998000 ms  DeleteObjects: 3.779300 ms)

Prepare: number of updated asset objects reloaded= 0
========================================================================
Received Prepare
Begin MonoManager ReloadAssembly
[Licensing::Client] Successfully resolved entitlement details
- Loaded All Assemblies, in  1.236 seconds
Refreshing native plugins compatible for Editor in 2.52 ms, found 5 plugins.
Native extension for WindowsStandalone target not found
[Package Manager] Failed to launch server process. Reason: Unity was launched with the -noUpm command-line argument
[Package Manager] Unable to send message (not connected to server process).
[Package Manager] Cannot connect to Unity Package Manager local server
[Package Manager] Failed to launch server process. Reason: Unity was launched with the -noUpm command-line argument
[Package Manager] Unable to send message (not connected to server process).
[Package Manager] Cannot connect to Unity Package Manager local server
ScheduleIndexationOnStartup MainProcess:False IndexOnStartup:True
Mono: successfully reloaded assembly
- Finished resetting the current domain, in  1.177 seconds
Domain Reload Profiling: 2416ms
	BeginReloadAssembly (361ms)
		ExecutionOrderSort (0ms)
		DisableScriptedObjects (22ms)
		BackupInstance (0ms)
		ReleaseScriptingObjects (0ms)
		CreateAndSetChildDomain (77ms)
	RebuildCommonClasses (65ms)
	RebuildNativeTypeToScriptingClass (19ms)
	initialDomainReloadingComplete (40ms)
	LoadAllAssembliesAndSetupDomain (754ms)
		LoadAssemblies (556ms)
		RebuildTransferFunctionScriptingTraits (0ms)
		AnalyzeDomain (380ms)
			TypeCache.Refresh (15ms)
				TypeCache.ScanAssembly (1ms)
			BuildScriptInfoCaches (340ms)
			ResolveRequiredComponents (17ms)
	FinalizeReload (1177ms)
		ReleaseScriptCaches (0ms)
		RebuildScriptCaches (0ms)
		SetupLoadedEditorAssemblies (933ms)
			LogAssemblyErrors (0ms)
			InitializePlatformSupportModulesInManaged (3ms)
			SetLoadedEditorAssemblies (6ms)
			BeforeProcessingInitializeOnLoad (212ms)
			ProcessInitializeOnLoadAttributes (586ms)
			ProcessInitializeOnLoadMethodAttributes (122ms)
			AfterProcessingInitializeOnLoad (3ms)
			EditorAssembliesLoaded (1ms)
		ExecutionOrderSort2 (0ms)
		AwakeInstancesAfterBackupRestoration (24ms)
Refreshing native plugins compatible for Editor in 7.90 ms, found 5 plugins.
Preloading 0 native plugins for Editor in 0.00 ms.
Unloading 16 Unused Serialized files (Serialized files now loaded: 0)
Unloading 7197 unused Assets / (4.5 MB). Loaded Objects now: 8540.
Memory consumption went from 164.4 MB to 159.9 MB.
Total: 22.190700 ms (FindLiveObjects: 1.620000 ms CreateObjectMapping: 0.927500 ms MarkObjects: 12.656500 ms  DeleteObjects: 6.984900 ms)

Prepare: number of updated asset objects reloaded= 0
========================================================================
Received Prepare
Refreshing native plugins compatible for Editor in 2.75 ms, found 5 plugins.
Preloading 0 native plugins for Editor in 0.00 ms.
Unloading 16 Unused Serialized files (Serialized files now loaded: 0)
Unloading 7182 unused Assets / (4.9 MB). Loaded Objects now: 8540.
Memory consumption went from 164.6 MB to 159.7 MB.
Total: 15.996500 ms (FindLiveObjects: 1.214400 ms CreateObjectMapping: 0.573800 ms MarkObjects: 6.953000 ms  DeleteObjects: 7.253900 ms)

Prepare: number of updated asset objects reloaded= 0
========================================================================
Received Prepare
Begin MonoManager ReloadAssembly
- Loaded All Assemblies, in  1.179 seconds
Refreshing native plugins compatible for Editor in 2.54 ms, found 5 plugins.
Native extension for WindowsStandalone target not found
[Package Manager] Failed to launch server process. Reason: Unity was launched with the -noUpm command-line argument
[Package Manager] Unable to send message (not connected to server process).
[Package Manager] Cannot connect to Unity Package Manager local server
[Package Manager] Failed to launch server process. Reason: Unity was launched with the -noUpm command-line argument
[Package Manager] Unable to send message (not connected to server process).
[Package Manager] Cannot connect to Unity Package Manager local server
ScheduleIndexationOnStartup MainProcess:False IndexOnStartup:True
Mono: successfully reloaded assembly
- Finished resetting the current domain, in  1.058 seconds
Domain Reload Profiling: 2242ms
	BeginReloadAssembly (352ms)
		ExecutionOrderSort (0ms)
		DisableScriptedObjects (18ms)
		BackupInstance (0ms)
		ReleaseScriptingObjects (0ms)
		CreateAndSetChildDomain (70ms)
	RebuildCommonClasses (50ms)
	RebuildNativeTypeToScriptingClass (21ms)
	initialDomainReloadingComplete (36ms)
	LoadAllAssembliesAndSetupDomain (723ms)
		LoadAssemblies (576ms)
		RebuildTransferFunctionScriptingTraits (0ms)
		AnalyzeDomain (341ms)
			TypeCache.Refresh (15ms)
				TypeCache.ScanAssembly (1ms)
			BuildScriptInfoCaches (306ms)
			ResolveRequiredComponents (12ms)
	FinalizeReload (1059ms)
		ReleaseScriptCaches (0ms)
		RebuildScriptCaches (0ms)
		SetupLoadedEditorAssemblies (786ms)
			LogAssemblyErrors (0ms)
			InitializePlatformSupportModulesInManaged (3ms)
			SetLoadedEditorAssemblies (7ms)
			BeforeProcessingInitializeOnLoad (200ms)
			ProcessInitializeOnLoadAttributes (452ms)
			ProcessInitializeOnLoadMethodAttributes (120ms)
			AfterProcessingInitializeOnLoad (3ms)
			EditorAssembliesLoaded (0ms)
		ExecutionOrderSort2 (0ms)
		AwakeInstancesAfterBackupRestoration (26ms)
Refreshing native plugins compatible for Editor in 2.51 ms, found 5 plugins.
Preloading 0 native plugins for Editor in 0.00 ms.
Unloading 16 Unused Serialized files (Serialized files now loaded: 0)
Unloading 7197 unused Assets / (5.4 MB). Loaded Objects now: 8543.
Memory consumption went from 164.5 MB to 159.1 MB.
Total: 13.013100 ms (FindLiveObjects: 1.145200 ms CreateObjectMapping: 0.438700 ms MarkObjects: 6.902500 ms  DeleteObjects: 4.525200 ms)

Prepare: number of updated asset objects reloaded= 0
========================================================================
Received Prepare
Refreshing native plugins compatible for Editor in 2.66 ms, found 5 plugins.
Preloading 0 native plugins for Editor in 0.00 ms.
Unloading 16 Unused Serialized files (Serialized files now loaded: 0)
Unloading 7182 unused Assets / (4.9 MB). Loaded Objects now: 8543.
Memory consumption went from 164.6 MB to 159.7 MB.
Total: 15.774500 ms (FindLiveObjects: 1.347400 ms CreateObjectMapping: 1.251100 ms MarkObjects: 8.856600 ms  DeleteObjects: 4.317800 ms)

Prepare: number of updated asset objects reloaded= 0
========================================================================
Received Prepare
Begin MonoManager ReloadAssembly
- Loaded All Assemblies, in  1.258 seconds
Refreshing native plugins compatible for Editor in 8.81 ms, found 5 plugins.
Native extension for WindowsStandalone target not found
[Package Manager] Failed to launch server process. Reason: Unity was launched with the -noUpm command-line argument
[Package Manager] Unable to send message (not connected to server process).
[Package Manager] Cannot connect to Unity Package Manager local server
[Package Manager] Failed to launch server process. Reason: Unity was launched with the -noUpm command-line argument
[Package Manager] Unable to send message (not connected to server process).
[Package Manager] Cannot connect to Unity Package Manager local server
ScheduleIndexationOnStartup MainProcess:False IndexOnStartup:True
Mono: successfully reloaded assembly
- Finished resetting the current domain, in  1.173 seconds
Domain Reload Profiling: 2435ms
	BeginReloadAssembly (402ms)
		ExecutionOrderSort (0ms)
		DisableScriptedObjects (23ms)
		BackupInstance (0ms)
		ReleaseScriptingObjects (0ms)
		CreateAndSetChildDomain (84ms)
	RebuildCommonClasses (72ms)
	RebuildNativeTypeToScriptingClass (27ms)
	initialDomainReloadingComplete (45ms)
	LoadAllAssembliesAndSetupDomain (716ms)
		LoadAssemblies (597ms)
		RebuildTransferFunctionScriptingTraits (0ms)
		AnalyzeDomain (338ms)
			TypeCache.Refresh (15ms)
				TypeCache.ScanAssembly (1ms)
			BuildScriptInfoCaches (300ms)
			ResolveRequiredComponents (16ms)
	FinalizeReload (1174ms)
		ReleaseScriptCaches (0ms)
		RebuildScriptCaches (0ms)
		SetupLoadedEditorAssemblies (916ms)
			LogAssemblyErrors (0ms)
			InitializePlatformSupportModulesInManaged (3ms)
			SetLoadedEditorAssemblies (6ms)
			BeforeProcessingInitializeOnLoad (231ms)
			ProcessInitializeOnLoadAttributes (552ms)
			ProcessInitializeOnLoadMethodAttributes (122ms)
			AfterProcessingInitializeOnLoad (2ms)
			EditorAssembliesLoaded (0ms)
		ExecutionOrderSort2 (0ms)
		AwakeInstancesAfterBackupRestoration (26ms)
Refreshing native plugins compatible for Editor in 3.80 ms, found 5 plugins.
Preloading 0 native plugins for Editor in 0.00 ms.
Unloading 16 Unused Serialized files (Serialized files now loaded: 0)
Unloading 7197 unused Assets / (4.3 MB). Loaded Objects now: 8546.
Memory consumption went from 164.5 MB to 160.2 MB.
Total: 13.814000 ms (FindLiveObjects: 1.385800 ms CreateObjectMapping: 0.807400 ms MarkObjects: 8.090500 ms  DeleteObjects: 3.528500 ms)

Prepare: number of updated asset objects reloaded= 0
========================================================================
Received Prepare
Refreshing native plugins compatible for Editor in 2.81 ms, found 5 plugins.
Preloading 0 native plugins for Editor in 0.00 ms.
Unloading 16 Unused Serialized files (Serialized files now loaded: 0)
Unloading 7182 unused Assets / (4.3 MB). Loaded Objects now: 8546.
Memory consumption went from 164.6 MB to 160.3 MB.
Total: 12.826000 ms (FindLiveObjects: 1.550400 ms CreateObjectMapping: 0.683300 ms MarkObjects: 7.166200 ms  DeleteObjects: 3.424100 ms)

Prepare: number of updated asset objects reloaded= 0
========================================================================
Received Prepare
Begin MonoManager ReloadAssembly
- Loaded All Assemblies, in  1.158 seconds
Refreshing native plugins compatible for Editor in 3.63 ms, found 5 plugins.
Native extension for WindowsStandalone target not found
[Package Manager] Failed to launch server process. Reason: Unity was launched with the -noUpm command-line argument
[Package Manager] Unable to send message (not connected to server process).
[Package Manager] Cannot connect to Unity Package Manager local server
[Package Manager] Failed to launch server process. Reason: Unity was launched with the -noUpm command-line argument
[Package Manager] Unable to send message (not connected to server process).
[Package Manager] Cannot connect to Unity Package Manager local server
ScheduleIndexationOnStartup MainProcess:False IndexOnStartup:True
Mono: successfully reloaded assembly
- Finished resetting the current domain, in  1.010 seconds
Domain Reload Profiling: 2173ms
	BeginReloadAssembly (377ms)
		ExecutionOrderSort (0ms)
		DisableScriptedObjects (22ms)
		BackupInstance (0ms)
		ReleaseScriptingObjects (0ms)
		CreateAndSetChildDomain (76ms)
	RebuildCommonClasses (62ms)
	RebuildNativeTypeToScriptingClass (23ms)
	initialDomainReloadingComplete (41ms)
	LoadAllAssembliesAndSetupDomain (659ms)
		LoadAssemblies (560ms)
		RebuildTransferFunctionScriptingTraits (0ms)
		AnalyzeDomain (299ms)
			TypeCache.Refresh (11ms)
				TypeCache.ScanAssembly (1ms)
			BuildScriptInfoCaches (270ms)
			ResolveRequiredComponents (12ms)
	FinalizeReload (1011ms)
		ReleaseScriptCaches (0ms)
		RebuildScriptCaches (0ms)
		SetupLoadedEditorAssemblies (797ms)
			LogAssemblyErrors (0ms)
			InitializePlatformSupportModulesInManaged (3ms)
			SetLoadedEditorAssemblies (7ms)
			BeforeProcessingInitializeOnLoad (199ms)
			ProcessInitializeOnLoadAttributes (466ms)
			ProcessInitializeOnLoadMethodAttributes (119ms)
			AfterProcessingInitializeOnLoad (3ms)
			EditorAssembliesLoaded (0ms)
		ExecutionOrderSort2 (0ms)
		AwakeInstancesAfterBackupRestoration (20ms)
Refreshing native plugins compatible for Editor in 3.28 ms, found 5 plugins.
Preloading 0 native plugins for Editor in 0.00 ms.
Unloading 16 Unused Serialized files (Serialized files now loaded: 0)
Unloading 7197 unused Assets / (4.7 MB). Loaded Objects now: 8549.
Memory consumption went from 164.6 MB to 159.8 MB.
Total: 12.804500 ms (FindLiveObjects: 1.407400 ms CreateObjectMapping: 0.705900 ms MarkObjects: 6.512900 ms  DeleteObjects: 4.176800 ms)

Prepare: number of updated asset objects reloaded= 0
========================================================================
Received Prepare
Refreshing native plugins compatible for Editor in 3.59 ms, found 5 plugins.
Preloading 0 native plugins for Editor in 0.00 ms.
Unloading 16 Unused Serialized files (Serialized files now loaded: 0)
Unloading 7182 unused Assets / (4.5 MB). Loaded Objects now: 8549.
Memory consumption went from 164.7 MB to 160.2 MB.
Total: 13.507600 ms (FindLiveObjects: 1.752300 ms CreateObjectMapping: 0.706000 ms MarkObjects: 7.046700 ms  DeleteObjects: 4.000700 ms)

Prepare: number of updated asset objects reloaded= 0
========================================================================
Received Prepare
Begin MonoManager ReloadAssembly
[Licensing::Client] Successfully resolved entitlement details
- Loaded All Assemblies, in  1.213 seconds
Refreshing native plugins compatible for Editor in 3.69 ms, found 5 plugins.
Native extension for WindowsStandalone target not found
[Package Manager] Failed to launch server process. Reason: Unity was launched with the -noUpm command-line argument
[Package Manager] Unable to send message (not connected to server process).
[Package Manager] Cannot connect to Unity Package Manager local server
[Package Manager] Failed to launch server process. Reason: Unity was launched with the -noUpm command-line argument
[Package Manager] Unable to send message (not connected to server process).
[Package Manager] Cannot connect to Unity Package Manager local server
ScheduleIndexationOnStartup MainProcess:False IndexOnStartup:True
Mono: successfully reloaded assembly
- Finished resetting the current domain, in  1.007 seconds
Domain Reload Profiling: 2225ms
	BeginReloadAssembly (385ms)
		ExecutionOrderSort (0ms)
		DisableScriptedObjects (21ms)
		BackupInstance (0ms)
		ReleaseScriptingObjects (0ms)
		CreateAndSetChildDomain (80ms)
	RebuildCommonClasses (67ms)
	RebuildNativeTypeToScriptingClass (20ms)
	initialDomainReloadingComplete (39ms)
	LoadAllAssembliesAndSetupDomain (707ms)
		LoadAssemblies (569ms)
		RebuildTransferFunctionScriptingTraits (0ms)
		AnalyzeDomain (344ms)
			TypeCache.Refresh (15ms)
				TypeCache.ScanAssembly (1ms)
			BuildScriptInfoCaches (302ms)
			ResolveRequiredComponents (19ms)
	FinalizeReload (1007ms)
		ReleaseScriptCaches (0ms)
		RebuildScriptCaches (0ms)
		SetupLoadedEditorAssemblies (798ms)
			LogAssemblyErrors (0ms)
			InitializePlatformSupportModulesInManaged (2ms)
			SetLoadedEditorAssemblies (7ms)
			BeforeProcessingInitializeOnLoad (202ms)
			ProcessInitializeOnLoadAttributes (484ms)
			ProcessInitializeOnLoadMethodAttributes (101ms)
			AfterProcessingInitializeOnLoad (2ms)
			EditorAssembliesLoaded (0ms)
		ExecutionOrderSort2 (0ms)
		AwakeInstancesAfterBackupRestoration (18ms)
Refreshing native plugins compatible for Editor in 3.40 ms, found 5 plugins.
Preloading 0 native plugins for Editor in 0.00 ms.
Unloading 16 Unused Serialized files (Serialized files now loaded: 0)
Unloading 7197 unused Assets / (4.6 MB). Loaded Objects now: 8552.
Memory consumption went from 164.6 MB to 160.0 MB.
Total: 11.972200 ms (FindLiveObjects: 1.381600 ms CreateObjectMapping: 0.639500 ms MarkObjects: 6.136900 ms  DeleteObjects: 3.813000 ms)

Prepare: number of updated asset objects reloaded= 0
========================================================================
Received Prepare
Refreshing native plugins compatible for Editor in 4.18 ms, found 5 plugins.
Preloading 0 native plugins for Editor in 0.00 ms.
Unloading 16 Unused Serialized files (Serialized files now loaded: 0)
Unloading 7182 unused Assets / (4.5 MB). Loaded Objects now: 8552.
Memory consumption went from 164.7 MB to 160.3 MB.
Total: 12.738200 ms (FindLiveObjects: 1.255800 ms CreateObjectMapping: 0.698700 ms MarkObjects: 6.735600 ms  DeleteObjects: 4.045800 ms)

Prepare: number of updated asset objects reloaded= 0
========================================================================
Received Prepare
Begin MonoManager ReloadAssembly
[Licensing::Client] Successfully resolved entitlement details
- Loaded All Assemblies, in  1.297 seconds
Refreshing native plugins compatible for Editor in 2.98 ms, found 5 plugins.
Native extension for WindowsStandalone target not found
[Package Manager] Failed to launch server process. Reason: Unity was launched with the -noUpm command-line argument
[Package Manager] Unable to send message (not connected to server process).
[Package Manager] Cannot connect to Unity Package Manager local server
[Package Manager] Failed to launch server process. Reason: Unity was launched with the -noUpm command-line argument
[Package Manager] Unable to send message (not connected to server process).
[Package Manager] Cannot connect to Unity Package Manager local server
ScheduleIndexationOnStartup MainProcess:False IndexOnStartup:True
Mono: successfully reloaded assembly
- Finished resetting the current domain, in  1.027 seconds
Domain Reload Profiling: 2329ms
	BeginReloadAssembly (391ms)
		ExecutionOrderSort (0ms)
		DisableScriptedObjects (25ms)
		BackupInstance (0ms)
		ReleaseScriptingObjects (0ms)
		CreateAndSetChildDomain (76ms)
	RebuildCommonClasses (71ms)
	RebuildNativeTypeToScriptingClass (26ms)
	initialDomainReloadingComplete (46ms)
	LoadAllAssembliesAndSetupDomain (768ms)
		LoadAssemblies (591ms)
		RebuildTransferFunctionScriptingTraits (0ms)
		AnalyzeDomain (384ms)
			TypeCache.Refresh (16ms)
				TypeCache.ScanAssembly (1ms)
			BuildScriptInfoCaches (346ms)
			ResolveRequiredComponents (15ms)
	FinalizeReload (1027ms)
		ReleaseScriptCaches (0ms)
		RebuildScriptCaches (0ms)
		SetupLoadedEditorAssemblies (775ms)
			LogAssemblyErrors (0ms)
			InitializePlatformSupportModulesInManaged (3ms)
			SetLoadedEditorAssemblies (6ms)
			BeforeProcessingInitializeOnLoad (188ms)
			ProcessInitializeOnLoadAttributes (462ms)
			ProcessInitializeOnLoadMethodAttributes (113ms)
			AfterProcessingInitializeOnLoad (3ms)
			EditorAssembliesLoaded (0ms)
		ExecutionOrderSort2 (0ms)
		AwakeInstancesAfterBackupRestoration (25ms)
Refreshing native plugins compatible for Editor in 3.33 ms, found 5 plugins.
Preloading 0 native plugins for Editor in 0.00 ms.
Unloading 16 Unused Serialized files (Serialized files now loaded: 0)
Unloading 7197 unused Assets / (4.6 MB). Loaded Objects now: 8555.
Memory consumption went from 164.7 MB to 160.1 MB.
Total: 13.556300 ms (FindLiveObjects: 1.388700 ms CreateObjectMapping: 0.689700 ms MarkObjects: 7.798000 ms  DeleteObjects: 3.678200 ms)

Prepare: number of updated asset objects reloaded= 0
========================================================================
Received Prepare
Refreshing native plugins compatible for Editor in 2.42 ms, found 5 plugins.
Preloading 0 native plugins for Editor in 0.00 ms.
Unloading 16 Unused Serialized files (Serialized files now loaded: 0)
Unloading 7182 unused Assets / (4.3 MB). Loaded Objects now: 8555.
Memory consumption went from 164.8 MB to 160.4 MB.
Total: 14.564100 ms (FindLiveObjects: 1.622700 ms CreateObjectMapping: 1.027200 ms MarkObjects: 8.286200 ms  DeleteObjects: 3.626400 ms)

Prepare: number of updated asset objects reloaded= 0
========================================================================
Received Prepare
Begin MonoManager ReloadAssembly
- Loaded All Assemblies, in  1.163 seconds
Refreshing native plugins compatible for Editor in 2.39 ms, found 5 plugins.
Native extension for WindowsStandalone target not found
[Package Manager] Failed to launch server process. Reason: Unity was launched with the -noUpm command-line argument
[Package Manager] Unable to send message (not connected to server process).
[Package Manager] Cannot connect to Unity Package Manager local server
[Package Manager] Failed to launch server process. Reason: Unity was launched with the -noUpm command-line argument
[Package Manager] Unable to send message (not connected to server process).
[Package Manager] Cannot connect to Unity Package Manager local server
ScheduleIndexationOnStartup MainProcess:False IndexOnStartup:True
Mono: successfully reloaded assembly
- Finished resetting the current domain, in  1.012 seconds
Domain Reload Profiling: 2180ms
	BeginReloadAssembly (342ms)
		ExecutionOrderSort (0ms)
		DisableScriptedObjects (17ms)
		BackupInstance (0ms)
		ReleaseScriptingObjects (0ms)
		CreateAndSetChildDomain (69ms)
	RebuildCommonClasses (62ms)
	RebuildNativeTypeToScriptingClass (19ms)
	initialDomainReloadingComplete (38ms)
	LoadAllAssembliesAndSetupDomain (707ms)
		LoadAssemblies (565ms)
		RebuildTransferFunctionScriptingTraits (0ms)
		AnalyzeDomain (323ms)
			TypeCache.Refresh (16ms)
				TypeCache.ScanAssembly (1ms)
			BuildScriptInfoCaches (289ms)
			ResolveRequiredComponents (12ms)
	FinalizeReload (1013ms)
		ReleaseScriptCaches (0ms)
		RebuildScriptCaches (0ms)
		SetupLoadedEditorAssemblies (790ms)
			LogAssemblyErrors (0ms)
			InitializePlatformSupportModulesInManaged (3ms)
			SetLoadedEditorAssemblies (7ms)
			BeforeProcessingInitializeOnLoad (194ms)
			ProcessInitializeOnLoadAttributes (476ms)
			ProcessInitializeOnLoadMethodAttributes (105ms)
			AfterProcessingInitializeOnLoad (3ms)
			EditorAssembliesLoaded (1ms)
		ExecutionOrderSort2 (0ms)
		AwakeInstancesAfterBackupRestoration (22ms)
Refreshing native plugins compatible for Editor in 4.67 ms, found 5 plugins.
Preloading 0 native plugins for Editor in 0.00 ms.
Unloading 16 Unused Serialized files (Serialized files now loaded: 0)
Unloading 7197 unused Assets / (4.2 MB). Loaded Objects now: 8558.
Memory consumption went from 164.7 MB to 160.5 MB.
Total: 12.967300 ms (FindLiveObjects: 1.283900 ms CreateObjectMapping: 1.208600 ms MarkObjects: 7.204100 ms  DeleteObjects: 3.269200 ms)

Prepare: number of updated asset objects reloaded= 0
========================================================================
Received Prepare
Refreshing native plugins compatible for Editor in 3.63 ms, found 5 plugins.
Preloading 0 native plugins for Editor in 0.00 ms.
Unloading 16 Unused Serialized files (Serialized files now loaded: 0)
Unloading 7182 unused Assets / (4.8 MB). Loaded Objects now: 8558.
Memory consumption went from 164.8 MB to 160.0 MB.
Total: 18.278700 ms (FindLiveObjects: 1.783200 ms CreateObjectMapping: 1.413500 ms MarkObjects: 10.283800 ms  DeleteObjects: 4.794900 ms)

Prepare: number of updated asset objects reloaded= 0
========================================================================
Received Prepare
Begin MonoManager ReloadAssembly
- Loaded All Assemblies, in  1.255 seconds
Refreshing native plugins compatible for Editor in 2.41 ms, found 5 plugins.
Native extension for WindowsStandalone target not found
[Package Manager] Failed to launch server process. Reason: Unity was launched with the -noUpm command-line argument
[Package Manager] Unable to send message (not connected to server process).
[Package Manager] Cannot connect to Unity Package Manager local server
[Package Manager] Failed to launch server process. Reason: Unity was launched with the -noUpm command-line argument
[Package Manager] Unable to send message (not connected to server process).
[Package Manager] Cannot connect to Unity Package Manager local server
ScheduleIndexationOnStartup MainProcess:False IndexOnStartup:True
Mono: successfully reloaded assembly
- Finished resetting the current domain, in  1.017 seconds
Domain Reload Profiling: 2276ms
	BeginReloadAssembly (362ms)
		ExecutionOrderSort (0ms)
		DisableScriptedObjects (16ms)
		BackupInstance (0ms)
		ReleaseScriptingObjects (0ms)
		CreateAndSetChildDomain (79ms)
	RebuildCommonClasses (60ms)
	RebuildNativeTypeToScriptingClass (22ms)
	initialDomainReloadingComplete (43ms)
	LoadAllAssembliesAndSetupDomain (772ms)
		LoadAssemblies (601ms)
		RebuildTransferFunctionScriptingTraits (0ms)
		AnalyzeDomain (356ms)
			TypeCache.Refresh (15ms)
				TypeCache.ScanAssembly (1ms)
			BuildScriptInfoCaches (315ms)
			ResolveRequiredComponents (18ms)
	FinalizeReload (1017ms)
		ReleaseScriptCaches (0ms)
		RebuildScriptCaches (0ms)
		SetupLoadedEditorAssemblies (790ms)
			LogAssemblyErrors (0ms)
			InitializePlatformSupportModulesInManaged (2ms)
			SetLoadedEditorAssemblies (7ms)
			BeforeProcessingInitializeOnLoad (198ms)
			ProcessInitializeOnLoadAttributes (483ms)
			ProcessInitializeOnLoadMethodAttributes (97ms)
			AfterProcessingInitializeOnLoad (2ms)
			EditorAssembliesLoaded (0ms)
		ExecutionOrderSort2 (0ms)
		AwakeInstancesAfterBackupRestoration (23ms)
Refreshing native plugins compatible for Editor in 2.84 ms, found 5 plugins.
Preloading 0 native plugins for Editor in 0.00 ms.
Unloading 16 Unused Serialized files (Serialized files now loaded: 0)
Unloading 7197 unused Assets / (4.4 MB). Loaded Objects now: 8561.
Memory consumption went from 164.7 MB to 160.3 MB.
Total: 12.361700 ms (FindLiveObjects: 1.197500 ms CreateObjectMapping: 0.600200 ms MarkObjects: 6.954500 ms  DeleteObjects: 3.607900 ms)

Prepare: number of updated asset objects reloaded= 0
========================================================================
Received Prepare
Refreshing native plugins compatible for Editor in 3.75 ms, found 5 plugins.
Preloading 0 native plugins for Editor in 0.00 ms.
Unloading 16 Unused Serialized files (Serialized files now loaded: 0)
Unloading 7182 unused Assets / (4.5 MB). Loaded Objects now: 8561.
Memory consumption went from 164.9 MB to 160.4 MB.
Total: 13.475200 ms (FindLiveObjects: 1.496600 ms CreateObjectMapping: 1.002300 ms MarkObjects: 7.104800 ms  DeleteObjects: 3.869600 ms)

Prepare: number of updated asset objects reloaded= 0
========================================================================
Received Prepare
Begin MonoManager ReloadAssembly
[Licensing::Client] Successfully resolved entitlement details
- Loaded All Assemblies, in  1.243 seconds
Refreshing native plugins compatible for Editor in 3.45 ms, found 5 plugins.
Native extension for WindowsStandalone target not found
[Package Manager] Failed to launch server process. Reason: Unity was launched with the -noUpm command-line argument
[Package Manager] Unable to send message (not connected to server process).
[Package Manager] Cannot connect to Unity Package Manager local server
[Package Manager] Failed to launch server process. Reason: Unity was launched with the -noUpm command-line argument
[Package Manager] Unable to send message (not connected to server process).
[Package Manager] Cannot connect to Unity Package Manager local server
ScheduleIndexationOnStartup MainProcess:False IndexOnStartup:True
Mono: successfully reloaded assembly
- Finished resetting the current domain, in  1.017 seconds
Domain Reload Profiling: 2264ms
	BeginReloadAssembly (390ms)
		ExecutionOrderSort (0ms)
		DisableScriptedObjects (22ms)
		BackupInstance (0ms)
		ReleaseScriptingObjects (0ms)
		CreateAndSetChildDomain (76ms)
	RebuildCommonClasses (66ms)
	RebuildNativeTypeToScriptingClass (25ms)
	initialDomainReloadingComplete (42ms)
	LoadAllAssembliesAndSetupDomain (724ms)
		LoadAssemblies (590ms)
		RebuildTransferFunctionScriptingTraits (0ms)
		AnalyzeDomain (343ms)
			TypeCache.Refresh (14ms)
				TypeCache.ScanAssembly (1ms)
			BuildScriptInfoCaches (305ms)
			ResolveRequiredComponents (17ms)
	FinalizeReload (1017ms)
		ReleaseScriptCaches (0ms)
		RebuildScriptCaches (0ms)
		SetupLoadedEditorAssemblies (812ms)
			LogAssemblyErrors (0ms)
			InitializePlatformSupportModulesInManaged (3ms)
			SetLoadedEditorAssemblies (6ms)
			BeforeProcessingInitializeOnLoad (214ms)
			ProcessInitializeOnLoadAttributes (487ms)
			ProcessInitializeOnLoadMethodAttributes (99ms)
			AfterProcessingInitializeOnLoad (2ms)
			EditorAssembliesLoaded (0ms)
		ExecutionOrderSort2 (0ms)
		AwakeInstancesAfterBackupRestoration (19ms)
Refreshing native plugins compatible for Editor in 2.59 ms, found 5 plugins.
Preloading 0 native plugins for Editor in 0.00 ms.
Unloading 16 Unused Serialized files (Serialized files now loaded: 0)
Unloading 7197 unused Assets / (5.3 MB). Loaded Objects now: 8564.
Memory consumption went from 164.8 MB to 159.5 MB.
Total: 13.728500 ms (FindLiveObjects: 1.147700 ms CreateObjectMapping: 0.512600 ms MarkObjects: 7.996800 ms  DeleteObjects: 4.069800 ms)

Prepare: number of updated asset objects reloaded= 0
========================================================================
Received Prepare
Refreshing native plugins compatible for Editor in 2.64 ms, found 5 plugins.
Preloading 0 native plugins for Editor in 0.00 ms.
Unloading 16 Unused Serialized files (Serialized files now loaded: 0)
Unloading 7182 unused Assets / (4.2 MB). Loaded Objects now: 8564.
Memory consumption went from 164.9 MB to 160.7 MB.
Total: 13.796900 ms (FindLiveObjects: 1.138300 ms CreateObjectMapping: 0.540300 ms MarkObjects: 8.102300 ms  DeleteObjects: 4.014100 ms)

Prepare: number of updated asset objects reloaded= 0
========================================================================
Received Prepare
Refreshing native plugins compatible for Editor in 3.09 ms, found 5 plugins.
Preloading 0 native plugins for Editor in 0.00 ms.
Unloading 16 Unused Serialized files (Serialized files now loaded: 0)
Unloading 7182 unused Assets / (4.2 MB). Loaded Objects now: 8564.
Memory consumption went from 164.9 MB to 160.7 MB.
Total: 13.097300 ms (FindLiveObjects: 1.162800 ms CreateObjectMapping: 0.467300 ms MarkObjects: 7.720200 ms  DeleteObjects: 3.744700 ms)

Prepare: number of updated asset objects reloaded= 0
========================================================================
Received Prepare
Begin MonoManager ReloadAssembly
[Licensing::Client] Successfully resolved entitlement details
- Loaded All Assemblies, in  1.127 seconds
Refreshing native plugins compatible for Editor in 4.05 ms, found 5 plugins.
Native extension for WindowsStandalone target not found
[Package Manager] Failed to launch server process. Reason: Unity was launched with the -noUpm command-line argument
[Package Manager] Unable to send message (not connected to server process).
[Package Manager] Cannot connect to Unity Package Manager local server
[Package Manager] Failed to launch server process. Reason: Unity was launched with the -noUpm command-line argument
[Package Manager] Unable to send message (not connected to server process).
[Package Manager] Cannot connect to Unity Package Manager local server
ScheduleIndexationOnStartup MainProcess:False IndexOnStartup:True
Mono: successfully reloaded assembly
- Finished resetting the current domain, in  1.083 seconds
Domain Reload Profiling: 2216ms
	BeginReloadAssembly (329ms)
		ExecutionOrderSort (0ms)
		DisableScriptedObjects (19ms)
		BackupInstance (0ms)
		ReleaseScriptingObjects (0ms)
		CreateAndSetChildDomain (64ms)
	RebuildCommonClasses (51ms)
	RebuildNativeTypeToScriptingClass (17ms)
	initialDomainReloadingComplete (34ms)
	LoadAllAssembliesAndSetupDomain (701ms)
		LoadAssemblies (548ms)
		RebuildTransferFunctionScriptingTraits (0ms)
		AnalyzeDomain (325ms)
			TypeCache.Refresh (12ms)
				TypeCache.ScanAssembly (1ms)
			BuildScriptInfoCaches (294ms)
			ResolveRequiredComponents (12ms)
	FinalizeReload (1084ms)
		ReleaseScriptCaches (0ms)
		RebuildScriptCaches (0ms)
		SetupLoadedEditorAssemblies (840ms)
			LogAssemblyErrors (0ms)
			InitializePlatformSupportModulesInManaged (2ms)
			SetLoadedEditorAssemblies (6ms)
			BeforeProcessingInitializeOnLoad (218ms)
			ProcessInitializeOnLoadAttributes (504ms)
			ProcessInitializeOnLoadMethodAttributes (107ms)
			AfterProcessingInitializeOnLoad (2ms)
			EditorAssembliesLoaded (0ms)
		ExecutionOrderSort2 (0ms)
		AwakeInstancesAfterBackupRestoration (22ms)
Refreshing native plugins compatible for Editor in 2.93 ms, found 5 plugins.
Preloading 0 native plugins for Editor in 0.00 ms.
Unloading 16 Unused Serialized files (Serialized files now loaded: 0)
Unloading 7197 unused Assets / (4.7 MB). Loaded Objects now: 8567.
Memory consumption went from 164.8 MB to 160.2 MB.
Total: 12.947600 ms (FindLiveObjects: 1.320800 ms CreateObjectMapping: 0.648000 ms MarkObjects: 6.411100 ms  DeleteObjects: 4.566000 ms)

Prepare: number of updated asset objects reloaded= 0
========================================================================
Received Prepare
Refreshing native plugins compatible for Editor in 3.62 ms, found 5 plugins.
Preloading 0 native plugins for Editor in 0.00 ms.
Unloading 16 Unused Serialized files (Serialized files now loaded: 0)
Unloading 7182 unused Assets / (4.3 MB). Loaded Objects now: 8567.
Memory consumption went from 165.0 MB to 160.6 MB.
Total: 15.638600 ms (FindLiveObjects: 1.694300 ms CreateObjectMapping: 1.651400 ms MarkObjects: 8.899100 ms  DeleteObjects: 3.392400 ms)

Prepare: number of updated asset objects reloaded= 0
========================================================================
Received Prepare
Refreshing native plugins compatible for Editor in 3.35 ms, found 5 plugins.
Preloading 0 native plugins for Editor in 0.00 ms.
Unloading 16 Unused Serialized files (Serialized files now loaded: 0)
Unloading 7182 unused Assets / (4.6 MB). Loaded Objects now: 8567.
Memory consumption went from 165.0 MB to 160.3 MB.
Total: 16.405600 ms (FindLiveObjects: 1.907000 ms CreateObjectMapping: 1.671200 ms MarkObjects: 8.556200 ms  DeleteObjects: 4.268700 ms)

Prepare: number of updated asset objects reloaded= 0
========================================================================
Received Prepare
Begin MonoManager ReloadAssembly
[Licensing::Client] Successfully resolved entitlement details
- Loaded All Assemblies, in  1.159 seconds
Refreshing native plugins compatible for Editor in 2.36 ms, found 5 plugins.
Native extension for WindowsStandalone target not found
[Package Manager] Failed to launch server process. Reason: Unity was launched with the -noUpm command-line argument
[Package Manager] Unable to send message (not connected to server process).
[Package Manager] Cannot connect to Unity Package Manager local server
[Package Manager] Failed to launch server process. Reason: Unity was launched with the -noUpm command-line argument
[Package Manager] Unable to send message (not connected to server process).
[Package Manager] Cannot connect to Unity Package Manager local server
ScheduleIndexationOnStartup MainProcess:False IndexOnStartup:True
Mono: successfully reloaded assembly
- Finished resetting the current domain, in  1.009 seconds
Domain Reload Profiling: 2173ms
	BeginReloadAssembly (332ms)
		ExecutionOrderSort (0ms)
		DisableScriptedObjects (17ms)
		BackupInstance (0ms)
		ReleaseScriptingObjects (0ms)
		CreateAndSetChildDomain (57ms)
	RebuildCommonClasses (46ms)
	RebuildNativeTypeToScriptingClass (17ms)
	initialDomainReloadingComplete (41ms)
	LoadAllAssembliesAndSetupDomain (728ms)
		LoadAssemblies (591ms)
		RebuildTransferFunctionScriptingTraits (0ms)
		AnalyzeDomain (327ms)
			TypeCache.Refresh (15ms)
				TypeCache.ScanAssembly (1ms)
			BuildScriptInfoCaches (286ms)
			ResolveRequiredComponents (18ms)
	FinalizeReload (1009ms)
		ReleaseScriptCaches (0ms)
		RebuildScriptCaches (0ms)
		SetupLoadedEditorAssemblies (799ms)
			LogAssemblyErrors (0ms)
			InitializePlatformSupportModulesInManaged (4ms)
			SetLoadedEditorAssemblies (8ms)
			BeforeProcessingInitializeOnLoad (175ms)
			ProcessInitializeOnLoadAttributes (494ms)
			ProcessInitializeOnLoadMethodAttributes (115ms)
			AfterProcessingInitializeOnLoad (2ms)
			EditorAssembliesLoaded (0ms)
		ExecutionOrderSort2 (0ms)
		AwakeInstancesAfterBackupRestoration (19ms)
Refreshing native plugins compatible for Editor in 2.67 ms, found 5 plugins.
Preloading 0 native plugins for Editor in 0.00 ms.
Unloading 16 Unused Serialized files (Serialized files now loaded: 0)
Unloading 7197 unused Assets / (4.4 MB). Loaded Objects now: 8570.
Memory consumption went from 164.9 MB to 160.5 MB.
Total: 12.120000 ms (FindLiveObjects: 1.446800 ms CreateObjectMapping: 0.615300 ms MarkObjects: 6.187300 ms  DeleteObjects: 3.868800 ms)

Prepare: number of updated asset objects reloaded= 0
========================================================================
Received Prepare
Begin MonoManager ReloadAssembly
- Loaded All Assemblies, in  1.085 seconds
Refreshing native plugins compatible for Editor in 2.52 ms, found 5 plugins.
Native extension for WindowsStandalone target not found
[Package Manager] Failed to launch server process. Reason: Unity was launched with the -noUpm command-line argument
[Package Manager] Unable to send message (not connected to server process).
[Package Manager] Cannot connect to Unity Package Manager local server
[Package Manager] Failed to launch server process. Reason: Unity was launched with the -noUpm command-line argument
[Package Manager] Unable to send message (not connected to server process).
[Package Manager] Cannot connect to Unity Package Manager local server
ScheduleIndexationOnStartup MainProcess:False IndexOnStartup:True
Mono: successfully reloaded assembly
- Finished resetting the current domain, in  0.946 seconds
Domain Reload Profiling: 2035ms
	BeginReloadAssembly (333ms)
		ExecutionOrderSort (0ms)
		DisableScriptedObjects (17ms)
		BackupInstance (0ms)
		ReleaseScriptingObjects (0ms)
		CreateAndSetChildDomain (56ms)
	RebuildCommonClasses (64ms)
	RebuildNativeTypeToScriptingClass (17ms)
	initialDomainReloadingComplete (31ms)
	LoadAllAssembliesAndSetupDomain (643ms)
		LoadAssemblies (534ms)
		RebuildTransferFunctionScriptingTraits (0ms)
		AnalyzeDomain (306ms)
			TypeCache.Refresh (14ms)
				TypeCache.ScanAssembly (1ms)
			BuildScriptInfoCaches (273ms)
			ResolveRequiredComponents (13ms)
	FinalizeReload (946ms)
		ReleaseScriptCaches (0ms)
		RebuildScriptCaches (0ms)
		SetupLoadedEditorAssemblies (717ms)
			LogAssemblyErrors (0ms)
			InitializePlatformSupportModulesInManaged (3ms)
			SetLoadedEditorAssemblies (7ms)
			BeforeProcessingInitializeOnLoad (184ms)
			ProcessInitializeOnLoadAttributes (410ms)
			ProcessInitializeOnLoadMethodAttributes (108ms)
			AfterProcessingInitializeOnLoad (3ms)
			EditorAssembliesLoaded (0ms)
		ExecutionOrderSort2 (0ms)
		AwakeInstancesAfterBackupRestoration (27ms)
Refreshing native plugins compatible for Editor in 2.78 ms, found 5 plugins.
Preloading 0 native plugins for Editor in 0.00 ms.
Unloading 16 Unused Serialized files (Serialized files now loaded: 0)
Unloading 7197 unused Assets / (4.1 MB). Loaded Objects now: 8573.
Memory consumption went from 164.9 MB to 160.8 MB.
Total: 11.510000 ms (FindLiveObjects: 1.142000 ms CreateObjectMapping: 0.936100 ms MarkObjects: 6.317500 ms  DeleteObjects: 3.112500 ms)

Prepare: number of updated asset objects reloaded= 0
========================================================================
Received Import Request.
  Time since last request: 2881.768528 seconds.
  path: Assets/Prefabs/Enemy/Debris.prefab
  artifactKey: Guid(a9075c97819311b429a84e0ad8d37864) Importer(815301076,1909f56bfc062723c751e8b465ee728b)
Start importing Assets/Prefabs/Enemy/Debris.prefab using Guid(a9075c97819311b429a84e0ad8d37864) Importer(815301076,1909f56bfc062723c751e8b465ee728b) (PreviewImporter) -> (artifact id: '1dc9149490186f56bfe216fb0d80ba2b') in 0.8521323 seconds
Number of updated asset objects reloaded before import = 0Number of asset objects unloaded after import = 11

========================================================================
Received Prepare
Refreshing native plugins compatible for Editor in 3.30 ms, found 5 plugins.
Preloading 0 native plugins for Editor in 0.00 ms.
Unloading 16 Unused Serialized files (Serialized files now loaded: 0)
Unloading 7182 unused Assets / (4.1 MB). Loaded Objects now: 8666.
Memory consumption went from 165.6 MB to 161.6 MB.
Total: 13.275800 ms (FindLiveObjects: 1.195000 ms CreateObjectMapping: 0.641600 ms MarkObjects: 8.327700 ms  DeleteObjects: 3.109900 ms)

Prepare: number of updated asset objects reloaded= 0
========================================================================
Received Prepare
Begin MonoManager ReloadAssembly
[Licensing::Client] Successfully resolved entitlement details
- Loaded All Assemblies, in  1.183 seconds
Refreshing native plugins compatible for Editor in 3.70 ms, found 5 plugins.
Native extension for WindowsStandalone target not found
[Package Manager] Failed to launch server process. Reason: Unity was launched with the -noUpm command-line argument
[Package Manager] Unable to send message (not connected to server process).
[Package Manager] Cannot connect to Unity Package Manager local server
[Package Manager] Failed to launch server process. Reason: Unity was launched with the -noUpm command-line argument
[Package Manager] Unable to send message (not connected to server process).
[Package Manager] Cannot connect to Unity Package Manager local server
ScheduleIndexationOnStartup MainProcess:False IndexOnStartup:True
Mono: successfully reloaded assembly
- Finished resetting the current domain, in  1.150 seconds
Domain Reload Profiling: 2339ms
	BeginReloadAssembly (383ms)
		ExecutionOrderSort (0ms)
		DisableScriptedObjects (37ms)
		BackupInstance (0ms)
		ReleaseScriptingObjects (0ms)
		CreateAndSetChildDomain (83ms)
	RebuildCommonClasses (52ms)
	RebuildNativeTypeToScriptingClass (20ms)
	initialDomainReloadingComplete (34ms)
	LoadAllAssembliesAndSetupDomain (699ms)
		LoadAssemblies (537ms)
		RebuildTransferFunctionScriptingTraits (0ms)
		AnalyzeDomain (352ms)
			TypeCache.Refresh (16ms)
				TypeCache.ScanAssembly (1ms)
			BuildScriptInfoCaches (316ms)
			ResolveRequiredComponents (14ms)
	FinalizeReload (1151ms)
		ReleaseScriptCaches (0ms)
		RebuildScriptCaches (0ms)
		SetupLoadedEditorAssemblies (897ms)
			LogAssemblyErrors (0ms)
			InitializePlatformSupportModulesInManaged (4ms)
			SetLoadedEditorAssemblies (7ms)
			BeforeProcessingInitializeOnLoad (245ms)
			ProcessInitializeOnLoadAttributes (522ms)
			ProcessInitializeOnLoadMethodAttributes (116ms)
			AfterProcessingInitializeOnLoad (3ms)
			EditorAssembliesLoaded (0ms)
		ExecutionOrderSort2 (0ms)
		AwakeInstancesAfterBackupRestoration (25ms)
Refreshing native plugins compatible for Editor in 2.99 ms, found 5 plugins.
Preloading 0 native plugins for Editor in 0.00 ms.
Unloading 16 Unused Serialized files (Serialized files now loaded: 0)
Unloading 7197 unused Assets / (4.2 MB). Loaded Objects now: 8596.
Memory consumption went from 165.1 MB to 161.0 MB.
Total: 10.779600 ms (FindLiveObjects: 1.135600 ms CreateObjectMapping: 0.453600 ms MarkObjects: 6.086800 ms  DeleteObjects: 3.102100 ms)

Prepare: number of updated asset objects reloaded= 0
========================================================================
Received Prepare
Refreshing native plugins compatible for Editor in 4.72 ms, found 5 plugins.
Preloading 0 native plugins for Editor in 0.00 ms.
Unloading 16 Unused Serialized files (Serialized files now loaded: 0)
Unloading 7182 unused Assets / (4.4 MB). Loaded Objects now: 8596.
Memory consumption went from 165.1 MB to 160.7 MB.
Total: 14.304800 ms (FindLiveObjects: 1.893100 ms CreateObjectMapping: 1.384100 ms MarkObjects: 6.679000 ms  DeleteObjects: 4.346700 ms)

Prepare: number of updated asset objects reloaded= 0
========================================================================
Received Prepare
Begin MonoManager ReloadAssembly
[Licensing::Client] Successfully resolved entitlement details
- Loaded All Assemblies, in  1.192 seconds
Refreshing native plugins compatible for Editor in 3.55 ms, found 5 plugins.
Native extension for WindowsStandalone target not found
[Package Manager] Failed to launch server process. Reason: Unity was launched with the -noUpm command-line argument
[Package Manager] Unable to send message (not connected to server process).
[Package Manager] Cannot connect to Unity Package Manager local server
[Package Manager] Failed to launch server process. Reason: Unity was launched with the -noUpm command-line argument
[Package Manager] Unable to send message (not connected to server process).
[Package Manager] Cannot connect to Unity Package Manager local server
ScheduleIndexationOnStartup MainProcess:False IndexOnStartup:True
Mono: successfully reloaded assembly
- Finished resetting the current domain, in  1.031 seconds
Domain Reload Profiling: 2226ms
	BeginReloadAssembly (362ms)
		ExecutionOrderSort (0ms)
		DisableScriptedObjects (26ms)
		BackupInstance (0ms)
		ReleaseScriptingObjects (0ms)
		CreateAndSetChildDomain (62ms)
	RebuildCommonClasses (59ms)
	RebuildNativeTypeToScriptingClass (21ms)
	initialDomainReloadingComplete (34ms)
	LoadAllAssembliesAndSetupDomain (719ms)
		LoadAssemblies (565ms)
		RebuildTransferFunctionScriptingTraits (0ms)
		AnalyzeDomain (354ms)
			TypeCache.Refresh (15ms)
				TypeCache.ScanAssembly (1ms)
			BuildScriptInfoCaches (314ms)
			ResolveRequiredComponents (17ms)
	FinalizeReload (1032ms)
		ReleaseScriptCaches (0ms)
		RebuildScriptCaches (0ms)
		SetupLoadedEditorAssemblies (787ms)
			LogAssemblyErrors (0ms)
			InitializePlatformSupportModulesInManaged (3ms)
			SetLoadedEditorAssemblies (7ms)
			BeforeProcessingInitializeOnLoad (200ms)
			ProcessInitializeOnLoadAttributes (461ms)
			ProcessInitializeOnLoadMethodAttributes (114ms)
			AfterProcessingInitializeOnLoad (2ms)
			EditorAssembliesLoaded (0ms)
		ExecutionOrderSort2 (0ms)
		AwakeInstancesAfterBackupRestoration (24ms)
Refreshing native plugins compatible for Editor in 2.73 ms, found 5 plugins.
Preloading 0 native plugins for Editor in 0.00 ms.
Unloading 16 Unused Serialized files (Serialized files now loaded: 0)
Unloading 7197 unused Assets / (4.3 MB). Loaded Objects now: 8599.
Memory consumption went from 165.0 MB to 160.7 MB.
Total: 11.682100 ms (FindLiveObjects: 1.181400 ms CreateObjectMapping: 0.441000 ms MarkObjects: 6.863700 ms  DeleteObjects: 3.194200 ms)

Prepare: number of updated asset objects reloaded= 0
========================================================================
Received Prepare
Refreshing native plugins compatible for Editor in 3.29 ms, found 5 plugins.
Preloading 0 native plugins for Editor in 0.00 ms.
Unloading 16 Unused Serialized files (Serialized files now loaded: 0)
Unloading 7182 unused Assets / (4.6 MB). Loaded Objects now: 8599.
Memory consumption went from 165.1 MB to 160.5 MB.
Total: 14.342000 ms (FindLiveObjects: 1.377500 ms CreateObjectMapping: 0.645600 ms MarkObjects: 8.343500 ms  DeleteObjects: 3.973500 ms)

Prepare: number of updated asset objects reloaded= 0
========================================================================
Received Prepare
Begin MonoManager ReloadAssembly
[Licensing::Client] Successfully resolved entitlement details
- Loaded All Assemblies, in  1.259 seconds
Refreshing native plugins compatible for Editor in 3.52 ms, found 5 plugins.
Native extension for WindowsStandalone target not found
[Package Manager] Failed to launch server process. Reason: Unity was launched with the -noUpm command-line argument
[Package Manager] Unable to send message (not connected to server process).
[Package Manager] Cannot connect to Unity Package Manager local server
[Package Manager] Failed to launch server process. Reason: Unity was launched with the -noUpm command-line argument
[Package Manager] Unable to send message (not connected to server process).
[Package Manager] Cannot connect to Unity Package Manager local server
ScheduleIndexationOnStartup MainProcess:False IndexOnStartup:True
Mono: successfully reloaded assembly
- Finished resetting the current domain, in  1.078 seconds
Domain Reload Profiling: 2340ms
	BeginReloadAssembly (389ms)
		ExecutionOrderSort (0ms)
		DisableScriptedObjects (24ms)
		BackupInstance (0ms)
		ReleaseScriptingObjects (0ms)
		CreateAndSetChildDomain (70ms)
	RebuildCommonClasses (50ms)
	RebuildNativeTypeToScriptingClass (16ms)
	initialDomainReloadingComplete (40ms)
	LoadAllAssembliesAndSetupDomain (767ms)
		LoadAssemblies (606ms)
		RebuildTransferFunctionScriptingTraits (0ms)
		AnalyzeDomain (378ms)
			TypeCache.Refresh (15ms)
				TypeCache.ScanAssembly (1ms)
			BuildScriptInfoCaches (342ms)
			ResolveRequiredComponents (14ms)
	FinalizeReload (1079ms)
		ReleaseScriptCaches (0ms)
		RebuildScriptCaches (0ms)
		SetupLoadedEditorAssemblies (842ms)
			LogAssemblyErrors (0ms)
			InitializePlatformSupportModulesInManaged (4ms)
			SetLoadedEditorAssemblies (7ms)
			BeforeProcessingInitializeOnLoad (227ms)
			ProcessInitializeOnLoadAttributes (490ms)
			ProcessInitializeOnLoadMethodAttributes (110ms)
			AfterProcessingInitializeOnLoad (2ms)
			EditorAssembliesLoaded (0ms)
		ExecutionOrderSort2 (0ms)
		AwakeInstancesAfterBackupRestoration (20ms)
Refreshing native plugins compatible for Editor in 3.64 ms, found 5 plugins.
Preloading 0 native plugins for Editor in 0.00 ms.
Unloading 16 Unused Serialized files (Serialized files now loaded: 0)
Unloading 7197 unused Assets / (4.8 MB). Loaded Objects now: 8602.
Memory consumption went from 165.1 MB to 160.3 MB.
Total: 13.522700 ms (FindLiveObjects: 1.398100 ms CreateObjectMapping: 0.625300 ms MarkObjects: 6.454100 ms  DeleteObjects: 5.043400 ms)

Prepare: number of updated asset objects reloaded= 0
========================================================================
Received Prepare
Refreshing native plugins compatible for Editor in 3.34 ms, found 5 plugins.
Preloading 0 native plugins for Editor in 0.00 ms.
Unloading 16 Unused Serialized files (Serialized files now loaded: 0)
Unloading 7182 unused Assets / (4.3 MB). Loaded Objects now: 8602.
Memory consumption went from 165.2 MB to 160.8 MB.
Total: 14.353800 ms (FindLiveObjects: 1.342000 ms CreateObjectMapping: 1.112500 ms MarkObjects: 7.818600 ms  DeleteObjects: 4.079400 ms)

Prepare: number of updated asset objects reloaded= 0
========================================================================
Received Prepare
Begin MonoManager ReloadAssembly
- Loaded All Assemblies, in  1.204 seconds
Refreshing native plugins compatible for Editor in 3.34 ms, found 5 plugins.
Native extension for WindowsStandalone target not found
[Package Manager] Failed to launch server process. Reason: Unity was launched with the -noUpm command-line argument
[Package Manager] Unable to send message (not connected to server process).
[Package Manager] Cannot connect to Unity Package Manager local server
[Package Manager] Failed to launch server process. Reason: Unity was launched with the -noUpm command-line argument
[Package Manager] Unable to send message (not connected to server process).
[Package Manager] Cannot connect to Unity Package Manager local server
ScheduleIndexationOnStartup MainProcess:False IndexOnStartup:True
Mono: successfully reloaded assembly
- Finished resetting the current domain, in  1.050 seconds
Domain Reload Profiling: 2258ms
	BeginReloadAssembly (374ms)
		ExecutionOrderSort (0ms)
		DisableScriptedObjects (22ms)
		BackupInstance (0ms)
		ReleaseScriptingObjects (0ms)
		CreateAndSetChildDomain (74ms)
	RebuildCommonClasses (67ms)
	RebuildNativeTypeToScriptingClass (22ms)
	initialDomainReloadingComplete (38ms)
	LoadAllAssembliesAndSetupDomain (706ms)
		LoadAssemblies (571ms)
		RebuildTransferFunctionScriptingTraits (0ms)
		AnalyzeDomain (333ms)
			TypeCache.Refresh (16ms)
				TypeCache.ScanAssembly (1ms)
			BuildScriptInfoCaches (291ms)
			ResolveRequiredComponents (17ms)
	FinalizeReload (1051ms)
		ReleaseScriptCaches (0ms)
		RebuildScriptCaches (0ms)
		SetupLoadedEditorAssemblies (811ms)
			LogAssemblyErrors (0ms)
			InitializePlatformSupportModulesInManaged (3ms)
			SetLoadedEditorAssemblies (7ms)
			BeforeProcessingInitializeOnLoad (229ms)
			ProcessInitializeOnLoadAttributes (453ms)
			ProcessInitializeOnLoadMethodAttributes (115ms)
			AfterProcessingInitializeOnLoad (3ms)
			EditorAssembliesLoaded (1ms)
		ExecutionOrderSort2 (0ms)
		AwakeInstancesAfterBackupRestoration (24ms)
Refreshing native plugins compatible for Editor in 3.73 ms, found 5 plugins.
Preloading 0 native plugins for Editor in 0.00 ms.
Unloading 16 Unused Serialized files (Serialized files now loaded: 0)
Unloading 7197 unused Assets / (4.5 MB). Loaded Objects now: 8605.
Memory consumption went from 165.1 MB to 160.6 MB.
Total: 11.366000 ms (FindLiveObjects: 1.289000 ms CreateObjectMapping: 0.465700 ms MarkObjects: 6.157800 ms  DeleteObjects: 3.452100 ms)

Prepare: number of updated asset objects reloaded= 0
========================================================================
Received Prepare
Refreshing native plugins compatible for Editor in 2.56 ms, found 5 plugins.
Preloading 0 native plugins for Editor in 0.00 ms.
Unloading 16 Unused Serialized files (Serialized files now loaded: 0)
Unloading 7182 unused Assets / (4.4 MB). Loaded Objects now: 8605.
Memory consumption went from 165.2 MB to 160.8 MB.
Total: 16.105300 ms (FindLiveObjects: 1.866500 ms CreateObjectMapping: 1.098700 ms MarkObjects: 9.234100 ms  DeleteObjects: 3.904400 ms)

Prepare: number of updated asset objects reloaded= 0
========================================================================
Received Prepare
Begin MonoManager ReloadAssembly
- Loaded All Assemblies, in  1.188 seconds
Refreshing native plugins compatible for Editor in 3.40 ms, found 5 plugins.
Native extension for WindowsStandalone target not found
[Package Manager] Failed to launch server process. Reason: Unity was launched with the -noUpm command-line argument
[Package Manager] Unable to send message (not connected to server process).
[Package Manager] Cannot connect to Unity Package Manager local server
[Package Manager] Failed to launch server process. Reason: Unity was launched with the -noUpm command-line argument
[Package Manager] Unable to send message (not connected to server process).
[Package Manager] Cannot connect to Unity Package Manager local server
ScheduleIndexationOnStartup MainProcess:False IndexOnStartup:True
Mono: successfully reloaded assembly
- Finished resetting the current domain, in  1.057 seconds
Domain Reload Profiling: 2249ms
	BeginReloadAssembly (353ms)
		ExecutionOrderSort (0ms)
		DisableScriptedObjects (24ms)
		BackupInstance (0ms)
		ReleaseScriptingObjects (0ms)
		CreateAndSetChildDomain (61ms)
	RebuildCommonClasses (65ms)
	RebuildNativeTypeToScriptingClass (24ms)
	initialDomainReloadingComplete (39ms)
	LoadAllAssembliesAndSetupDomain (712ms)
		LoadAssemblies (561ms)
		RebuildTransferFunctionScriptingTraits (0ms)
		AnalyzeDomain (338ms)
			TypeCache.Refresh (13ms)
				TypeCache.ScanAssembly (1ms)
			BuildScriptInfoCaches (304ms)
			ResolveRequiredComponents (13ms)
	FinalizeReload (1057ms)
		ReleaseScriptCaches (0ms)
		RebuildScriptCaches (0ms)
		SetupLoadedEditorAssemblies (803ms)
			LogAssemblyErrors (0ms)
			InitializePlatformSupportModulesInManaged (3ms)
			SetLoadedEditorAssemblies (5ms)
			BeforeProcessingInitializeOnLoad (191ms)
			ProcessInitializeOnLoadAttributes (487ms)
			ProcessInitializeOnLoadMethodAttributes (114ms)
			AfterProcessingInitializeOnLoad (3ms)
			EditorAssembliesLoaded (0ms)
		ExecutionOrderSort2 (0ms)
		AwakeInstancesAfterBackupRestoration (21ms)
Refreshing native plugins compatible for Editor in 2.63 ms, found 5 plugins.
Preloading 0 native plugins for Editor in 0.00 ms.
Unloading 16 Unused Serialized files (Serialized files now loaded: 0)
Unloading 7197 unused Assets / (4.2 MB). Loaded Objects now: 8608.
Memory consumption went from 165.2 MB to 160.9 MB.
Total: 12.957700 ms (FindLiveObjects: 1.375900 ms CreateObjectMapping: 0.623400 ms MarkObjects: 7.791000 ms  DeleteObjects: 3.165900 ms)

Prepare: number of updated asset objects reloaded= 0
========================================================================
Received Prepare
Begin MonoManager ReloadAssembly
- Loaded All Assemblies, in  0.943 seconds
Refreshing native plugins compatible for Editor in 2.51 ms, found 5 plugins.
Native extension for WindowsStandalone target not found
[Package Manager] Failed to launch server process. Reason: Unity was launched with the -noUpm command-line argument
[Package Manager] Unable to send message (not connected to server process).
[Package Manager] Cannot connect to Unity Package Manager local server
[Package Manager] Failed to launch server process. Reason: Unity was launched with the -noUpm command-line argument
[Package Manager] Unable to send message (not connected to server process).
[Package Manager] Cannot connect to Unity Package Manager local server
ScheduleIndexationOnStartup MainProcess:False IndexOnStartup:True
Mono: successfully reloaded assembly
- Finished resetting the current domain, in  0.837 seconds
Domain Reload Profiling: 1785ms
	BeginReloadAssembly (287ms)
		ExecutionOrderSort (0ms)
		DisableScriptedObjects (17ms)
		BackupInstance (0ms)
		ReleaseScriptingObjects (0ms)
		CreateAndSetChildDomain (56ms)
	RebuildCommonClasses (46ms)
	RebuildNativeTypeToScriptingClass (16ms)
	initialDomainReloadingComplete (31ms)
	LoadAllAssembliesAndSetupDomain (568ms)
		LoadAssemblies (442ms)
		RebuildTransferFunctionScriptingTraits (0ms)
		AnalyzeDomain (272ms)
			TypeCache.Refresh (12ms)
				TypeCache.ScanAssembly (1ms)
			BuildScriptInfoCaches (240ms)
			ResolveRequiredComponents (13ms)
	FinalizeReload (838ms)
		ReleaseScriptCaches (0ms)
		RebuildScriptCaches (0ms)
		SetupLoadedEditorAssemblies (648ms)
			LogAssemblyErrors (0ms)
			InitializePlatformSupportModulesInManaged (3ms)
			SetLoadedEditorAssemblies (5ms)
			BeforeProcessingInitializeOnLoad (164ms)
			ProcessInitializeOnLoadAttributes (387ms)
			ProcessInitializeOnLoadMethodAttributes (87ms)
			AfterProcessingInitializeOnLoad (2ms)
			EditorAssembliesLoaded (0ms)
		ExecutionOrderSort2 (0ms)
		AwakeInstancesAfterBackupRestoration (19ms)
Refreshing native plugins compatible for Editor in 2.90 ms, found 5 plugins.
Preloading 0 native plugins for Editor in 0.00 ms.
Unloading 16 Unused Serialized files (Serialized files now loaded: 0)
Unloading 7197 unused Assets / (4.5 MB). Loaded Objects now: 8611.
Memory consumption went from 165.2 MB to 160.7 MB.
Total: 13.554200 ms (FindLiveObjects: 1.140000 ms CreateObjectMapping: 0.436200 ms MarkObjects: 8.176100 ms  DeleteObjects: 3.800500 ms)

Prepare: number of updated asset objects reloaded= 0
========================================================================
Received Prepare
Refreshing native plugins compatible for Editor in 4.34 ms, found 5 plugins.
Preloading 0 native plugins for Editor in 0.00 ms.
Unloading 16 Unused Serialized files (Serialized files now loaded: 0)
Unloading 7182 unused Assets / (4.5 MB). Loaded Objects now: 8611.
Memory consumption went from 165.3 MB to 160.8 MB.
Total: 14.774700 ms (FindLiveObjects: 1.660400 ms CreateObjectMapping: 1.187000 ms MarkObjects: 8.099800 ms  DeleteObjects: 3.825700 ms)

Prepare: number of updated asset objects reloaded= 0
========================================================================
Received Prepare
Begin MonoManager ReloadAssembly
[Licensing::Client] Successfully resolved entitlement details
- Loaded All Assemblies, in  1.122 seconds
Refreshing native plugins compatible for Editor in 3.34 ms, found 5 plugins.
Native extension for WindowsStandalone target not found
[Package Manager] Failed to launch server process. Reason: Unity was launched with the -noUpm command-line argument
[Package Manager] Unable to send message (not connected to server process).
[Package Manager] Cannot connect to Unity Package Manager local server
[Package Manager] Failed to launch server process. Reason: Unity was launched with the -noUpm command-line argument
[Package Manager] Unable to send message (not connected to server process).
[Package Manager] Cannot connect to Unity Package Manager local server
ScheduleIndexationOnStartup MainProcess:False IndexOnStartup:True
Mono: successfully reloaded assembly
- Finished resetting the current domain, in  0.988 seconds
Domain Reload Profiling: 2113ms
	BeginReloadAssembly (362ms)
		ExecutionOrderSort (0ms)
		DisableScriptedObjects (22ms)
		BackupInstance (0ms)
		ReleaseScriptingObjects (0ms)
		CreateAndSetChildDomain (61ms)
	RebuildCommonClasses (63ms)
	RebuildNativeTypeToScriptingClass (25ms)
	initialDomainReloadingComplete (36ms)
	LoadAllAssembliesAndSetupDomain (639ms)
		LoadAssemblies (531ms)
		RebuildTransferFunctionScriptingTraits (0ms)
		AnalyzeDomain (308ms)
			TypeCache.Refresh (12ms)
				TypeCache.ScanAssembly (1ms)
			BuildScriptInfoCaches (278ms)
			ResolveRequiredComponents (12ms)
	FinalizeReload (989ms)
		ReleaseScriptCaches (0ms)
		RebuildScriptCaches (0ms)
		SetupLoadedEditorAssemblies (723ms)
			LogAssemblyErrors (0ms)
			InitializePlatformSupportModulesInManaged (3ms)
			SetLoadedEditorAssemblies (7ms)
			BeforeProcessingInitializeOnLoad (189ms)
			ProcessInitializeOnLoadAttributes (415ms)
			ProcessInitializeOnLoadMethodAttributes (104ms)
			AfterProcessingInitializeOnLoad (3ms)
			EditorAssembliesLoaded (1ms)
		ExecutionOrderSort2 (0ms)
		AwakeInstancesAfterBackupRestoration (26ms)
Refreshing native plugins compatible for Editor in 3.13 ms, found 5 plugins.
Preloading 0 native plugins for Editor in 0.00 ms.
Unloading 16 Unused Serialized files (Serialized files now loaded: 0)
Unloading 7197 unused Assets / (4.1 MB). Loaded Objects now: 8614.
Memory consumption went from 165.2 MB to 161.1 MB.
Total: 11.225700 ms (FindLiveObjects: 1.397400 ms CreateObjectMapping: 0.510500 ms MarkObjects: 6.026600 ms  DeleteObjects: 3.289400 ms)

Prepare: number of updated asset objects reloaded= 0
========================================================================
Received Prepare
Refreshing native plugins compatible for Editor in 3.84 ms, found 5 plugins.
Preloading 0 native plugins for Editor in 0.00 ms.
Unloading 16 Unused Serialized files (Serialized files now loaded: 0)
Unloading 7182 unused Assets / (4.0 MB). Loaded Objects now: 8614.
Memory consumption went from 165.4 MB to 161.4 MB.
Total: 14.638600 ms (FindLiveObjects: 1.182400 ms CreateObjectMapping: 0.518700 ms MarkObjects: 8.906300 ms  DeleteObjects: 4.029000 ms)

Prepare: number of updated asset objects reloaded= 0
========================================================================
Received Prepare
Begin MonoManager ReloadAssembly
[Licensing::Client] Successfully resolved entitlement details
- Loaded All Assemblies, in  1.215 seconds
Refreshing native plugins compatible for Editor in 3.35 ms, found 5 plugins.
Native extension for WindowsStandalone target not found
[Package Manager] Failed to launch server process. Reason: Unity was launched with the -noUpm command-line argument
[Package Manager] Unable to send message (not connected to server process).
[Package Manager] Cannot connect to Unity Package Manager local server
[Package Manager] Failed to launch server process. Reason: Unity was launched with the -noUpm command-line argument
[Package Manager] Unable to send message (not connected to server process).
[Package Manager] Cannot connect to Unity Package Manager local server
ScheduleIndexationOnStartup MainProcess:False IndexOnStartup:True
Mono: successfully reloaded assembly
- Finished resetting the current domain, in  1.091 seconds
Domain Reload Profiling: 2310ms
	BeginReloadAssembly (385ms)
		ExecutionOrderSort (0ms)
		DisableScriptedObjects (19ms)
		BackupInstance (0ms)
		ReleaseScriptingObjects (0ms)
		CreateAndSetChildDomain (74ms)
	RebuildCommonClasses (54ms)
	RebuildNativeTypeToScriptingClass (17ms)
	initialDomainReloadingComplete (45ms)
	LoadAllAssembliesAndSetupDomain (719ms)
		LoadAssemblies (587ms)
		RebuildTransferFunctionScriptingTraits (0ms)
		AnalyzeDomain (336ms)
			TypeCache.Refresh (16ms)
				TypeCache.ScanAssembly (1ms)
			BuildScriptInfoCaches (299ms)
			ResolveRequiredComponents (12ms)
	FinalizeReload (1091ms)
		ReleaseScriptCaches (0ms)
		RebuildScriptCaches (0ms)
		SetupLoadedEditorAssemblies (837ms)
			LogAssemblyErrors (0ms)
			InitializePlatformSupportModulesInManaged (3ms)
			SetLoadedEditorAssemblies (7ms)
			BeforeProcessingInitializeOnLoad (208ms)
			ProcessInitializeOnLoadAttributes (494ms)
			ProcessInitializeOnLoadMethodAttributes (121ms)
			AfterProcessingInitializeOnLoad (3ms)
			EditorAssembliesLoaded (1ms)
		ExecutionOrderSort2 (0ms)
		AwakeInstancesAfterBackupRestoration (26ms)
Refreshing native plugins compatible for Editor in 3.63 ms, found 5 plugins.
Preloading 0 native plugins for Editor in 0.00 ms.
Unloading 16 Unused Serialized files (Serialized files now loaded: 0)
Unloading 7197 unused Assets / (4.5 MB). Loaded Objects now: 8617.
Memory consumption went from 165.3 MB to 160.7 MB.
Total: 13.914000 ms (FindLiveObjects: 1.145700 ms CreateObjectMapping: 0.536400 ms MarkObjects: 8.360700 ms  DeleteObjects: 3.869600 ms)

Prepare: number of updated asset objects reloaded= 0
========================================================================
Received Prepare
Refreshing native plugins compatible for Editor in 3.90 ms, found 5 plugins.
Preloading 0 native plugins for Editor in 0.00 ms.
Unloading 16 Unused Serialized files (Serialized files now loaded: 0)
Unloading 7182 unused Assets / (4.5 MB). Loaded Objects now: 8617.
Memory consumption went from 165.4 MB to 160.9 MB.
Total: 14.289800 ms (FindLiveObjects: 1.190800 ms CreateObjectMapping: 0.704500 ms MarkObjects: 8.293000 ms  DeleteObjects: 4.099900 ms)

Prepare: number of updated asset objects reloaded= 0
========================================================================
Received Prepare
Begin MonoManager ReloadAssembly
- Loaded All Assemblies, in  1.175 seconds
Refreshing native plugins compatible for Editor in 3.48 ms, found 5 plugins.
Native extension for WindowsStandalone target not found
[Package Manager] Failed to launch server process. Reason: Unity was launched with the -noUpm command-line argument
[Package Manager] Unable to send message (not connected to server process).
[Package Manager] Cannot connect to Unity Package Manager local server
[Package Manager] Failed to launch server process. Reason: Unity was launched with the -noUpm command-line argument
[Package Manager] Unable to send message (not connected to server process).
[Package Manager] Cannot connect to Unity Package Manager local server
ScheduleIndexationOnStartup MainProcess:False IndexOnStartup:True
Mono: successfully reloaded assembly
- Finished resetting the current domain, in  1.098 seconds
Domain Reload Profiling: 2276ms
	BeginReloadAssembly (356ms)
		ExecutionOrderSort (0ms)
		DisableScriptedObjects (18ms)
		BackupInstance (0ms)
		ReleaseScriptingObjects (0ms)
		CreateAndSetChildDomain (72ms)
	RebuildCommonClasses (60ms)
	RebuildNativeTypeToScriptingClass (17ms)
	initialDomainReloadingComplete (31ms)
	LoadAllAssembliesAndSetupDomain (715ms)
		LoadAssemblies (580ms)
		RebuildTransferFunctionScriptingTraits (0ms)
		AnalyzeDomain (331ms)
			TypeCache.Refresh (15ms)
				TypeCache.ScanAssembly (1ms)
			BuildScriptInfoCaches (291ms)
			ResolveRequiredComponents (19ms)
	FinalizeReload (1098ms)
		ReleaseScriptCaches (0ms)
		RebuildScriptCaches (0ms)
		SetupLoadedEditorAssemblies (843ms)
			LogAssemblyErrors (0ms)
			InitializePlatformSupportModulesInManaged (2ms)
			SetLoadedEditorAssemblies (7ms)
			BeforeProcessingInitializeOnLoad (223ms)
			ProcessInitializeOnLoadAttributes (493ms)
			ProcessInitializeOnLoadMethodAttributes (115ms)
			AfterProcessingInitializeOnLoad (3ms)
			EditorAssembliesLoaded (0ms)
		ExecutionOrderSort2 (0ms)
		AwakeInstancesAfterBackupRestoration (26ms)
Refreshing native plugins compatible for Editor in 4.03 ms, found 5 plugins.
Preloading 0 native plugins for Editor in 0.00 ms.
Unloading 16 Unused Serialized files (Serialized files now loaded: 0)
Unloading 7197 unused Assets / (4.4 MB). Loaded Objects now: 8620.
Memory consumption went from 165.3 MB to 161.0 MB.
Total: 14.340800 ms (FindLiveObjects: 1.552500 ms CreateObjectMapping: 0.593700 ms MarkObjects: 8.146800 ms  DeleteObjects: 4.046000 ms)

Prepare: number of updated asset objects reloaded= 0
========================================================================
Received Prepare
Refreshing native plugins compatible for Editor in 2.79 ms, found 5 plugins.
Preloading 0 native plugins for Editor in 0.00 ms.
Unloading 16 Unused Serialized files (Serialized files now loaded: 0)
Unloading 7182 unused Assets / (4.1 MB). Loaded Objects now: 8620.
Memory consumption went from 165.4 MB to 161.4 MB.
Total: 13.043000 ms (FindLiveObjects: 1.193600 ms CreateObjectMapping: 0.508200 ms MarkObjects: 7.467400 ms  DeleteObjects: 3.871500 ms)

Prepare: number of updated asset objects reloaded= 0
========================================================================
Received Prepare
Begin MonoManager ReloadAssembly
- Loaded All Assemblies, in  1.209 seconds
Refreshing native plugins compatible for Editor in 2.21 ms, found 5 plugins.
Native extension for WindowsStandalone target not found
[Package Manager] Failed to launch server process. Reason: Unity was launched with the -noUpm command-line argument
[Package Manager] Unable to send message (not connected to server process).
[Package Manager] Cannot connect to Unity Package Manager local server
[Package Manager] Failed to launch server process. Reason: Unity was launched with the -noUpm command-line argument
[Package Manager] Unable to send message (not connected to server process).
[Package Manager] Cannot connect to Unity Package Manager local server
ScheduleIndexationOnStartup MainProcess:False IndexOnStartup:True
Mono: successfully reloaded assembly
- Finished resetting the current domain, in  1.088 seconds
Domain Reload Profiling: 2302ms
	BeginReloadAssembly (385ms)
		ExecutionOrderSort (0ms)
		DisableScriptedObjects (27ms)
		BackupInstance (0ms)
		ReleaseScriptingObjects (0ms)
		CreateAndSetChildDomain (67ms)
	RebuildCommonClasses (66ms)
	RebuildNativeTypeToScriptingClass (22ms)
	initialDomainReloadingComplete (42ms)
	LoadAllAssembliesAndSetupDomain (698ms)
		LoadAssemblies (573ms)
		RebuildTransferFunctionScriptingTraits (0ms)
		AnalyzeDomain (335ms)
			TypeCache.Refresh (13ms)
				TypeCache.ScanAssembly (1ms)
			BuildScriptInfoCaches (295ms)
			ResolveRequiredComponents (19ms)
	FinalizeReload (1089ms)
		ReleaseScriptCaches (0ms)
		RebuildScriptCaches (0ms)
		SetupLoadedEditorAssemblies (857ms)
			LogAssemblyErrors (0ms)
			InitializePlatformSupportModulesInManaged (4ms)
			SetLoadedEditorAssemblies (7ms)
			BeforeProcessingInitializeOnLoad (205ms)
			ProcessInitializeOnLoadAttributes (515ms)
			ProcessInitializeOnLoadMethodAttributes (123ms)
			AfterProcessingInitializeOnLoad (3ms)
			EditorAssembliesLoaded (1ms)
		ExecutionOrderSort2 (0ms)
		AwakeInstancesAfterBackupRestoration (28ms)
Refreshing native plugins compatible for Editor in 3.33 ms, found 5 plugins.
Preloading 0 native plugins for Editor in 0.00 ms.
Unloading 16 Unused Serialized files (Serialized files now loaded: 0)
Unloading 7197 unused Assets / (4.4 MB). Loaded Objects now: 8623.
Memory consumption went from 165.4 MB to 160.9 MB.
Total: 11.426700 ms (FindLiveObjects: 1.387100 ms CreateObjectMapping: 0.616900 ms MarkObjects: 6.025600 ms  DeleteObjects: 3.395900 ms)

Prepare: number of updated asset objects reloaded= 0
========================================================================
Received Prepare
Refreshing native plugins compatible for Editor in 3.85 ms, found 5 plugins.
Preloading 0 native plugins for Editor in 0.00 ms.
Unloading 16 Unused Serialized files (Serialized files now loaded: 0)
Unloading 7182 unused Assets / (4.4 MB). Loaded Objects now: 8623.
Memory consumption went from 165.5 MB to 161.0 MB.
Total: 14.828400 ms (FindLiveObjects: 1.456400 ms CreateObjectMapping: 0.718300 ms MarkObjects: 8.902700 ms  DeleteObjects: 3.735200 ms)

Prepare: number of updated asset objects reloaded= 0
========================================================================
Received Prepare
Begin MonoManager ReloadAssembly
[Licensing::Client] Successfully resolved entitlement details
- Loaded All Assemblies, in  1.180 seconds
Refreshing native plugins compatible for Editor in 2.32 ms, found 5 plugins.
Native extension for WindowsStandalone target not found
[Package Manager] Failed to launch server process. Reason: Unity was launched with the -noUpm command-line argument
[Package Manager] Unable to send message (not connected to server process).
[Package Manager] Cannot connect to Unity Package Manager local server
[Package Manager] Failed to launch server process. Reason: Unity was launched with the -noUpm command-line argument
[Package Manager] Unable to send message (not connected to server process).
[Package Manager] Cannot connect to Unity Package Manager local server
ScheduleIndexationOnStartup MainProcess:False IndexOnStartup:True
Mono: successfully reloaded assembly
- Finished resetting the current domain, in  1.073 seconds
Domain Reload Profiling: 2258ms
	BeginReloadAssembly (378ms)
		ExecutionOrderSort (0ms)
		DisableScriptedObjects (24ms)
		BackupInstance (0ms)
		ReleaseScriptingObjects (0ms)
		CreateAndSetChildDomain (65ms)
	RebuildCommonClasses (59ms)
	RebuildNativeTypeToScriptingClass (25ms)
	initialDomainReloadingComplete (47ms)
	LoadAllAssembliesAndSetupDomain (677ms)
		LoadAssemblies (550ms)
		RebuildTransferFunctionScriptingTraits (0ms)
		AnalyzeDomain (329ms)
			TypeCache.Refresh (11ms)
				TypeCache.ScanAssembly (1ms)
			BuildScriptInfoCaches (289ms)
			ResolveRequiredComponents (20ms)
	FinalizeReload (1073ms)
		ReleaseScriptCaches (0ms)
		RebuildScriptCaches (0ms)
		SetupLoadedEditorAssemblies (851ms)
			LogAssemblyErrors (0ms)
			InitializePlatformSupportModulesInManaged (3ms)
			SetLoadedEditorAssemblies (8ms)
			BeforeProcessingInitializeOnLoad (221ms)
			ProcessInitializeOnLoadAttributes (507ms)
			ProcessInitializeOnLoadMethodAttributes (108ms)
			AfterProcessingInitializeOnLoad (2ms)
			EditorAssembliesLoaded (0ms)
		ExecutionOrderSort2 (0ms)
		AwakeInstancesAfterBackupRestoration (19ms)
Refreshing native plugins compatible for Editor in 2.94 ms, found 5 plugins.
Preloading 0 native plugins for Editor in 0.00 ms.
Unloading 16 Unused Serialized files (Serialized files now loaded: 0)
Unloading 7197 unused Assets / (4.9 MB). Loaded Objects now: 8626.
Memory consumption went from 165.4 MB to 160.6 MB.
Total: 16.920100 ms (FindLiveObjects: 1.767500 ms CreateObjectMapping: 1.673500 ms MarkObjects: 8.833400 ms  DeleteObjects: 4.643500 ms)

Prepare: number of updated asset objects reloaded= 0
========================================================================
Received Prepare
Refreshing native plugins compatible for Editor in 3.38 ms, found 5 plugins.
Preloading 0 native plugins for Editor in 0.00 ms.
Unloading 16 Unused Serialized files (Serialized files now loaded: 0)
Unloading 7182 unused Assets / (3.7 MB). Loaded Objects now: 8626.
Memory consumption went from 165.5 MB to 161.8 MB.
Total: 13.846600 ms (FindLiveObjects: 1.597400 ms CreateObjectMapping: 0.802800 ms MarkObjects: 8.245300 ms  DeleteObjects: 3.198400 ms)

Prepare: number of updated asset objects reloaded= 0
========================================================================
Received Prepare
Begin MonoManager ReloadAssembly
- Loaded All Assemblies, in  1.216 seconds
Refreshing native plugins compatible for Editor in 2.33 ms, found 5 plugins.
Native extension for WindowsStandalone target not found
[Package Manager] Failed to launch server process. Reason: Unity was launched with the -noUpm command-line argument
[Package Manager] Unable to send message (not connected to server process).
[Package Manager] Cannot connect to Unity Package Manager local server
[Package Manager] Failed to launch server process. Reason: Unity was launched with the -noUpm command-line argument
[Package Manager] Unable to send message (not connected to server process).
[Package Manager] Cannot connect to Unity Package Manager local server
ScheduleIndexationOnStartup MainProcess:False IndexOnStartup:True
Mono: successfully reloaded assembly
- Finished resetting the current domain, in  1.100 seconds
Domain Reload Profiling: 2320ms
	BeginReloadAssembly (383ms)
		ExecutionOrderSort (0ms)
		DisableScriptedObjects (23ms)
		BackupInstance (0ms)
		ReleaseScriptingObjects (0ms)
		CreateAndSetChildDomain (71ms)
	RebuildCommonClasses (58ms)
	RebuildNativeTypeToScriptingClass (24ms)
	initialDomainReloadingComplete (43ms)
	LoadAllAssembliesAndSetupDomain (710ms)
		LoadAssemblies (575ms)
		RebuildTransferFunctionScriptingTraits (0ms)
		AnalyzeDomain (344ms)
			TypeCache.Refresh (11ms)
				TypeCache.ScanAssembly (1ms)
			BuildScriptInfoCaches (310ms)
			ResolveRequiredComponents (16ms)
	FinalizeReload (1101ms)
		ReleaseScriptCaches (0ms)
		RebuildScriptCaches (0ms)
		SetupLoadedEditorAssemblies (849ms)
			LogAssemblyErrors (0ms)
			InitializePlatformSupportModulesInManaged (4ms)
			SetLoadedEditorAssemblies (8ms)
			BeforeProcessingInitializeOnLoad (199ms)
			ProcessInitializeOnLoadAttributes (518ms)
			ProcessInitializeOnLoadMethodAttributes (117ms)
			AfterProcessingInitializeOnLoad (2ms)
			EditorAssembliesLoaded (0ms)
		ExecutionOrderSort2 (0ms)
		AwakeInstancesAfterBackupRestoration (24ms)
Refreshing native plugins compatible for Editor in 3.70 ms, found 5 plugins.
Preloading 0 native plugins for Editor in 0.00 ms.
Unloading 16 Unused Serialized files (Serialized files now loaded: 0)
Unloading 7197 unused Assets / (4.8 MB). Loaded Objects now: 8629.
Memory consumption went from 165.5 MB to 160.7 MB.
Total: 13.443600 ms (FindLiveObjects: 1.434400 ms CreateObjectMapping: 0.733200 ms MarkObjects: 7.076800 ms  DeleteObjects: 4.197600 ms)

Prepare: number of updated asset objects reloaded= 0
========================================================================
Received Prepare
Refreshing native plugins compatible for Editor in 3.84 ms, found 5 plugins.
Preloading 0 native plugins for Editor in 0.00 ms.
Unloading 16 Unused Serialized files (Serialized files now loaded: 0)
Unloading 7182 unused Assets / (4.5 MB). Loaded Objects now: 8629.
Memory consumption went from 165.6 MB to 161.1 MB.
Total: 14.454900 ms (FindLiveObjects: 1.189300 ms CreateObjectMapping: 1.040100 ms MarkObjects: 7.876800 ms  DeleteObjects: 4.347200 ms)

Prepare: number of updated asset objects reloaded= 0
========================================================================
Received Prepare
Begin MonoManager ReloadAssembly
- Loaded All Assemblies, in  1.216 seconds
Refreshing native plugins compatible for Editor in 3.94 ms, found 5 plugins.
Native extension for WindowsStandalone target not found
[Package Manager] Failed to launch server process. Reason: Unity was launched with the -noUpm command-line argument
[Package Manager] Unable to send message (not connected to server process).
[Package Manager] Cannot connect to Unity Package Manager local server
[Package Manager] Failed to launch server process. Reason: Unity was launched with the -noUpm command-line argument
[Package Manager] Unable to send message (not connected to server process).
[Package Manager] Cannot connect to Unity Package Manager local server
ScheduleIndexationOnStartup MainProcess:False IndexOnStartup:True
Mono: successfully reloaded assembly
- Finished resetting the current domain, in  2.147 seconds
Domain Reload Profiling: 3369ms
	BeginReloadAssembly (364ms)
		ExecutionOrderSort (0ms)
		DisableScriptedObjects (21ms)
		BackupInstance (0ms)
		ReleaseScriptingObjects (0ms)
		CreateAndSetChildDomain (60ms)
	RebuildCommonClasses (63ms)
	RebuildNativeTypeToScriptingClass (22ms)
	initialDomainReloadingComplete (37ms)
	LoadAllAssembliesAndSetupDomain (736ms)
		LoadAssemblies (569ms)
		RebuildTransferFunctionScriptingTraits (0ms)
		AnalyzeDomain (363ms)
			TypeCache.Refresh (16ms)
				TypeCache.ScanAssembly (1ms)
			BuildScriptInfoCaches (324ms)
			ResolveRequiredComponents (16ms)
	FinalizeReload (2148ms)
		ReleaseScriptCaches (0ms)
		RebuildScriptCaches (0ms)
		SetupLoadedEditorAssemblies (1932ms)
			LogAssemblyErrors (0ms)
			InitializePlatformSupportModulesInManaged (4ms)
			SetLoadedEditorAssemblies (6ms)
			BeforeProcessingInitializeOnLoad (226ms)
			ProcessInitializeOnLoadAttributes (1608ms)
			ProcessInitializeOnLoadMethodAttributes (86ms)
			AfterProcessingInitializeOnLoad (2ms)
			EditorAssembliesLoaded (0ms)
		ExecutionOrderSort2 (0ms)
		AwakeInstancesAfterBackupRestoration (18ms)
Refreshing native plugins compatible for Editor in 2.86 ms, found 5 plugins.
Preloading 0 native plugins for Editor in 0.00 ms.
Unloading 16 Unused Serialized files (Serialized files now loaded: 0)
Unloading 7197 unused Assets / (4.5 MB). Loaded Objects now: 8632.
Memory consumption went from 165.5 MB to 161.0 MB.
Total: 11.434200 ms (FindLiveObjects: 1.149400 ms CreateObjectMapping: 0.444600 ms MarkObjects: 6.329400 ms  DeleteObjects: 3.509100 ms)

Prepare: number of updated asset objects reloaded= 0
========================================================================
Received Prepare
Begin MonoManager ReloadAssembly
- Loaded All Assemblies, in  1.333 seconds
Refreshing native plugins compatible for Editor in 3.38 ms, found 5 plugins.
Native extension for WindowsStandalone target not found
[Package Manager] Failed to launch server process. Reason: Unity was launched with the -noUpm command-line argument
[Package Manager] Unable to send message (not connected to server process).
[Package Manager] Cannot connect to Unity Package Manager local server
[Package Manager] Failed to launch server process. Reason: Unity was launched with the -noUpm command-line argument
[Package Manager] Unable to send message (not connected to server process).
[Package Manager] Cannot connect to Unity Package Manager local server
ScheduleIndexationOnStartup MainProcess:False IndexOnStartup:True
Mono: successfully reloaded assembly
- Finished resetting the current domain, in  1.162 seconds
Domain Reload Profiling: 2499ms
	BeginReloadAssembly (537ms)
		ExecutionOrderSort (0ms)
		DisableScriptedObjects (22ms)
		BackupInstance (0ms)
		ReleaseScriptingObjects (0ms)
		CreateAndSetChildDomain (71ms)
	RebuildCommonClasses (58ms)
	RebuildNativeTypeToScriptingClass (22ms)
	initialDomainReloadingComplete (37ms)
	LoadAllAssembliesAndSetupDomain (683ms)
		LoadAssemblies (562ms)
		RebuildTransferFunctionScriptingTraits (0ms)
		AnalyzeDomain (315ms)
			TypeCache.Refresh (12ms)
				TypeCache.ScanAssembly (1ms)
			BuildScriptInfoCaches (278ms)
			ResolveRequiredComponents (18ms)
	FinalizeReload (1163ms)
		ReleaseScriptCaches (0ms)
		RebuildScriptCaches (0ms)
		SetupLoadedEditorAssemblies (927ms)
			LogAssemblyErrors (0ms)
			InitializePlatformSupportModulesInManaged (3ms)
			SetLoadedEditorAssemblies (7ms)
			BeforeProcessingInitializeOnLoad (211ms)
			ProcessInitializeOnLoadAttributes (598ms)
			ProcessInitializeOnLoadMethodAttributes (104ms)
			AfterProcessingInitializeOnLoad (3ms)
			EditorAssembliesLoaded (0ms)
		ExecutionOrderSort2 (0ms)
		AwakeInstancesAfterBackupRestoration (29ms)
Refreshing native plugins compatible for Editor in 2.87 ms, found 5 plugins.
Preloading 0 native plugins for Editor in 0.00 ms.
Unloading 16 Unused Serialized files (Serialized files now loaded: 0)
Unloading 7197 unused Assets / (4.4 MB). Loaded Objects now: 8635.
Memory consumption went from 165.6 MB to 161.2 MB.
Total: 11.957600 ms (FindLiveObjects: 1.429400 ms CreateObjectMapping: 0.699500 ms MarkObjects: 6.539300 ms  DeleteObjects: 3.287900 ms)

Prepare: number of updated asset objects reloaded= 0
========================================================================
Received Import Request.
  Time since last request: 1054.413493 seconds.
  path: Assets/Prefabs/Enemy/Debris.prefab
  artifactKey: Guid(a9075c97819311b429a84e0ad8d37864) Importer(815301076,1909f56bfc062723c751e8b465ee728b)
Start importing Assets/Prefabs/Enemy/Debris.prefab using Guid(a9075c97819311b429a84e0ad8d37864) Importer(815301076,1909f56bfc062723c751e8b465ee728b) (PreviewImporter) -> (artifact id: 'dd590cb8c106c9cf7b3966d16a5012a4') in 0.7461944 seconds
Number of updated asset objects reloaded before import = 0Number of asset objects unloaded after import = 11

========================================================================
Received Prepare
Refreshing native plugins compatible for Editor in 3.32 ms, found 5 plugins.
Preloading 0 native plugins for Editor in 0.00 ms.
Unloading 16 Unused Serialized files (Serialized files now loaded: 0)
Unloading 7182 unused Assets / (4.2 MB). Loaded Objects now: 8728.
Memory consumption went from 166.3 MB to 162.1 MB.
Total: 15.606300 ms (FindLiveObjects: 1.165200 ms CreateObjectMapping: 0.454700 ms MarkObjects: 9.981300 ms  DeleteObjects: 4.003400 ms)

Prepare: number of updated asset objects reloaded= 0
========================================================================
Received Prepare
Begin MonoManager ReloadAssembly
[Licensing::Client] Successfully resolved entitlement details
- Loaded All Assemblies, in  1.433 seconds
Refreshing native plugins compatible for Editor in 3.34 ms, found 5 plugins.
Native extension for WindowsStandalone target not found
[Package Manager] Failed to launch server process. Reason: Unity was launched with the -noUpm command-line argument
[Package Manager] Unable to send message (not connected to server process).
[Package Manager] Cannot connect to Unity Package Manager local server
[Package Manager] Failed to launch server process. Reason: Unity was launched with the -noUpm command-line argument
[Package Manager] Unable to send message (not connected to server process).
[Package Manager] Cannot connect to Unity Package Manager local server
ScheduleIndexationOnStartup MainProcess:False IndexOnStartup:True
Mono: successfully reloaded assembly
- Finished resetting the current domain, in  1.258 seconds
Domain Reload Profiling: 2695ms
	BeginReloadAssembly (488ms)
		ExecutionOrderSort (0ms)
		DisableScriptedObjects (47ms)
		BackupInstance (0ms)
		ReleaseScriptingObjects (0ms)
		CreateAndSetChildDomain (74ms)
	RebuildCommonClasses (56ms)
	RebuildNativeTypeToScriptingClass (21ms)
	initialDomainReloadingComplete (40ms)
	LoadAllAssembliesAndSetupDomain (832ms)
		LoadAssemblies (772ms)
		RebuildTransferFunctionScriptingTraits (0ms)
		AnalyzeDomain (351ms)
			TypeCache.Refresh (15ms)
				TypeCache.ScanAssembly (1ms)
			BuildScriptInfoCaches (309ms)
			ResolveRequiredComponents (19ms)
	FinalizeReload (1258ms)
		ReleaseScriptCaches (0ms)
		RebuildScriptCaches (0ms)
		SetupLoadedEditorAssemblies (1020ms)
			LogAssemblyErrors (0ms)
			InitializePlatformSupportModulesInManaged (3ms)
			SetLoadedEditorAssemblies (242ms)
			BeforeProcessingInitializeOnLoad (215ms)
			ProcessInitializeOnLoadAttributes (472ms)
			ProcessInitializeOnLoadMethodAttributes (86ms)
			AfterProcessingInitializeOnLoad (2ms)
			EditorAssembliesLoaded (0ms)
		ExecutionOrderSort2 (0ms)
		AwakeInstancesAfterBackupRestoration (19ms)
Refreshing native plugins compatible for Editor in 2.49 ms, found 5 plugins.
Preloading 0 native plugins for Editor in 0.00 ms.
Unloading 16 Unused Serialized files (Serialized files now loaded: 0)
Unloading 7197 unused Assets / (4.6 MB). Loaded Objects now: 8658.
Memory consumption went from 165.8 MB to 161.1 MB.
Total: 11.202000 ms (FindLiveObjects: 1.081200 ms CreateObjectMapping: 0.439700 ms MarkObjects: 6.168800 ms  DeleteObjects: 3.510700 ms)

Prepare: number of updated asset objects reloaded= 0
========================================================================
Received Prepare
Refreshing native plugins compatible for Editor in 3.36 ms, found 5 plugins.
Preloading 0 native plugins for Editor in 0.00 ms.
Unloading 16 Unused Serialized files (Serialized files now loaded: 0)
Unloading 7182 unused Assets / (4.3 MB). Loaded Objects now: 8658.
Memory consumption went from 165.7 MB to 161.4 MB.
Total: 13.824600 ms (FindLiveObjects: 1.419600 ms CreateObjectMapping: 0.650000 ms MarkObjects: 8.453900 ms  DeleteObjects: 3.299600 ms)

Prepare: number of updated asset objects reloaded= 0
========================================================================
Received Prepare
Begin MonoManager ReloadAssembly
[Licensing::Client] Successfully resolved entitlement details
- Loaded All Assemblies, in  1.163 seconds
Refreshing native plugins compatible for Editor in 3.70 ms, found 5 plugins.
Native extension for WindowsStandalone target not found
[Package Manager] Failed to launch server process. Reason: Unity was launched with the -noUpm command-line argument
[Package Manager] Unable to send message (not connected to server process).
[Package Manager] Cannot connect to Unity Package Manager local server
[Package Manager] Failed to launch server process. Reason: Unity was launched with the -noUpm command-line argument
[Package Manager] Unable to send message (not connected to server process).
[Package Manager] Cannot connect to Unity Package Manager local server
ScheduleIndexationOnStartup MainProcess:False IndexOnStartup:True
Mono: successfully reloaded assembly
- Finished resetting the current domain, in  1.022 seconds
Domain Reload Profiling: 2190ms
	BeginReloadAssembly (365ms)
		ExecutionOrderSort (0ms)
		DisableScriptedObjects (23ms)
		BackupInstance (0ms)
		ReleaseScriptingObjects (0ms)
		CreateAndSetChildDomain (74ms)
	RebuildCommonClasses (58ms)
	RebuildNativeTypeToScriptingClass (22ms)
	initialDomainReloadingComplete (39ms)
	LoadAllAssembliesAndSetupDomain (682ms)
		LoadAssemblies (556ms)
		RebuildTransferFunctionScriptingTraits (0ms)
		AnalyzeDomain (314ms)
			TypeCache.Refresh (15ms)
				TypeCache.ScanAssembly (1ms)
			BuildScriptInfoCaches (279ms)
			ResolveRequiredComponents (14ms)
	FinalizeReload (1023ms)
		ReleaseScriptCaches (0ms)
		RebuildScriptCaches (0ms)
		SetupLoadedEditorAssemblies (808ms)
			LogAssemblyErrors (0ms)
			InitializePlatformSupportModulesInManaged (3ms)
			SetLoadedEditorAssemblies (7ms)
			BeforeProcessingInitializeOnLoad (202ms)
			ProcessInitializeOnLoadAttributes (485ms)
			ProcessInitializeOnLoadMethodAttributes (107ms)
			AfterProcessingInitializeOnLoad (3ms)
			EditorAssembliesLoaded (0ms)
		ExecutionOrderSort2 (0ms)
		AwakeInstancesAfterBackupRestoration (24ms)
Refreshing native plugins compatible for Editor in 2.72 ms, found 5 plugins.
Preloading 0 native plugins for Editor in 0.00 ms.
Unloading 16 Unused Serialized files (Serialized files now loaded: 0)
Unloading 7197 unused Assets / (4.0 MB). Loaded Objects now: 8661.
Memory consumption went from 165.7 MB to 161.6 MB.
Total: 10.968400 ms (FindLiveObjects: 1.338400 ms CreateObjectMapping: 0.512800 ms MarkObjects: 6.202800 ms  DeleteObjects: 2.912900 ms)

Prepare: number of updated asset objects reloaded= 0
========================================================================
Received Prepare
Refreshing native plugins compatible for Editor in 3.54 ms, found 5 plugins.
Preloading 0 native plugins for Editor in 0.00 ms.
Unloading 16 Unused Serialized files (Serialized files now loaded: 0)
Unloading 7182 unused Assets / (4.3 MB). Loaded Objects now: 8661.
Memory consumption went from 165.8 MB to 161.5 MB.
Total: 12.425600 ms (FindLiveObjects: 1.192600 ms CreateObjectMapping: 0.614000 ms MarkObjects: 7.012600 ms  DeleteObjects: 3.605100 ms)

Prepare: number of updated asset objects reloaded= 0
========================================================================
Received Prepare
Begin MonoManager ReloadAssembly
[Licensing::Client] Successfully resolved entitlement details
- Loaded All Assemblies, in  1.213 seconds
Refreshing native plugins compatible for Editor in 3.50 ms, found 5 plugins.
Native extension for WindowsStandalone target not found
[Package Manager] Failed to launch server process. Reason: Unity was launched with the -noUpm command-line argument
[Package Manager] Unable to send message (not connected to server process).
[Package Manager] Cannot connect to Unity Package Manager local server
[Package Manager] Failed to launch server process. Reason: Unity was launched with the -noUpm command-line argument
[Package Manager] Unable to send message (not connected to server process).
[Package Manager] Cannot connect to Unity Package Manager local server
ScheduleIndexationOnStartup MainProcess:False IndexOnStartup:True
Mono: successfully reloaded assembly
- Finished resetting the current domain, in  1.010 seconds
Domain Reload Profiling: 2226ms
	BeginReloadAssembly (372ms)
		ExecutionOrderSort (0ms)
		DisableScriptedObjects (20ms)
		BackupInstance (0ms)
		ReleaseScriptingObjects (0ms)
		CreateAndSetChildDomain (76ms)
	RebuildCommonClasses (58ms)
	RebuildNativeTypeToScriptingClass (22ms)
	initialDomainReloadingComplete (45ms)
	LoadAllAssembliesAndSetupDomain (719ms)
		LoadAssemblies (557ms)
		RebuildTransferFunctionScriptingTraits (0ms)
		AnalyzeDomain (356ms)
			TypeCache.Refresh (15ms)
				TypeCache.ScanAssembly (1ms)
			BuildScriptInfoCaches (316ms)
			ResolveRequiredComponents (18ms)
	FinalizeReload (1010ms)
		ReleaseScriptCaches (0ms)
		RebuildScriptCaches (0ms)
		SetupLoadedEditorAssemblies (778ms)
			LogAssemblyErrors (0ms)
			InitializePlatformSupportModulesInManaged (3ms)
			SetLoadedEditorAssemblies (7ms)
			BeforeProcessingInitializeOnLoad (199ms)
			ProcessInitializeOnLoadAttributes (475ms)
			ProcessInitializeOnLoadMethodAttributes (91ms)
			AfterProcessingInitializeOnLoad (2ms)
			EditorAssembliesLoaded (0ms)
		ExecutionOrderSort2 (0ms)
		AwakeInstancesAfterBackupRestoration (19ms)
Refreshing native plugins compatible for Editor in 2.73 ms, found 5 plugins.
Preloading 0 native plugins for Editor in 0.00 ms.
Unloading 16 Unused Serialized files (Serialized files now loaded: 0)
Unloading 7197 unused Assets / (4.1 MB). Loaded Objects now: 8664.
Memory consumption went from 165.7 MB to 161.6 MB.
Total: 10.954100 ms (FindLiveObjects: 1.199400 ms CreateObjectMapping: 0.553200 ms MarkObjects: 6.344300 ms  DeleteObjects: 2.855900 ms)

Prepare: number of updated asset objects reloaded= 0
